
> sherloq-web-engine@0.31.0-integration.24 test
> node --test tests/*.test.mjs

TAP version 13
# Subtest: Immediate concurrency uses the highest admitted capacity, evicts only cache and counts no preflight work
ok 1 - Immediate concurrency uses the highest admitted capacity, evicts only cache and counts no preflight work
  ---
  duration_ms: 0.986375
  type: 'test'
  ...
# Subtest: Concurrency decreases from actual slow work or resource failure and recovers from actual successful work
ok 2 - Concurrency decreases from actual slow work or resource failure and recovers from actual successful work
  ---
  duration_ms: 0.233417
  type: 'test'
  ...
# Subtest: Large browser memory hints are not capped at an arbitrary global four GiB
ok 3 - Large browser memory hints are not capped at an arbitrary global four GiB
  ---
  duration_ms: 0.28675
  type: 'test'
  ...
# Subtest: useful observations preserve decisions for other operation shapes and remain bounded
ok 4 - useful observations preserve decisions for other operation shapes and remain bounded
  ---
  duration_ms: 0.229375
  type: 'test'
  ...
# Subtest: Adjustment prefix caches skip source/local/global work for Otsu, fixed thresholds and inversion
ok 5 - Adjustment prefix caches skip source/local/global work for Otsu, fixed thresholds and inversion
  ---
  duration_ms: 606.892458
  type: 'test'
  ...
# Subtest: Adjustment cache is complete, private and evictable; cancelling cached or cold passes cleans partial output
ok 6 - Adjustment cache is complete, private and evictable; cancelling cached or cold passes cleans partial output
  ---
  duration_ms: 137.52475
  type: 'test'
  ...
# Subtest: Adjustment admits only useful workers and owned windows; all equalization modes and global histograms remain exact
ok 7 - Adjustment admits only useful workers and owned windows; all equalization modes and global histograms remain exact
  ---
  duration_ms: 1173.739125
  type: 'test'
  ...
# Subtest: Adjustment retries only resource failures once and cancels before releasing windows/stores
ok 8 - Adjustment retries only resource failures once and cancels before releasing windows/stores
  ---
  duration_ms: 386.329459
  type: 'test'
  ...
# Subtest: AKAZE complete native PNG/mask and original JPEG/TIFF pipelines are exact
ok 9 - AKAZE complete native PNG/mask and original JPEG/TIFF pipelines are exact
  ---
  duration_ms: 43351.792958
  type: 'test'
  ...
# Subtest: AKAZE cache identity, explicit detector choice, owned outputs, budget and cancellation
ok 10 - AKAZE cache identity, explicit detector choice, owned outputs, budget and cancellation
  ---
  duration_ms: 5590.956583
  type: 'test'
  ...
# Subtest: ALIKED support rows preserve native preparation 131x97
ok 11 - ALIKED support rows preserve native preparation 131x97
  ---
  duration_ms: 222.503625
  type: 'test'
  ...
# Subtest: ALIKED support rows preserve native preparation 1537x1031
ok 12 - ALIKED support rows preserve native preparation 1537x1031
  ---
  duration_ms: 495.781792
  type: 'test'
  ...
# Subtest: ALIKED support rows preserve native preparation 1024x1024
ok 13 - ALIKED support rows preserve native preparation 1024x1024
  ---
  duration_ms: 370.849
  type: 'test'
  ...
# Subtest: ALIKED support rows preserve native preparation 37x113
ok 14 - ALIKED support rows preserve native preparation 37x113
  ---
  duration_ms: 197.457791
  type: 'test'
  ...
# Subtest: ALIKED support rows preserve native preparation 2049x79
ok 15 - ALIKED support rows preserve native preparation 2049x79
  ---
  duration_ms: 40.126875
  type: 'test'
  ...
# Subtest: ALIKED row read failure and second admission failure release all working memory
ok 16 - ALIKED row read failure and second admission failure release all working memory
  ---
  duration_ms: 2.537208
  type: 'test'
  ...
# Subtest: ArrayBuffer refusal retires the optional backing before idle Wasm credit and waits for ownership ACK
ok 17 - ArrayBuffer refusal retires the optional backing before idle Wasm credit and waits for ownership ACK
  ---
  duration_ms: 5.975625
  type: 'test'
  ...
# Subtest: cold owners of the same backing domain precede unrelated accounting reclamation
ok 18 - cold owners of the same backing domain precede unrelated accounting reclamation
  ---
  duration_ms: 0.261
  type: 'test'
  ...
# Subtest: logical MEMORY_LIMIT keeps ordinary admission reclamation and preserves optional cache
ok 19 - logical MEMORY_LIMIT keeps ordinary admission reclamation and preserves optional cache
  ---
  duration_ms: 0.176042
  type: 'test'
  ...
# Subtest: allocation kind is explicit and GPU or Wasm faults are never tagged as ArrayBuffer pressure
ok 20 - allocation kind is explicit and GPU or Wasm faults are never tagged as ArrayBuffer pressure
  ---
  duration_ms: 0.235542
  type: 'test'
  ...
# Subtest: cancellation during ownership retirement never publishes premature backing credit or retries useful allocation
ok 21 - cancellation during ownership retirement never publishes premature backing credit or retries useful allocation
  ---
  duration_ms: 0.527166
  type: 'test'
  ...
# Subtest: serialized allocation reclaims report their own domain and ownership result
ok 22 - serialized allocation reclaims report their own domain and ownership result
  ---
  duration_ms: 0.248708
  type: 'test'
  ...
# Subtest: Whole-image scope cancels detection, clears exclusions and rejects all old generations; automatic mode can return
ok 23 - Whole-image scope cancels detection, clears exclusions and rejects all old generations; automatic mode can return
  ---
  duration_ms: 2.247875
  type: 'test'
  ...
# Subtest: Empty or failed detection does not silently run whole-image branches; unavailable adapters remain explicit
ok 24 - Empty or failed detection does not silently run whole-image branches; unavailable adapters remain explicit
  ---
  duration_ms: 0.61425
  type: 'test'
  ...
# Subtest: Cancellation and disposal suppress late errors as well as progress/results
ok 25 - Cancellation and disposal suppress late errors as well as progress/results
  ---
  duration_ms: 0.167042
  type: 'test'
  ...
# Subtest: A scope action dispatched synchronously by a UI event cannot reuse the previous generation
ok 26 - A scope action dispatched synchronously by a UI event cannot reuse the previous generation
  ---
  duration_ms: 0.155875
  type: 'test'
  ...
# Subtest: segmented palette, morphology, global components and borders match all 144 native panel cases
ok 27 - segmented palette, morphology, global components and borders match all 144 native panel cases
  ---
  duration_ms: 15491.394791
  type: 'test'
  ...
# Subtest: panel cancellation in sampling/growing and consumer failure leave no temporary results
ok 28 - panel cancellation in sampling/growing and consumer failure leave no temporary results
  ---
  duration_ms: 660.63025
  type: 'test'
  ...
# Subtest: Panel polygons equal the native original-byte oracle across palette, morphology, geometry and codec boundaries
ok 29 - Panel polygons equal the native original-byte oracle across palette, morphology, geometry and codec boundaries
  ---
  duration_ms: 2509.571959
  type: 'test'
  ...
# Subtest: Detector checks initial admission and admits cancellation events during useful flat and coloured work
ok 30 - Detector checks initial admission and admits cancellation events during useful flat and coloured work
  ---
  duration_ms: 18.927
  type: 'test'
  ...
# Subtest: Original PNG/JPEG/TIFF decode, original-byte provenance, polygons, half-open bounds and JSON are exact
ok 31 - Original PNG/JPEG/TIFF decode, original-byte provenance, polygons, half-open bounds and JSON are exact
  ---
  duration_ms: 6431.39225
  type: 'test'
  ...
# Subtest: Owned cache, resource refusals, cancelled useful work and actual scope detector adapter preserve explicit boundaries
ok 32 - Owned cache, resource refusals, cancelled useful work and actual scope detector adapter preserve explicit boundaries
  ---
  duration_ms: 834.733041
  type: 'test'
  ...
# Subtest: native half-open boxes and blackened crops preserve original RGB
ok 33 - native half-open boxes and blackened crops preserve original RGB
  ---
  duration_ms: 23.110709
  type: 'test'
  ...
# Subtest: D2PRL receives only native rectangles and output exclusions; disabled jobs have no request
ok 34 - D2PRL receives only native rectangles and output exclusions; disabled jobs have no request
  ---
  duration_ms: 0.792583
  type: 'test'
  ...
# Subtest: real analyzer boundary releases crops and partial outputs on failure, cancellation and invalid result
ok 35 - real analyzer boundary releases crops and partial outputs on failure, cancellation and invalid result
  ---
  duration_ms: 12.845
  type: 'test'
  ...
# Subtest: AI archive preserves native mask/role types and ordered raw D2PRL grids across chunks
ok 36 - AI archive preserves native mask/role types and ordered raw D2PRL grids across chunks
  ---
  duration_ms: 147.723958
  type: 'test'
  ...
# Subtest: AI snapshots reject mixed analyses, reordered grids, missing data and lossy role conversion
ok 37 - AI snapshots reject mixed analyses, reordered grids, missing data and lossy role conversion
  ---
  duration_ms: 48.278375
  type: 'test'
  ...
# Subtest: segmented D2PRL snapshot exports the same complete scientific archive and rejects mixed layouts
ok 38 - segmented D2PRL snapshot exports the same complete scientific archive and rejects mixed layouts
  ---
  duration_ms: 180.993375
  type: 'test'
  ...
# Subtest: native panel fallback, ordered identity, disabled zones and four real submissions
ok 39 - native panel fallback, ordered identity, disabled zones and four real submissions
  ---
  duration_ms: 3.475833
  type: 'test'
  ...
# Subtest: complete analysis adds only ELA; M3/M4 receive independent native settings
ok 40 - complete analysis adds only ELA; M3/M4 receive independent native settings
  ---
  duration_ms: 0.189458
  type: 'test'
  ...
# Subtest: selection and plan own coordinates; empty manual selection never becomes whole-image
ok 41 - selection and plan own coordinates; empty manual selection never becomes whole-image
  ---
  duration_ms: 0.445417
  type: 'test'
  ...
# Subtest: memory retry resumes after a peer releases its workspace while the long group still runs
ok 42 - memory retry resumes after a peer releases its workspace while the long group still runs
  ---
  duration_ms: 32.921292
  type: 'test'
  ...
# Subtest: persistent memory failure waits for peers and stops after five comparable failures even when alone
ok 43 - persistent memory failure waits for peers and stops after five comparable failures even when alone
  ---
  duration_ms: 263.320083
  type: 'test'
  ...
# Subtest: real allocation failure waits for a peer and retains already completed scientific results
ok 44 - real allocation failure waits for a peer and retains already completed scientific results
  ---
  duration_ms: 28.37625
  type: 'test'
  ...
# Subtest: persistent allocator refusal stops after bounded peer-settlement retries and preserves its cause
ok 45 - persistent allocator refusal stops after bounded peer-settlement retries and preserves its cause
  ---
  duration_ms: 258.556417
  type: 'test'
  ...
# Subtest: useful parallel admission retries only failed groups; independent view caches retain owned frames
ok 46 - useful parallel admission retries only failed groups; independent view caches retain owned frames
  ---
  duration_ms: 32.584625
  type: 'test'
  ...
# Subtest: cancel retains completed groups and disposes late provider results; partial inspection remains available
ok 47 - cancel retains completed groups and disposes late provider results; partial inspection remains available
  ---
  duration_ms: 3.751667
  type: 'test'
  ...
# Subtest: disabled selections invoke no providers; missing engines stay explicit failures
ok 48 - disabled selections invoke no providers; missing engines stay explicit failures
  ---
  duration_ms: 0.811542
  type: 'test'
  ...
# Subtest: disposing during an asynchronous entry preparation disposes its late owner
ok 49 - disposing during an asynchronous entry preparation disposes its late owner
  ---
  duration_ms: 0.496375
  type: 'test'
  ...
# Subtest: real selected ELA composition stays alive through cached frames and session disposal
ok 50 - real selected ELA composition stays alive through cached frames and session disposal
  ---
  duration_ms: 214.848667
  type: 'test'
  ...
# Subtest: scientific snapshot holds raw and prepared owners and excludes concurrent refilters
ok 51 - scientific snapshot holds raw and prepared owners and excludes concurrent refilters
  ---
  duration_ms: 1.28925
  type: 'test'
  ...
# Subtest: disposal cancels the snapshot consumer and waits for all of its owners
ok 52 - disposal cancels the snapshot consumer and waits for all of its owners
  ---
  duration_ms: 0.519333
  type: 'test'
  ...
# Subtest: completed raw planes release RAM under pressure without rerunning their provider or losing export ownership
ok 53 - completed raw planes release RAM under pressure without rerunning their provider or losing export ownership
  ---
  duration_ms: 2.726
  type: 'test'
  ...
# Subtest: a lone raw allocator failure resumes at full configured capacity and preserves its output
ok 54 - a lone raw allocator failure resumes at full configured capacity and preserves its output
  ---
  duration_ms: 27.798
  type: 'test'
  ...
# Subtest: more than five successive incidents with committed high-water progress can finish without a lifetime cap
ok 55 - more than five successive incidents with committed high-water progress can finish without a lifetime cap
  ---
  duration_ms: 212.654292
  type: 'test'
  ...
# Subtest: replayed provider progress does not evade the five-failure guard and keeps original diagnostics
ok 56 - replayed provider progress does not evade the five-failure guard and keeps original diagnostics
  ---
  duration_ms: 257.971541
  type: 'test'
  ...
# Subtest: an exhausted inner recovery loop is terminal to the session instead of five fresh provider starts
ok 57 - an exhausted inner recovery loop is terminal to the session instead of five fresh provider starts
  ---
  duration_ms: 1.696958
  type: 'test'
  ...
# Subtest: recovery does not lower admission of other useful providers or replay their completed results
ok 58 - recovery does not lower admission of other useful providers or replay their completed results
  ---
  duration_ms: 27.00375
  type: 'test'
  ...
# Subtest: cancelling a recovery delay releases pressure and never launches the next attempt
ok 59 - cancelling a recovery delay releases pressure and never launches the next attempt
  ---
  duration_ms: 0.605667
  type: 'test'
  ...
# Subtest: entry preparation retries preserve scientific raw and the previous display owner until successful replacement
ok 60 - entry preparation retries preserve scientific raw and the previous display owner until successful replacement
  ---
  duration_ms: 28.63375
  type: 'test'
  ...
# Subtest: a reclaimer allocation failure stays within the same five-failure guard without replaying the provider
ok 61 - a reclaimer allocation failure stays within the same five-failure guard without replaying the provider
  ---
  duration_ms: 236.930458
  type: 'test'
  ...
# Subtest: unrelated provider defects are terminal immediately with their original stack preserved
ok 62 - unrelated provider defects are terminal immediately with their original stack preserved
  ---
  duration_ms: 0.571333
  type: 'test'
  ...
# Subtest: a suspended provider resumes on backing retirement while an admitted peer continues
ok 63 - a suspended provider resumes on backing retirement while an admitted peer continues
  ---
  duration_ms: 4.512833
  type: 'test'
  ...
# Subtest: public integration facade preserves explicit missing engines and caller-owned source
ok 64 - public integration facade preserves explicit missing engines and caller-owned source
  ---
  duration_ms: 49.14025
  type: 'test'
  ...
# Subtest: all-disabled complete selection allocates no ELA provider or fallback analysis
ok 65 - all-disabled complete selection allocates no ELA provider or fallback analysis
  ---
  duration_ms: 3.658583
  type: 'test'
  ...
# Subtest: complete native cell/Ghost/background and energy selections preserve global references
ok 66 - complete native cell/Ghost/background and energy selections preserve global references
  ---
  duration_ms: 1081.196291
  type: 'test'
  ...
# Subtest: selection/segmentation cancellation, consumer errors and invalid parameters release partial state
ok 67 - selection/segmentation cancellation, consumer errors and invalid parameters release partial state
  ---
  duration_ms: 90.127042
  type: 'test'
  ...
# Subtest: global automatic archive adds native method/context counts, deduplicated pairs and exact mask/cell arrays
ok 68 - global automatic archive adds native method/context counts, deduplicated pairs and exact mask/cell arrays
  ---
  duration_ms: 93.464667
  type: 'test'
  ...
# Subtest: corroboration-stage abort, output-stage abort and metadata failures clean all owned scratch data
ok 69 - corroboration-stage abort, output-stage abort and metadata failures clean all owned scratch data
  ---
  duration_ms: 157.018083
  type: 'test'
  ...
# Subtest: translated M2 source crops preserve native black exclusions and borrowed source
ok 70 - translated M2 source crops preserve native black exclusions and borrowed source
  ---
  duration_ms: 19.104875
  type: 'test'
  ...
# Subtest: global segmented AI fields, analyzed exclusions and NPZ match contiguous assembly across overlapping zones
ok 71 - global segmented AI fields, analyzed exclusions and NPZ match contiguous assembly across overlapping zones
  ---
  duration_ms: 61.824541
  type: 'test'
  ...
# Subtest: paged automatic source failures and cancellation leave no output/window leases
ok 72 - paged automatic source failures and cancellation leave no output/window leases
  ---
  duration_ms: 12.174709
  type: 'test'
  ...
# Subtest: native automatic snapshot recursively exports all dtypes, shapes and Python scientific scalars
ok 73 - native automatic snapshot recursively exports all dtypes, shapes and Python scientific scalars
  ---
  duration_ms: 96.151125
  type: 'test'
  ...
# Subtest: invalid snapshots, path collisions, boolean payloads and cancellation cannot publish partial archives
ok 74 - invalid snapshots, path collisions, boolean payloads and cancellation cannot publish partial archives
  ---
  duration_ms: 34.212416
  type: 'test'
  ...
# Subtest: native BGR byte view preserves partial-pixel windows, exact source hash and source immutability
ok 75 - native BGR byte view preserves partial-pixel windows, exact source hash and source immutability
  ---
  duration_ms: 50.29275
  type: 'test'
  ...
# Subtest: classical snapshots retain native array types, int64 biome indices and full dense fields
ok 76 - classical snapshots retain native array types, int64 biome indices and full dense fields
  ---
  duration_ms: 93.626042
  type: 'test'
  ...
# Subtest: classical snapshot rejects ambiguous arrays and preserves empty native matrices
ok 77 - classical snapshot rejects ambiguous arrays and preserves empty native matrices
  ---
  duration_ms: 9.695667
  type: 'test'
  ...
# Subtest: paged dense fields export every native byte and reject unmarked or truncated stores
ok 78 - paged dense fields export every native byte and reject unmarked or truncated stores
  ---
  duration_ms: 138.099792
  type: 'test'
  ...
# Subtest: public complete analysis preserves all-disabled scope, cached identity, explicit views and independent export lifetime
ok 79 - public complete analysis preserves all-disabled scope, cached identity, explicit views and independent export lifetime
  ---
  duration_ms: 74.252208
  type: 'test'
  ...
# Subtest: invalid automatic configuration and early cancellation never leak or fabricate completed detectors
ok 80 - invalid automatic configuration and early cancellation never leak or fabricate completed detectors
  ---
  duration_ms: 1.949792
  type: 'test'
  ...
# Subtest: partial automatic archive records unavailable engines and real original BGR identity without fabricating results
ok 81 - partial automatic archive records unavailable engines and real original BGR identity without fabricating results
  ---
  duration_ms: 35.409625
  type: 'test'
  ...
# Subtest: export refuses inconsistent view filters and cleans snapshot owners after missing source
ok 82 - export refuses inconsistent view filters and cleans snapshot owners after missing source
  ---
  duration_ms: 2.054417
  type: 'test'
  ...
# Subtest: automatic sparse adapter forwards lazy source storage and leaves borrowed session ownership with the source
ok 83 - automatic sparse adapter forwards lazy source storage and leaves borrowed session ownership with the source
  ---
  duration_ms: 11.917959
  type: 'test'
  ...
# Subtest: automatic SIFT consumes bounded source rows and windows without retaining full RGB
ok 84 - automatic SIFT consumes bounded source rows and windows without retaining full RGB
  ---
  duration_ms: 264.610833
  type: 'test'
  ...
# Subtest: complete display selections match actual native widget methods
ok 85 - complete display selections match actual native widget methods
  ---
  duration_ms: 1.879333
  type: 'test'
  ...
# Subtest: view and export share global source/branch/family controls and restore per-tab presentation
ok 86 - view and export share global source/branch/family controls and restore per-tab presentation
  ---
  duration_ms: 1.023375
  type: 'test'
  ...
# Subtest: BigTIFF native RGB/grayscale, first frame, byte order and mapped tiles
ok 87 - BigTIFF native RGB/grayscale, first frame, byte order and mapped tiles
  ---
  duration_ms: 199.91975
  type: 'test'
  ...
# Subtest: BigTIFF keeps non-safe scalar integers exact and refuses unsafe offsets/counts
ok 88 - BigTIFF keeps non-safe scalar integers exact and refuses unsafe offsets/counts
  ---
  duration_ms: 1.17675
  type: 'test'
  ...
# Subtest: original grayscale db8 axes, medians and rendered maps match native across orientation and block sizes
ok 89 - original grayscale db8 axes, medians and rendered maps match native across orientation and block sizes
  ---
  duration_ms: 870.255292
  type: 'test'
  ...
# Subtest: fallback loaded grayscale and cancellation retain global boundaries and clean stores
ok 90 - fallback loaded grayscale and cancellation retain global boundaries and clean stores
  ---
  duration_ms: 890.729541
  type: 'test'
  ...
# Subtest: Wavelet blocking preserves original-file grayscale, exact 1094 noise maps/displays and cache ownership
ok 91 - Wavelet blocking preserves original-file grayscale, exact 1094 noise maps/displays and cache ownership
  ---
  duration_ms: 5043.505958
  type: 'test'
  ...
# Subtest: recovery tokens are concurrent, reentrant, idempotent, and leave the policy budget unchanged
ok 92 - recovery tokens are concurrent, reentrant, idempotent, and leave the policy budget unchanged
  ---
  duration_ms: 4.799875
  type: 'test'
  ...
# Subtest: a cancelled asynchronous reclaim releases its recovery token in finally
ok 93 - a cancelled asynchronous reclaim releases its recovery token in finally
  ---
  duration_ms: 1.978583
  type: 'test'
  ...
# Subtest: shared pages remain readable while concurrent recovery protects reclaimed RAM for a useful retry
ok 94 - shared pages remain readable while concurrent recovery protects reclaimed RAM for a useful retry
  ---
  duration_ms: 37.699208
  type: 'test'
  ...
# Subtest: new optional cache metadata is deferred during recovery and a later reader can connect
ok 95 - new optional cache metadata is deferred during recovery and a later reader can connect
  ---
  duration_ms: 0.925292
  type: 'test'
  ...
# Subtest: mutable byte pages flush eviction, preserve prepared windows, and have synchronous hits
ok 96 - mutable byte pages flush eviction, preserve prepared windows, and have synchronous hits
  ---
  duration_ms: 2.582834
  type: 'test'
  ...
# Subtest: page I/O errors, abort, and refusal release the bounded cache
ok 97 - page I/O errors, abort, and refusal release the bounded cache
  ---
  duration_ms: 0.3055
  type: 'test'
  ...
# Subtest: bounded official SDK and native state policy match current c2patool offline cases
ok 98 - bounded official SDK and native state policy match current c2patool offline cases
  ---
  duration_ms: 207.594
  type: 'test'
  ...
# Subtest: trust configuration admits inline PEM only; unknown and failure remain distinct
ok 99 - trust configuration admits inline PEM only; unknown and failure remain distinct
  ---
  duration_ms: 0.569083
  type: 'test'
  ...
# Subtest: Candidate radix sorting stays exact beyond a uint32 image key in both RAM and bounded external paths
ok 100 - Candidate radix sorting stays exact beyond a uint32 image key in both RAM and bounded external paths
  ---
  duration_ms: 84.85575
  type: 'test'
  ...
# Subtest: External sort cancellation disposes its extra arrays and leaves input ownership with the caller
ok 101 - External sort cancellation disposes its extra arrays and leaves input ownership with the caller
  ---
  duration_ms: 4.146541
  type: 'test'
  ...
# Subtest: CSV pages handle empty tables and release reservations on cancellation or failed reads
ok 102 - CSV pages handle empty tables and release reservations on cancellation or failed reads
  ---
  duration_ms: 0.343458
  type: 'test'
  ...
# Subtest: CAT-Net crops stored padding before all eight native EXIF orientations
ok 103 - CAT-Net crops stored padding before all eight native EXIF orientations
  ---
  duration_ms: 7.9375
  type: 'test'
  ...
# Subtest: segmented CAT-Net cropping/orientation equals dense mapping across internal tiles
ok 104 - segmented CAT-Net cropping/orientation equals dense mapping across internal tiles
  ---
  duration_ms: 154.651666
  type: 'test'
  ...
# Subtest: native annotations and pair ownership before hull construction
ok 105 - native annotations and pair ownership before hull construction
  ---
  duration_ms: 2.453917
  type: 'test'
  ...
# Subtest: uint32 method/context counts and holes match native through stripe boundaries
ok 106 - uint32 method/context counts and holes match native through stripe boundaries
  ---
  duration_ms: 1715.296667
  type: 'test'
  ...
# Subtest: D2PRL votes once across arbitrary pass contexts; counts do not saturate at display six
ok 107 - D2PRL votes once across arbitrary pass contexts; counts do not saturate at display six
  ---
  duration_ms: 396.306833
  type: 'test'
  ...
# Subtest: almost identical endpoint pairs deduplicate only presentation, retaining AI separately
ok 108 - almost identical endpoint pairs deduplicate only presentation, retaining AI separately
  ---
  duration_ms: 10.946541
  type: 'test'
  ...
# Subtest: relation filtering affects classical layers only and ELA never enters corroboration
ok 109 - relation filtering affects classical layers only and ELA never enters corroboration
  ---
  duration_ms: 0.299667
  type: 'test'
  ...
# Subtest: cancellation and consumer failures release stripe workspaces and guard reentrance
ok 110 - cancellation and consumer failures release stripe workspaces and guard reentrance
  ---
  duration_ms: 42.627
  type: 'test'
  ...
# Subtest: tab/mode preferences restore ELA and relations without scheduling inference
ok 111 - tab/mode preferences restore ELA and relations without scheduling inference
  ---
  duration_ms: 1.993334
  type: 'test'
  ...
# Subtest: native float32 hulls, Python JSON stable ids and BGR colors
ok 112 - native float32 hulls, Python JSON stable ids and BGR colors
  ---
  duration_ms: 66.598125
  type: 'test'
  ...
# Subtest: native D2PRL exact masks, holes, external contours, component order and stable identities
ok 113 - native D2PRL exact masks, holes, external contours, component order and stable identities
  ---
  duration_ms: 761.951167
  type: 'test'
  ...
# Subtest: native Forgeryscope filtering, display polygons, duplicate identities and source offsets
ok 114 - native Forgeryscope filtering, display polygons, duplicate identities and source offsets
  ---
  duration_ms: 63.438208
  type: 'test'
  ...
# Subtest: D2PRL threshold changes require real cached-grid refilter, with cleanup on cancellation
ok 115 - D2PRL threshold changes require real cached-grid refilter, with cleanup on cancellation
  ---
  duration_ms: 416.571167
  type: 'test'
  ...
# Subtest: ORB32 and AKAZE61 Hamming include the final byte and preserve native tie order across batches
ok 116 - ORB32 and AKAZE61 Hamming include the final byte and preserve native tie order across batches
  ---
  duration_ms: 122.491
  type: 'test'
  ...
# Subtest: AKAZE selection keeps all 61 descriptor bytes and refuses mismatched strides
ok 117 - AKAZE selection keeps all 61 descriptor bytes and refuses mismatched strides
  ---
  duration_ms: 1.518708
  type: 'test'
  ...
# Subtest: endpoint index preserves every native geometry row, duplicate rule and order
ok 118 - endpoint index preserves every native geometry row, duplicate rule and order
  ---
  duration_ms: 267.670125
  type: 'test'
  ...
# Subtest: endpoint index matches direct predicates around cell/norm boundaries and reversed pairs
ok 119 - endpoint index matches direct predicates around cell/norm boundaries and reversed pairs
  ---
  duration_ms: 158.567875
  type: 'test'
  ...
# {"rows":100000,"outputIndices":199900,"metrics":{"cloningGroupWorkers":1,"cloningGroupCandidateRows":149800,"cloningGroupAllPairRows":4999950000},"workspacePeakBytes":64861424,"borrowedInputBytes":13600000}
# Subtest: 100000 historical correspondences retain all ordered local groups without a quadratic scan
ok 120 - 100000 historical correspondences retain all ordered local groups without a quadratic scan
  ---
  duration_ms: 597.217667
  type: 'test'
  ...
# Subtest: ORB native arithmetic primitives and reference identities
ok 121 - ORB native arithmetic primitives and reference identities
  ---
  duration_ms: 227.722833
  type: 'test'
  ...
# Subtest: ORB PNG, binary-mask, geometry and rendering pipelines match native
ok 122 - ORB PNG, binary-mask, geometry and rendering pipelines match native
  ---
  duration_ms: 76287.421833
  type: 'test'
  ...
# Subtest: ORB caches, owned results, mask invalidation, admission and cancellation
ok 123 - ORB caches, owned results, mask invalidation, admission and cancellation
  ---
  duration_ms: 356.367625
  type: 'test'
  ...
# Subtest: ORB geometry resource retry preserves native groups and monotonic progress
ok 124 - ORB geometry resource retry preserves native groups and monotonic progress
  ---
  duration_ms: 2.379333
  type: 'test'
  ...
# Subtest: Backbone rejects invalid structure before admission and rolls back partial helper setup
ok 125 - Backbone rejects invalid structure before admission and rolls back partial helper setup
  ---
  duration_ms: 6.0625
  type: 'test'
  ...
# Subtest: Backbone read failure and malformed verified bytes release temporary input leases and permit retry
ok 126 - Backbone read failure and malformed verified bytes release temporary input leases and permit retry
  ---
  duration_ms: 5.659
  type: 'test'
  ...
# Subtest: Backbone cancellation during parameter fetch frees borrowed input and read reservations
ok 127 - Backbone cancellation during parameter fetch frees borrowed input and read reservations
  ---
  duration_ms: 3.14725
  type: 'test'
  ...
# Subtest: The staged postprocessor admits every supported largest tile within a real32MiB heap ceiling
ok 128 - The staged postprocessor admits every supported largest tile within a real32MiB heap ceiling
  ---
  duration_ms: 18.225667
  type: 'test'
  ...
# Subtest: Hybrid refuses geometry, pre-abort and missing worker headroom before creating a worker or GPU
ok 129 - Hybrid refuses geometry, pre-abort and missing worker headroom before creating a worker or GPU
  ---
  duration_ms: 3.952792
  type: 'test'
  ...
# Subtest: Resident correlation constructor releases every buffer and reservation when bind group construction fails
ok 130 - Resident correlation constructor releases every buffer and reservation when bind group construction fails
  ---
  duration_ms: 4.211167
  type: 'test'
  ...
# Subtest: Native depthwise Winograd float32 order preserves complete tensors, odd borders and bias
ok 131 - Native depthwise Winograd float32 order preserves complete tensors, odd borders and bias
  ---
  duration_ms: 34.931917
  type: 'test'
  ...
# {"source":{"different":0,"max":0,"mae":0},"recompression":{"different":0,"max":0,"mae":0}}
# Subtest: JPEG source and recompression measured independently
ok 132 - JPEG source and recompression measured independently
  ---
  duration_ms: 22.217708
  type: 'test'
  ...
# Subtest: Rejects unsupported format and malformed source without canvas conversion
ok 133 - Rejects unsupported format and malformed source without canvas conversion
  ---
  duration_ms: 0.369792
  type: 'test'
  ...
# Subtest: JPEG parity one.jpg: all declared qualities
ok 134 - JPEG parity one.jpg: all declared qualities
  ---
  duration_ms: 14.032333
  type: 'test'
  ...
# Subtest: JPEG parity odd.jpg: all declared qualities
ok 135 - JPEG parity odd.jpg: all declared qualities
  ---
  duration_ms: 13.733041
  type: 'test'
  ...
# Subtest: JPEG parity gray.jpg: all declared qualities
ok 136 - JPEG parity gray.jpg: all declared qualities
  ---
  duration_ms: 15.651958
  type: 'test'
  ...
# Subtest: JPEG parity progressive.jpg: all declared qualities
ok 137 - JPEG parity progressive.jpg: all declared qualities
  ---
  duration_ms: 14.417041
  type: 'test'
  ...
# Subtest: JPEG parity large-pattern.jpg: all declared qualities
ok 138 - JPEG parity large-pattern.jpg: all declared qualities
  ---
  duration_ms: 25.273292
  type: 'test'
  ...
# Subtest: JPEG parity bench-512.jpg: all declared qualities
ok 139 - JPEG parity bench-512.jpg: all declared qualities
  ---
  duration_ms: 83.664209
  type: 'test'
  ...
# Subtest: JPEG parity bench-1024.jpg: all declared qualities
ok 140 - JPEG parity bench-1024.jpg: all declared qualities
  ---
  duration_ms: 266.848125
  type: 'test'
  ...
# Subtest: Comparison histograms retain exact integer populations beyond 2^24
ok 141 - Comparison histograms retain exact integer populations beyond 2^24
  ---
  duration_ms: 1238.154917
  type: 'test'
  ...
# comparison reference passed: tiny
# comparison reference passed: small
# comparison reference passed: zero
# comparison reference passed: constant
# comparison reference passed: same
# comparison reference passed: shift
# comparison reference passed: brightness
# comparison reference passed: noise
# comparison reference passed: random
# comparison reference passed: gamma
# comparison reference passed: large
# comparison reference passed: row
# comparison reference passed: column
# comparison reference passed: narrow
# comparison reference passed: inverse
# comparison reference passed: impulse
# comparison reference passed: gradient
# comparison reference passed: checker
# comparison reference passed: saturated
# comparison reference passed: edge8
# comparison reference passed: edge9
# comparison reference passed: edge10
# comparison reference passed: edge11
# comparison reference passed: edge17
# comparison reference passed: edge31
# comparison reference passed: edge33
# comparison reference passed: edge79
# comparison reference passed: edge80
# comparison reference passed: edge81
# comparison reference passed: edge175
# comparison reference passed: edge176
# comparison reference passed: edge177
# comparison reference passed: megapixel
# Subtest: comparison segmented input preserves all twenty metrics and four rendered views
ok 142 - comparison segmented input preserves all twenty metrics and four rendered views
  ---
  duration_ms: 71506.241041
  type: 'test'
  ...
# Subtest: comparison cancellation disposes output and preserves metric caches transactionally
ok 143 - comparison cancellation disposes output and preserves metric caches transactionally
  ---
  duration_ms: 46.014958
  type: 'test'
  ...
# Subtest: Comparison guarded binary64 arithmetic equals software FMA on IEEE boundaries and rounding traps
ok 144 - Comparison guarded binary64 arithmetic equals software FMA on IEEE boundaries and rounding traps
  ---
  duration_ms: 2417.433959
  type: 'test'
  ...
# Subtest: Comparison optimized Sewar scores are bit-identical to the selectable software FMA reference
ok 145 - Comparison optimized Sewar scores are bit-identical to the selectable software FMA reference
  ---
  duration_ms: 85259.862958
  type: 'test'
  ...
# Subtest: Comparison exposes all 20 native measures and all 528 exact display variants
ok 146 - Comparison exposes all 20 native measures and all 528 exact display variants
  ---
  duration_ms: 36940.095875
  type: 'test'
  ...
# Subtest: Pair cache tracks both image lifetimes, including reused IDs with identical original bytes
ok 147 - Pair cache tracks both image lifetimes, including reused IDs with identical original bytes
  ---
  duration_ms: 25.477917
  type: 'test'
  ...
# Subtest: Comparison rejects invalid pairs, budgets and parameters; cancellation is recoverable
ok 148 - Comparison rejects invalid pairs, budgets and parameters; cancellation is recoverable
  ---
  duration_ms: 342.965667
  type: 'test'
  ...
# Subtest: Composite policy and selected-model counters survive dense and windowed NPZ
ok 149 - Composite policy and selected-model counters survive dense and windowed NPZ
  ---
  duration_ms: 11.494042
  type: 'test'
  ...
# Subtest: Contrast core rows preserve native derivatives/padded block maps and all159 median/nearest displays
ok 150 - Contrast core rows preserve native derivatives/padded block maps and all159 median/nearest displays
  ---
  duration_ms: 756.574167
  type: 'test'
  ...
# Subtest: Contrast maps and three views preserve all native block sizes, padding and indicator arithmetic
ok 151 - Contrast maps and three views preserve all native block sizes, padding and indicator arithmetic
  ---
  duration_ms: 833.866958
  type: 'test'
  ...
# Subtest: Native paired biomes: translation
ok 152 - Native paired biomes: translation
  ---
  duration_ms: 5.420083
  type: 'test'
  ...
# Subtest: Native paired biomes: reversed
ok 153 - Native paired biomes: reversed
  ---
  duration_ms: 0.79525
  type: 'test'
  ...
# Subtest: Native paired biomes: independent-contexts
ok 154 - Native paired biomes: independent-contexts
  ---
  duration_ms: 1.038417
  type: 'test'
  ...
# Subtest: Native paired biomes: disjoint-small-groups
ok 155 - Native paired biomes: disjoint-small-groups
  ---
  duration_ms: 0.620833
  type: 'test'
  ...
# Subtest: Native paired biomes: large-connected-no-area-cap
ok 156 - Native paired biomes: large-connected-no-area-cap
  ---
  duration_ms: 0.763167
  type: 'test'
  ...
# Subtest: Native paired biomes: empty
ok 157 - Native paired biomes: empty
  ---
  duration_ms: 0.250791
  type: 'test'
  ...
# Subtest: Native paired biomes: duplicate-zero-tolerance
ok 158 - Native paired biomes: duplicate-zero-tolerance
  ---
  duration_ms: 0.237459
  type: 'test'
  ...
# Subtest: Native paired biomes: boundary
ok 159 - Native paired biomes: boundary
  ---
  duration_ms: 0.314792
  type: 'test'
  ...
# Subtest: paired biomes cancellation, invalid endpoints and admission
ok 160 - paired biomes cancellation, invalid endpoints and admission
  ---
  duration_ms: 0.725042
  type: 'test'
  ...
# Subtest: translation
ok 161 - translation
  ---
  duration_ms: 32.425791
  type: 'test'
  ...
# Subtest: similarity
ok 162 - similarity
  ---
  duration_ms: 10.171875
  type: 'test'
  ...
# Subtest: reflection
ok 163 - reflection
  ---
  duration_ms: 9.504667
  type: 'test'
  ...
# Subtest: two-models
ok 164 - two-models
  ---
  duration_ms: 20.6495
  type: 'test'
  ...
# Subtest: outliers
ok 165 - outliers
  ---
  duration_ms: 9.097417
  type: 'test'
  ...
# Subtest: homography
ok 166 - homography
  ---
  duration_ms: 12.495167
  type: 'test'
  ...
# Subtest: insufficient-centres
ok 167 - insufficient-centres
  ---
  duration_ms: 7.893084
  type: 'test'
  ...
# Subtest: self-overlap
ok 168 - self-overlap
  ---
  duration_ms: 7.646
  type: 'test'
  ...
# Subtest: near-identity
ok 169 - near-identity
  ---
  duration_ms: 13.899458
  type: 'test'
  ...
# Subtest: none
ok 170 - none
  ---
  duration_ms: 7.247792
  type: 'test'
  ...
# Subtest: independent-groups
ok 171 - independent-groups
  ---
  duration_ms: 15.309042
  type: 'test'
  ...
# Subtest: cancellation and mandatory memory admission
ok 172 - cancellation and mandatory memory admission
  ---
  duration_ms: 0.560291
  type: 'test'
  ...
# Subtest: SIFT model scale/anisotropy filters
ok 173 - SIFT model scale/anisotropy filters
  ---
  duration_ms: 0.123667
  type: 'test'
  ...
# Subtest: unverified normal groups remain aligned with verified reflected groups
ok 174 - unverified normal groups remain aligned with verified reflected groups
  ---
  duration_ms: 24.0315
  type: 'test'
  ...
# Subtest: Homography and global hull accept 100001 correspondences without a count cutoff
ok 175 - Homography and global hull accept 100001 correspondences without a count cutoff
  ---
  duration_ms: 111.666417
  type: 'test'
  ...
# Subtest: geometric verification terminates by exhausted matches beyond 2000 models
ok 176 - geometric verification terminates by exhausted matches beyond 2000 models
  ---
  duration_ms: 2698.075125
  type: 'test'
  ...
# Subtest: float-global
ok 177 - float-global
  ---
  duration_ms: 18.057083
  type: 'test'
  ...
# Subtest: float-zones
ok 178 - float-zones
  ---
  duration_ms: 14.61125
  type: 'test'
  ...
# Subtest: float-compare
ok 179 - float-compare
  ---
  duration_ms: 3.497583
  type: 'test'
  ...
# Subtest: float-gap
ok 180 - float-gap
  ---
  duration_ms: 26.508042
  type: 'test'
  ...
# Subtest: float-compact
ok 181 - float-compact
  ---
  duration_ms: 3.104292
  type: 'test'
  ...
# Subtest: binary-global
ok 182 - binary-global
  ---
  duration_ms: 2.525584
  type: 'test'
  ...
# Subtest: binary-zones
ok 183 - binary-zones
  ---
  duration_ms: 29.745
  type: 'test'
  ...
# Subtest: binary-compare
ok 184 - binary-compare
  ---
  duration_ms: 1.982291
  type: 'test'
  ...
# Subtest: binary-gap
ok 185 - binary-gap
  ---
  duration_ms: 1.710166
  type: 'test'
  ...
# Subtest: binary-compact
ok 186 - binary-compact
  ---
  duration_ms: 1.925208
  type: 'test'
  ...
# Subtest: native SIFT and RootSIFT descriptor normalization
ok 187 - native SIFT and RootSIFT descriptor normalization
  ---
  duration_ms: 26.984875
  type: 'test'
  ...
# Subtest: normalization cancelled before useful work
ok 188 - normalization cancelled before useful work
  ---
  duration_ms: 0.474958
  type: 'test'
  ...
# Subtest: native cKDTree leaf order 0-random
ok 189 - native cKDTree leaf order 0-random
  ---
  duration_ms: 9.376333
  type: 'test'
  ...
# Subtest: native cKDTree leaf order 0-ties
ok 190 - native cKDTree leaf order 0-ties
  ---
  duration_ms: 1.823291
  type: 'test'
  ...
# Subtest: native cKDTree leaf order 0-identical
ok 191 - native cKDTree leaf order 0-identical
  ---
  duration_ms: 1.476791
  type: 'test'
  ...
# Subtest: native cKDTree leaf order 1-random
ok 192 - native cKDTree leaf order 1-random
  ---
  duration_ms: 11.145417
  type: 'test'
  ...
# Subtest: native cKDTree leaf order 1-ties
ok 193 - native cKDTree leaf order 1-ties
  ---
  duration_ms: 1.000583
  type: 'test'
  ...
# Subtest: native cKDTree leaf order 1-identical
ok 194 - native cKDTree leaf order 1-identical
  ---
  duration_ms: 0.625166
  type: 'test'
  ...
# Subtest: native cKDTree leaf order 16-random
ok 195 - native cKDTree leaf order 16-random
  ---
  duration_ms: 0.763
  type: 'test'
  ...
# Subtest: native cKDTree leaf order 16-ties
ok 196 - native cKDTree leaf order 16-ties
  ---
  duration_ms: 1.607375
  type: 'test'
  ...
# Subtest: native cKDTree leaf order 16-identical
ok 197 - native cKDTree leaf order 16-identical
  ---
  duration_ms: 1.628375
  type: 'test'
  ...
# Subtest: native cKDTree leaf order 17-random
ok 198 - native cKDTree leaf order 17-random
  ---
  duration_ms: 1.009667
  type: 'test'
  ...
# Subtest: native cKDTree leaf order 17-ties
ok 199 - native cKDTree leaf order 17-ties
  ---
  duration_ms: 0.888333
  type: 'test'
  ...
# Subtest: native cKDTree leaf order 17-identical
ok 200 - native cKDTree leaf order 17-identical
  ---
  duration_ms: 4.396958
  type: 'test'
  ...
# Subtest: native cKDTree leaf order 40-random
ok 201 - native cKDTree leaf order 40-random
  ---
  duration_ms: 3.837458
  type: 'test'
  ...
# Subtest: native cKDTree leaf order 40-ties
ok 202 - native cKDTree leaf order 40-ties
  ---
  duration_ms: 4.33825
  type: 'test'
  ...
# Subtest: native cKDTree leaf order 40-identical
ok 203 - native cKDTree leaf order 40-identical
  ---
  duration_ms: 0.988333
  type: 'test'
  ...
# Subtest: native cKDTree leaf order 801-random
ok 204 - native cKDTree leaf order 801-random
  ---
  duration_ms: 0.75075
  type: 'test'
  ...
# Subtest: native cKDTree leaf order 801-ties
ok 205 - native cKDTree leaf order 801-ties
  ---
  duration_ms: 2.381208
  type: 'test'
  ...
# Subtest: native cKDTree leaf order 801-identical
ok 206 - native cKDTree leaf order 801-identical
  ---
  duration_ms: 0.561292
  type: 'test'
  ...
# Subtest: native cKDTree leaf order 4096-random
ok 207 - native cKDTree leaf order 4096-random
  ---
  duration_ms: 4.571083
  type: 'test'
  ...
# Subtest: native cKDTree leaf order 4096-ties
ok 208 - native cKDTree leaf order 4096-ties
  ---
  duration_ms: 3.191709
  type: 'test'
  ...
# Subtest: native cKDTree leaf order 4096-identical
ok 209 - native cKDTree leaf order 4096-identical
  ---
  duration_ms: 3.080916
  type: 'test'
  ...
# Subtest: native cKDTree leaf order ORB/positive/Affine
ok 210 - native cKDTree leaf order ORB/positive/Affine
  ---
  duration_ms: 2.522708
  type: 'test'
  ...
# Subtest: native cKDTree leaf order AKAZE/positive/Affine
ok 211 - native cKDTree leaf order AKAZE/positive/Affine
  ---
  duration_ms: 0.549583
  type: 'test'
  ...
# Subtest: D2PRL rejects unqualified identities and relative URLs before fetching or reserving
ok 212 - D2PRL rejects unqualified identities and relative URLs before fetching or reserving
  ---
  duration_ms: 2.131666
  type: 'test'
  ...
# Subtest: D2PRL verifies actual manifest bytes and releases failed admissions for retry
ok 213 - D2PRL verifies actual manifest bytes and releases failed admissions for retry
  ---
  duration_ms: 34.091333
  type: 'test'
  ...
# Subtest: D2PRL manifest respects the shared budget before any network allocation
ok 214 - D2PRL manifest respects the shared budget before any network allocation
  ---
  duration_ms: 0.351041
  type: 'test'
  ...
# Subtest: An evicted D2PRL raw grid cannot trigger inference through refilter or raw export
ok 215 - An evicted D2PRL raw grid cannot trigger inference through refilter or raw export
  ---
  duration_ms: 9.1175
  type: 'test'
  ...
# Subtest: Memory pressure reclaims idle helper heaps before cached scientific results
ok 216 - Memory pressure reclaims idle helper heaps before cached scientific results
  ---
  duration_ms: 0.236375
  type: 'test'
  ...
# Subtest: owned candidate workspace matches pinned Torch propagation and RNG at the full 448 grid
ok 217 - owned candidate workspace matches pinned Torch propagation and RNG at the full 448 grid
  ---
  duration_ms: 1407.767958
  type: 'test'
  ...
# Subtest: a partial candidate growth stays owned for retry, and subsequent useful work reuses both banks
ok 218 - a partial candidate growth stays owned for retry, and subsequent useful work reuses both banks
  ---
  duration_ms: 4.982084
  type: 'test'
  ...
# Subtest: candidate wrapping never publishes a partially mutated committed input on cancellation
ok 219 - candidate wrapping never publishes a partially mutated committed input on cancellation
  ---
  duration_ms: 4.151042
  type: 'test'
  ...
# Subtest: D2 reclaims the explicitly failed domain with exact constructor bytes and one refusal event
ok 220 - D2 reclaims the explicitly failed domain with exact constructor bytes and one refusal event
  ---
  duration_ms: 4.363791
  type: 'test'
  ...
# Subtest: D2PRL admits its large workspace only when the shared CPU lane is available
ok 221 - D2PRL admits its large workspace only when the shared CPU lane is available
  ---
  duration_ms: 14.486959
  type: 'test'
  ...
# Subtest: D2PRL cancellation before admission creates no worker and preserves source ownership
ok 222 - D2PRL cancellation before admission creates no worker and preserves source ownership
  ---
  duration_ms: 3.049667
  type: 'test'
  ...
# Subtest: mapped GPU output survives engine disposal without a copied backing and releases idempotently
ok 223 - mapped GPU output survives engine disposal without a copied backing and releases idempotently
  ---
  duration_ms: 5.023708
  type: 'test'
  ...
# Subtest: one owned GPU output feeds another convolution and device lifetime covers every outstanding result
ok 224 - one owned GPU output feeds another convolution and device lifetime covers every outstanding result
  ---
  duration_ms: 0.887916
  type: 'test'
  ...
# Subtest: mapping and range recovery preserve the completed dispatch and release its transient resources before reclaim
ok 225 - mapping and range recovery preserve the completed dispatch and release its transient resources before reclaim
  ---
  duration_ms: 6.123292
  type: 'test'
  ...
# Subtest: cancellation after mapping frees unpublished output and does not keep a device lease
ok 226 - cancellation after mapping frees unpublished output and does not keep a device lease
  ---
  duration_ms: 1.153166
  type: 'test'
  ...
# Subtest: adapter-owned projected outputs and raw grid copies survive adapter disposal
ok 227 - adapter-owned projected outputs and raw grid copies survive adapter disposal # SKIP Run with --experimental-test-module-mocks for isolated ownership protocol tests
  ---
  duration_ms: 0.70125
  type: 'test'
  ...
# Subtest: D2 PatchMatch preserves committed evaluations and exact RNG across repeated later allocation incidents
ok 228 - D2 PatchMatch preserves committed evaluations and exact RNG across repeated later allocation incidents
  ---
  duration_ms: 37.672459
  type: 'test'
  ...
# Subtest: five failures without progress stop locally while more separated incidents remain recoverable
ok 229 - five failures without progress stop locally while more separated incidents remain recoverable
  ---
  duration_ms: 15.985375
  type: 'test'
  ...
# Subtest: feature copy recovery retains completed native work and releases all ownership
ok 230 - feature copy recovery retains completed native work and releases all ownership
  ---
  duration_ms: 7.143125
  type: 'test'
  ...
# Subtest: cancelled local recovery immediately releases pressure and does not retry
ok 231 - cancelled local recovery immediately releases pressure and does not retry
  ---
  duration_ms: 0.361083
  type: 'test'
  ...
# Subtest: two evaluator lanes refusing every useful tile stop without leaking work or pressure
ok 232 - two evaluator lanes refusing every useful tile stop without leaking work or pressure
  ---
  duration_ms: 9.517375
  type: 'test'
  ...
# Subtest: concurrent useful tiles do not combine independent first refusals into a loop
ok 233 - concurrent useful tiles do not combine independent first refusals into a loop
  ---
  duration_ms: 1.881666
  type: 'test'
  ...
# Subtest: guarded stages retain dynamic getters and original method ownership
ok 234 - guarded stages retain dynamic getters and original method ownership
  ---
  duration_ms: 0.369667
  type: 'test'
  ...
# Subtest: a refused optional evaluator preserves the ready pool and grows again after external release
ok 235 - a refused optional evaluator preserves the ready pool and grows again after external release
  ---
  duration_ms: 1.646125
  type: 'test'
  ...
# Subtest: parameter digest recovery retains already fetched useful model bytes
ok 236 - parameter digest recovery retains already fetched useful model bytes
  ---
  duration_ms: 27.861958
  type: 'test'
  ...
# Subtest: cancellation at a successful bootstrap boundary cannot create optional evaluator workers
ok 237 - cancellation at a successful bootstrap boundary cannot create optional evaluator workers
  ---
  duration_ms: 1.107417
  type: 'test'
  ...
# Subtest: paged D2 regions preserve complete native masks, contours, order, counts and identities
ok 238 - paged D2 regions preserve complete native masks, contours, order, counts and identities
  ---
  duration_ms: 30.971458
  type: 'test'
  ...
# Subtest: global run traversal agrees with native block CCL for random8-connected topology
ok 239 - global run traversal agrees with native block CCL for random8-connected topology
  ---
  duration_ms: 5608.467459
  type: 'test'
  ...
# Subtest: paged region abort, storage failure and consumer exceptions release scratch and entry leases
ok 240 - paged region abort, storage failure and consumer exceptions release scratch and entry leases
  ---
  duration_ms: 2.122833
  type: 'test'
  ...
# Subtest: automatic segmented refilter waits for borrowed result release and leaves independent entries
ok 241 - automatic segmented refilter waits for borrowed result release and leaves independent entries
  ---
  duration_ms: 8.087459
  type: 'test'
  ...
# Subtest: D2 waits for independent work without retrying or treating GPU retirement as ArrayBuffer backing
ok 242 - D2 waits for independent work without retrying or treating GPU retirement as ArrayBuffer backing
  ---
  duration_ms: 7.830792
  type: 'test'
  ...
# Subtest: scheduled D2 worker calls carry one owner and cannot be mistaken for an independent producer
ok 243 - scheduled D2 worker calls carry one owner and cannot be mistaken for an independent producer
  ---
  duration_ms: 0.525625
  type: 'test'
  ...
# { cases: 20, heap: 33554432 }
# Subtest: compact SIFT reconstructs every float32 and global field for paired mirrors and quarter frames
ok 244 - compact SIFT reconstructs every float32 and global field for paired mirrors and quarter frames
  ---
  duration_ms: 1372.191458
  type: 'test'
  ...
# Subtest: Integer GPU bound stays below the unchanged float32 evaluator across normal/subnormal and extreme values
ok 245 - Integer GPU bound stays below the unchanged float32 evaluator across normal/subnormal and extreme values
  ---
  duration_ms: 59.120417
  type: 'test'
  ...
# Subtest: Prefixes are valid full-distance bounds and nonfinite inputs cannot prove a rejection
ok 246 - Prefixes are valid full-distance bounds and nonfinite inputs cannot prove a rejection
  ---
  duration_ms: 0.140708
  type: 'test'
  ...
# Subtest: field recovery retains completed hypotheses and descriptors, and retries storage without recomputing the field
ok 247 - field recovery retains completed hypotheses and descriptors, and retries storage without recomputing the field # SKIP Run with --experimental-test-module-mocks for isolated ownership protocol tests
  ---
  duration_ms: 0.666375
  type: 'test'
  ...
# Subtest: partial free memory adds every fitting kernel and accounts for retained idle heaps
ok 248 - partial free memory adds every fitting kernel and accounts for retained idle heaps
  ---
  duration_ms: 3.857375
  type: 'test'
  ...
# Subtest: a bootstrap progress exception rejects the field and terminates its kernel
ok 249 - a bootstrap progress exception rejects the field and terminates its kernel
  ---
  duration_ms: 0.377083
  type: 'test'
  ...
# Subtest: a refused extra kernel preserves the ready field without repeated allocation attempts
ok 250 - a refused extra kernel preserves the ready field without repeated allocation attempts
  ---
  duration_ms: 0.762125
  type: 'test'
  ...
# Subtest: real recovered memory permits full width again without changing the budget limit
ok 251 - real recovered memory permits full width again without changing the budget limit
  ---
  duration_ms: 1.525833
  type: 'test'
  ...
# Subtest: a later release reopens a previously refused expansion
ok 252 - a later release reopens a previously refused expansion
  ---
  duration_ms: 1.038375
  type: 'test'
  ...
# Subtest: a failed bootstrap retries locally only after concrete memory recovery
ok 253 - a failed bootstrap retries locally only after concrete memory recovery
  ---
  duration_ms: 1.700458
  type: 'test'
  ...
# Subtest: allocation failures during a useful task remain fatal and retain their evidence
ok 254 - allocation failures during a useful task remain fatal and retain their evidence
  ---
  duration_ms: 0.399917
  type: 'test'
  ...
# Subtest: returning uncreated reservations does not itself retry a refused allocation
ok 255 - returning uncreated reservations does not itself retry a refused allocation
  ---
  duration_ms: 0.914834
  type: 'test'
  ...
# Subtest: dense output migration windows fit before a kernel fills the remaining workspace
ok 256 - dense output migration windows fit before a kernel fills the remaining workspace
  ---
  duration_ms: 6.253375
  type: 'test'
  ...
# Subtest: a field receives a partial memory grant and yields only its GPU coordinator CPU
ok 257 - a field receives a partial memory grant and yields only its GPU coordinator CPU
  ---
  duration_ms: 9.396583
  type: 'test'
  ...
# Subtest: unused kernel workspace is returned and a later useful grant can grow it again
ok 258 - unused kernel workspace is returned and a later useful grant can grow it again
  ---
  duration_ms: 1.966584
  type: 'test'
  ...
# Subtest: memory RPC hides blocked field activity without surrendering its CPU quota
ok 259 - memory RPC hides blocked field activity without surrendering its CPU quota
  ---
  duration_ms: 5.040417
  type: 'test'
  ...
# Subtest: native optional cache failure preserves the field and retries only on a memory recovery epoch
ok 260 - native optional cache failure preserves the field and retries only on a memory recovery epoch
  ---
  duration_ms: 1018.96025
  type: 'test'
  ...
# Subtest: actual linear-memory growth beyond planned vectors is charged and released
ok 261 - actual linear-memory growth beyond planned vectors is charged and released
  ---
  duration_ms: 0.956542
  type: 'test'
  ...
# Subtest: shared peer pressure prevents growth before the VM allocates the memory
ok 262 - shared peer pressure prevents growth before the VM allocates the memory
  ---
  duration_ms: 0.479958
  type: 'test'
  ...
# Subtest: VM-rejected growth does not leak a reservation
ok 263 - VM-rejected growth does not leak a reservation
  ---
  duration_ms: 0.189625
  type: 'test'
  ...
# Subtest: physical growth failures retain allocator evidence and release speculative capacity
ok 264 - physical growth failures retain allocator evidence and release speculative capacity
  ---
  duration_ms: 2.41075
  type: 'test'
  ...
# Subtest: initial physical allocation failure is distinct from a logical budget refusal
ok 265 - initial physical allocation failure is distinct from a logical budget refusal
  ---
  duration_ms: 0.142
  type: 'test'
  ...
# Subtest: uses admitted RAM beyond the old16MiB descriptor cache without changing work
ok 266 - uses admitted RAM beyond the old16MiB descriptor cache without changing work
  ---
  duration_ms: 1.037917
  type: 'test'
  ...
# Subtest: real96MP and larger shapes fit the module and shared workspace
ok 267 - real96MP and larger shapes fit the module and shared workspace
  ---
  duration_ms: 1.496083
  type: 'test'
  ...
# Subtest: budget occupied by real source and peers reduces caches; no probe allocations
ok 268 - budget occupied by real source and peers reduces caches; no probe allocations
  ---
  duration_ms: 0.131458
  type: 'test'
  ...
# Subtest: explicit cache and batch choices remain exact and cannot overrun heap
ok 269 - explicit cache and batch choices remain exact and cannot overrun heap
  ---
  duration_ms: 0.303875
  type: 'test'
  ...
# Subtest: small cases allocate no initialization batch and explicit zero is honored
ok 270 - small cases allocate no initialization batch and explicit zero is honored
  ---
  duration_ms: 0.085
  type: 'test'
  ...
# Subtest: 96MP propagation caches reuse initialization RAM without shrinking the native-sized batch
ok 271 - 96MP propagation caches reuse initialization RAM without shrinking the native-sized batch
  ---
  duration_ms: 0.083834
  type: 'test'
  ...
# Subtest: 96MP non-isolated admission includes every native and cloned candidate pool
ok 272 - 96MP non-isolated admission includes every native and cloned candidate pool
  ---
  duration_ms: 0.852875
  type: 'test'
  ...
# Subtest: dense preparation reclaims a completed plane before committing its hot descriptors to disk
ok 273 - dense preparation reclaims a completed plane before committing its hot descriptors to disk
  ---
  duration_ms: 7.34575
  type: 'test'
  ...
# Subtest: an impossible explicit in-memory preparation returns its layout lease without creating a worker
ok 274 - an impossible explicit in-memory preparation returns its layout lease without creating a worker
  ---
  duration_ms: 0.938875
  type: 'test'
  ...
# Subtest: only the missing shared migration capacity affects a resident preparation decision
ok 275 - only the missing shared migration capacity affects a resident preparation decision
  ---
  duration_ms: 1.048667
  type: 'test'
  ...
# Subtest: external preparation remains admissible when its worker fits but RAM and migration do not
ok 276 - external preparation remains admissible when its worker fits but RAM and migration do not
  ---
  duration_ms: 0.074125
  type: 'test'
  ...
# Subtest: native Zernike completes with exactly the planned source, descriptors, workspace and I/O budget
ok 277 - native Zernike completes with exactly the planned source, descriptors, workspace and I/O budget
  ---
  duration_ms: 55.18525
  type: 'test'
  ...
# Subtest: native compact SIFT completes every preparation stage at its exact planned I/O budget
ok 278 - native compact SIFT completes every preparation stage at its exact planned I/O budget
  ---
  duration_ms: 39.339959
  type: 'test'
  ...
# Subtest: native texture eligibility transfers its input window out of the planned allowance
ok 279 - native texture eligibility transfers its input window out of the planned allowance
  ---
  duration_ms: 41.909709
  type: 'test'
  ...
# Subtest: a transferred window keeps its output charged after the original allowance closes
ok 280 - a transferred window keeps its output charged after the original allowance closes
  ---
  duration_ms: 0.514166
  type: 'test'
  ...
# Subtest: failed window I/O returns transferred output and scratch ownership
ok 281 - failed window I/O returns transferred output and scratch ownership
  ---
  duration_ms: 1.974875
  type: 'test'
  ...
# Subtest: cancelling CPU admission returns the transferred window and its originating lane allowance
ok 282 - cancelling CPU admission returns the transferred window and its originating lane allowance
  ---
  duration_ms: 2.511875
  type: 'test'
  ...
# Subtest: surface admission includes all retained fields, source materialization and the real Wasm ceiling
ok 283 - surface admission includes all retained fields, source materialization and the real Wasm ceiling
  ---
  duration_ms: 3.629208
  type: 'test'
  ...
# Subtest: persistent worker admission retains the largest Wasm heap across unlike following jobs
ok 284 - persistent worker admission retains the largest Wasm heap across unlike following jobs
  ---
  duration_ms: 0.131834
  type: 'test'
  ...
# Subtest: disposing a resident pool cancels queued CPU admission and never creates a late worker
ok 285 - disposing a resident pool cancels queued CPU admission and never creates a late worker
  ---
  duration_ms: 3.288709
  type: 'test'
  ...
# Subtest: a persistent resident worker yields its CPU lease to a queued GPU task between hypotheses
ok 286 - a persistent resident worker yields its CPU lease to a queued GPU task between hypotheses
  ---
  duration_ms: 1.070125
  type: 'test'
  ...
# Subtest: preparation keeps a fitting hot representation instead of spending its RAM on extra workers
ok 287 - preparation keeps a fitting hot representation instead of spending its RAM on extra workers
  ---
  duration_ms: 0.274375
  type: 'test'
  ...
# Subtest: cold result admission accounts for filtered fields and global coherence scratch
ok 288 - cold result admission accounts for filtered fields and global coherence scratch
  ---
  duration_ms: 0.377542
  type: 'test'
  ...
# Subtest: worker transport pins and aliases immutable shared inputs without duplicating descriptor banks
ok 289 - worker transport pins and aliases immutable shared inputs without duplicating descriptor banks
  ---
  duration_ms: 0.976333
  type: 'test'
  ...
# Subtest: failed field worker startup releases reservations and all shared input pins
ok 290 - failed field worker startup releases reservations and all shared input pins
  ---
  duration_ms: 4.561875
  type: 'test'
  ...
# Subtest: completed worker fields move to cold storage without discarding or recounting borrowed inputs
ok 291 - completed worker fields move to cold storage without discarding or recounting borrowed inputs
  ---
  duration_ms: 1.426083
  type: 'test'
  ...
# Subtest: SIMD independent pixels preserve scalar descriptor bits and global candidate decisions
ok 292 - SIMD independent pixels preserve scalar descriptor bits and global candidate decisions
  ---
  duration_ms: 2335.632625
  type: 'test'
  ...
# Subtest: compatibility fallback compiles the real scalar job without a capability probe
ok 293 - compatibility fallback compiles the real scalar job without a capability probe
  ---
  duration_ms: 4.676416
  type: 'test'
  ...
# Subtest: allocation and download failures are not hidden by a scalar fallback
ok 294 - allocation and download failures are not hidden by a scalar fallback
  ---
  duration_ms: 1.465834
  type: 'test'
  ...
# Subtest: every asynchronously completed row segment respects all first and second order predecessors
ok 295 - every asynchronously completed row segment respects all first and second order predecessors
  ---
  duration_ms: 93.363333
  type: 'test'
  ...
# { cases: 6, heap: 33554432 }
# Subtest: haloed resident Zernike reproduces full descriptors and global fields including seams/mirrors
ok 296 - haloed resident Zernike reproduces full descriptors and global fields including seams/mirrors
  ---
  duration_ms: 2816.210666
  type: 'test'
  ...
# Subtest: six native profiles preserve base duo and append scale/reflection hypotheses
ok 297 - six native profiles preserve base duo and append scale/reflection hypotheses
  ---
  duration_ms: 1.965083
  type: 'test'
  ...
# Subtest: ROI identity survives coincident and overlapping polygons, with owned coordinates
ok 298 - ROI identity survives coincident and overlapping polygons, with owned coordinates
  ---
  duration_ms: 0.376084
  type: 'test'
  ...
# Subtest: support and normalization preserve descriptor grids and zero vectors
ok 299 - support and normalization preserve descriptor grids and zero vectors
  ---
  duration_ms: 1.02075
  type: 'test'
  ...
# Subtest: real WASM respects masks, distances, deterministic candidate pools and empty outcome
ok 300 - real WASM respects masks, distances, deterministic candidate pools and empty outcome
  ---
  duration_ms: 21.15325
  type: 'test'
  ...
# Subtest: reciprocal links deduplicate by distance and source tie, then sample native ranks
ok 301 - reciprocal links deduplicate by distance and source tie, then sample native ranks
  ---
  duration_ms: 0.277125
  type: 'test'
  ...
# Subtest: paired SIFT supports use integer centers and preserve reflected target order
ok 302 - paired SIFT supports use integer centers and preserve reflected target order
  ---
  duration_ms: 0.517208
  type: 'test'
  ...
# Subtest: coherence evaluates all pixels, rejects incomplete disks and removes small components
ok 303 - coherence evaluates all pixels, rejects incomplete disks and removes small components
  ---
  duration_ms: 4.267459
  type: 'test'
  ...
# Subtest: image jobs retain overlapping contexts and native crop halo and distance compaction
ok 304 - image jobs retain overlapping contexts and native crop halo and distance compaction
  ---
  duration_ms: 2.321375
  type: 'test'
  ...
# Subtest: overwrite, insertion, deletion and EOF insertion use original coordinates and own input snapshots
ok 305 - overwrite, insertion, deletion and EOF insertion use original coordinates and own input snapshots
  ---
  duration_ms: 4.7955
  type: 'test'
  ...
# Subtest: invalid edits, memory refusal and cancellation release reservations
ok 306 - invalid edits, memory refusal and cancellation release reservations
  ---
  duration_ms: 2.805833
  type: 'test'
  ...
# Subtest: large immutable Blob is sliced without arrayBuffer materialization
ok 307 - large immutable Blob is sliced without arrayBuffer materialization
  ---
  duration_ms: 1.076042
  type: 'test'
  ...
# Subtest: public engine preserves source and caches and can reuse after cancellation
ok 308 - public engine preserves source and caches and can reuse after cancellation
  ---
  duration_ms: 13.540916
  type: 'test'
  ...
# Subtest: segmented JPEG uses original Blob under its existing small budget
ok 309 - segmented JPEG uses original Blob under its existing small budget
  ---
  duration_ms: 75.375083
  type: 'test'
  ...
# Subtest: Color moments and Marr-Hildreth match all existing native fixtures and original-byte downsampling cases
ok 310 - Color moments and Marr-Hildreth match all existing native fixtures and original-byte downsampling cases
  ---
  duration_ms: 1103.560292
  type: 'test'
  ...
# Subtest: extra hashes refuse unadmitted memory and stop between useful kernels
ok 311 - extra hashes refuse unadmitted memory and stop between useful kernels
  ---
  duration_ms: 46.880375
  type: 'test'
  ...
# Subtest: public segmented digest returns six exact image hashes, immutable cache and JSON
ok 312 - public segmented digest returns six exact image hashes, immutable cache and JSON
  ---
  duration_ms: 2561.599667
  type: 'test'
  ...
# Subtest: public cancellation during image hashing retains source and leaves no partial result cache
ok 313 - public cancellation during image hashing retains source and leaves no partial result cache
  ---
  duration_ms: 2805.443334
  type: 'test'
  ...
# Subtest: six bounded perceptual hashes match the existing native RGB corpus
ok 314 - six bounded perceptual hashes match the existing native RGB corpus
  ---
  duration_ms: 2591.356
  type: 'test'
  ...
# Subtest: six bounded hashes match native downsampling, 2x resize and 3.52 MP JPEG
ok 315 - six bounded hashes match native downsampling, 2x resize and 3.52 MP JPEG
  ---
  duration_ms: 7631.994625
  type: 'test'
  ...
# Subtest: memory refusal and cancellation release all row and native reservations
ok 316 - memory refusal and cancellation release all row and native reservations
  ---
  duration_ms: 11.614292
  type: 'test'
  ...
# Subtest: all eight oriented surface mappings match independently oriented native hashes
ok 317 - all eight oriented surface mappings match independently oriented native hashes
  ---
  duration_ms: 3094.991333
  type: 'test'
  ...
# Subtest: All ten native cryptographic algorithms match independent streaming digests
ok 318 - All ten native cryptographic algorithms match independent streaming digests
  ---
  duration_ms: 177.726875
  type: 'test'
  ...
# Subtest: File digest cancellation stops between chunks
ok 319 - File digest cancellation stops between chunks
  ---
  duration_ms: 27.426125
  type: 'test'
  ...
# Subtest: public segmented DCT adapter preserves the native evidence and owned cache
ok 320 - public segmented DCT adapter preserves the native evidence and owned cache
  ---
  duration_ms: 1006.993583
  type: 'test'
  ...
# Premature end of JPEG file
# Subtest: Stored JPEG coefficients and lattice decisions match 13 native files and 335 histogram cases; cache and JSON preserve evidence
ok 321 - Stored JPEG coefficients and lattice decisions match 13 native files and 335 histogram cases; cache and JSON preserve evidence
  ---
  duration_ms: 791.076292
  type: 'test'
  ...
# Subtest: Staged Echo arithmetic preserves all 900 native radius/contrast/gray outputs
ok 322 - Staged Echo arithmetic preserves all 900 native radius/contrast/gray outputs
  ---
  duration_ms: 1485.221917
  type: 'test'
  ...
# Subtest: Echo starts only useful row jobs; transferred windows preserve source ownership and global extrema
ok 323 - Echo starts only useful row jobs; transferred windows preserve source ownership and global extrema
  ---
  duration_ms: 126.555458
  type: 'test'
  ...
# Subtest: Echo cancels workers before releasing partial stores and retries only resource failures once
ok 324 - Echo cancels workers before releasing partial stores and retries only resource failures once
  ---
  duration_ms: 187.948208
  type: 'test'
  ...
# Subtest: 27 streamed cell descriptors retain native profiles, background and support across arbitrary bands
ok 325 - 27 streamed cell descriptors retain native profiles, background and support across arbitrary bands
  ---
  duration_ms: 2740.759584
  type: 'test'
  ...
# Subtest: partial bottom cells and halo boundaries match the qualified contiguous descriptor exactly
ok 326 - partial bottom cells and halo boundaries match the qualified contiguous descriptor exactly
  ---
  duration_ms: 212.872791
  type: 'test'
  ...
# Subtest: streamed descriptor error, memory, cancellation and reuse retain ownership rules
ok 327 - streamed descriptor error, memory, cancellation and reuse retain ownership rules
  ---
  duration_ms: 132.661167
  type: 'test'
  ...
# Subtest: bounded descriptor windows preserve native full-width halo arithmetic and distant cell identities
ok 328 - bounded descriptor windows preserve native full-width halo arithmetic and distant cell identities
  ---
  duration_ms: 1944.129
  type: 'test'
  ...
# {"width":12003,"key":"content","maximum":0,"mean":0}
# {"width":12003,"key":"profiles","maximum":0,"mean":0}
# {"width":12003,"key":"background","maximum":0,"mean":0}
# {"width":12003,"key":"usable","maximum":0,"mean":0}
# {"width":6001,"key":"content","maximum":0,"mean":0}
# {"width":6001,"key":"profiles","maximum":0,"mean":0}
# {"width":6001,"key":"background","maximum":2.384185791015625e-7,"mean":1.4100023495253697e-8}
# {"width":6001,"key":"usable","maximum":0,"mean":0}
# Subtest: ELA quality/spatial coherence and seeded legacy/Ghost/background segmentation match native
ok 329 - ELA quality/spatial coherence and seeded legacy/Ghost/background segmentation match native
  ---
  duration_ms: 2628.038667
  type: 'test'
  ...
# Subtest: Ghost area integration exactly registers fractional phases and invalid incomplete cells
ok 330 - Ghost area integration exactly registers fractional phases and invalid incomplete cells
  ---
  duration_ms: 137.013333
  type: 'test'
  ...
# Subtest: coherence cannot seed a new region; only retained legacy/Ghost/background components can
ok 331 - coherence cannot seed a new region; only retained legacy/Ghost/background components can
  ---
  duration_ms: 33.655084
  type: 'test'
  ...
# Subtest: cell preparation validates inputs and responds to cancellation
ok 332 - cell preparation validates inputs and responds to cancellation
  ---
  duration_ms: 0.707625
  type: 'test'
  ...
# {
#   status: 'passed',
#   preparations: 27,
#   scoreGroups: 9,
#   segmentations: 27,
#   values: 195486,
#   maximumContentError: 0,
#   peakAccountedBytes: 134705916
# }
# Subtest: original RGB, real JPEG, descriptor bands, native content peers and cell regions
ok 333 - original RGB, real JPEG, descriptor bands, native content peers and cell regions
  ---
  duration_ms: 4020.393083
  type: 'test'
  ...
# Subtest: descriptor memory refusal and cancellation release admission
ok 334 - descriptor memory refusal and cancellation release admission
  ---
  duration_ms: 19.582792
  type: 'test'
  ...
# Subtest: Native tail-knee quantiles and prominence match across generated images and sampling boundaries
ok 335 - Native tail-knee quantiles and prominence match across generated images and sampling boundaries
  ---
  duration_ms: 295.651917
  type: 'test'
  ...
# Subtest: Independent one-sided native Otsu deviations match generated score distributions
ok 336 - Independent one-sided native Otsu deviations match generated score distributions
  ---
  duration_ms: 121.4155
  type: 'test'
  ...
# Subtest: Named scientific profiles and decimal rounding preserve native settings, Conservative defaults remain1/99 and5/5
ok 337 - Named scientific profiles and decimal rounding preserve native settings, Conservative defaults remain1/99 and5/5
  ---
  duration_ms: 13.824041
  type: 'test'
  ...
# Subtest: Automatic scientific estimation rejects invalid scope and budget and accepts cancellation
ok 338 - Automatic scientific estimation rejects invalid scope and budget and accepts cancellation
  ---
  duration_ms: 0.630834
  type: 'test'
  ...
# Subtest: Each manual energy edit preserves the other three values and never reapplies automatic or standard settings
ok 339 - Each manual energy edit preserves the other three values and never reapplies automatic or standard settings
  ---
  duration_ms: 1.758041
  type: 'test'
  ...
# Subtest: Manual intent at an unchanged endpoint invalidates a pending profile estimate and its stale render
ok 340 - Manual intent at an unchanged endpoint invalidates a pending profile estimate and its stale render
  ---
  duration_ms: 0.153208
  type: 'test'
  ...
# Subtest: Explicit profile requests may update all four controls once; snapshots remain independent and partial estimates are rejected
ok 341 - Explicit profile requests may update all four controls once; snapshots remain independent and partial estimates are rejected
  ---
  duration_ms: 0.421667
  type: 'test'
  ...
# Subtest: Completing an estimate invalidates renders for its old values; another profile request rejects the previous response
ok 342 - Completing an estimate invalidates renders for its old values; another profile request rejects the previous response
  ---
  duration_ms: 0.08175
  type: 'test'
  ...
# Subtest: Bounded float32 energy log matches all184549377 native values with sparse static corrections
ok 343 - Bounded float32 energy log matches all184549377 native values with sparse static corrections
  ---
  duration_ms: 2774.973167
  type: 'test'
  ...
# Subtest: 51 actual API original-byte energy pipelines reproduce every native plane, score, label and region
ok 344 - 51 actual API original-byte energy pipelines reproduce every native plane, score, label and region
  ---
  duration_ms: 10128.980583
  type: 'test'
  ...
# Subtest: Energy stage caches reuse recompressions and scores, results/NPZ/JSON retain owned exact arrays
ok 345 - Energy stage caches reuse recompressions and scores, results/NPZ/JSON retain owned exact arrays
  ---
  duration_ms: 328.386125
  type: 'test'
  ...
# Subtest: Energy calculation cancels during useful work, releases reservations and succeeds after retry
ok 346 - Energy calculation cancels during useful work, releases reservations and succeeds after retry
  ---
  duration_ms: 2266.254708
  type: 'test'
  ...
# Subtest: Shared engine budget refuses energy workspace without altering or losing the original
ok 347 - Shared engine budget refuses energy workspace without altering or losing the original
  ---
  duration_ms: 13.922167
  type: 'test'
  ...
# Subtest: 84 energy preparations reproduce native score/scope bytes and percentile statistics
ok 348 - 84 energy preparations reproduce native score/scope bytes and percentile statistics
  ---
  duration_ms: 943.785042
  type: 'test'
  ...
# Subtest: Energy preparation rejects invalid quantiles/domain, refuses admission, and cancels before returning maps
ok 349 - Energy preparation rejects invalid quantiles/domain, refuses admission, and cancels before returning maps
  ---
  duration_ms: 23.364334
  type: 'test'
  ...
# Subtest: Float32 residual luminance is exact for all RGB8 colours in native vector and scalar-tail orders
ok 350 - Float32 residual luminance is exact for all RGB8 colours in native vector and scalar-tail orders
  ---
  duration_ms: 157.131833
  type: 'test'
  ...
# Subtest: Sixty native residual gray and 7x7 energy blur pairs are bit exact including tails and tiny reflected borders
ok 351 - Sixty native residual gray and 7x7 energy blur pairs are bit exact including tails and tiny reflected borders
  ---
  duration_ms: 160.800375
  type: 'test'
  ...
# Subtest: Energy primitive input/budget checks and cooperative cancellation do not produce a partial scientific result
ok 352 - Energy primitive input/budget checks and cooperative cancellation do not produce a partial scientific result
  ---
  duration_ms: 11.544292
  type: 'test'
  ...
# Subtest: Energy hysteresis labels and region summaries match all generated native cases including zero/weak/strong boundaries
ok 353 - Energy hysteresis labels and region summaries match all generated native cases including zero/weak/strong boundaries
  ---
  duration_ms: 852.200584
  type: 'test'
  ...
# Subtest: Energy colours use reference panel/class identity for all 512 native cases
ok 354 - Energy colours use reference panel/class identity for all 512 native cases
  ---
  duration_ms: 0.669375
  type: 'test'
  ...
# Subtest: Energy mask generation validates parameters, admits memory and supports cancellation
ok 355 - Energy mask generation validates parameters, admits memory and supports cancellation
  ---
  duration_ms: 14.722792
  type: 'test'
  ...
# Subtest: native cKDTree peers, robust legacy/background and 71-quality Ghost deficits
ok 356 - native cKDTree peers, robust legacy/background and 71-quality Ghost deficits
  ---
  duration_ms: 584.795125
  type: 'test'
  ...
# Subtest: peer scorer reserves before allocation and releases failures/cancellation
ok 357 - peer scorer reserves before allocation and releases failures/cancellation
  ---
  duration_ms: 146.023542
  type: 'test'
  ...
# Subtest: native ELA cell operation, background, one/64 Ghost phases, caches and NPZ
ok 358 - native ELA cell operation, background, one/64 Ghost phases, caches and NPZ
  ---
  duration_ms: 25018.845542
  type: 'test'
  ...
# Subtest: cell operation cancellation and subsequent useful recovery
ok 359 - cell operation cancellation and subsequent useful recovery
  ---
  duration_ms: 223.724792
  type: 'test'
  ...
# Subtest: Native reference: synthetic
ok 360 - Native reference: synthetic
  ---
  duration_ms: 43.875208
  type: 'test'
  ...
# Subtest: Native reference: all-byte-pairs
ok 361 - Native reference: all-byte-pairs
  ---
  duration_ms: 57.98275
  type: 'test'
  ...
# Subtest: Parameters and cancellation
ok 362 - Parameters and cancellation
  ---
  duration_ms: 3.122541
  type: 'test'
  ...
# Subtest: Fused lookup output matches all 40 native expectations
ok 363 - Fused lookup output matches all 40 native expectations
  ---
  duration_ms: 199.253667
  type: 'test'
  ...
# Subtest: qualities grow from one to four workers after real competing CPU and RAM are returned
ok 364 - qualities grow from one to four workers after real competing CPU and RAM are returned
  ---
  duration_ms: 3.138625
  type: 'test'
  ...
# Subtest: bounded heaps persist between low-memory batches and are released only after termination
ok 365 - bounded heaps persist between low-memory batches and are released only after termination
  ---
  duration_ms: 0.790875
  type: 'test'
  ...
# Subtest: running useful streams are not retired to satisfy memory pressure
ok 366 - running useful streams are not retired to satisfy memory pressure
  ---
  duration_ms: 0.339917
  type: 'test'
  ...
# Subtest: more workers can be admitted by spilling cold data without re-running any stream
ok 367 - more workers can be admitted by spilling cold data without re-running any stream
  ---
  duration_ms: 0.164667
  type: 'test'
  ...
# Subtest: a first quality waits for admitted competing memory without occupying a CPU
ok 368 - a first quality waits for admitted competing memory without occupying a CPU
  ---
  duration_ms: 2.972417
  type: 'test'
  ...
# Subtest: cancelled memory admission never constructs a late quality worker
ok 369 - cancelled memory admission never constructs a late quality worker
  ---
  duration_ms: 2.684042
  type: 'test'
  ...
# Subtest: persistent workers grow their active concurrency when another detector returns CPUs
ok 370 - persistent workers grow their active concurrency when another detector returns CPUs
  ---
  duration_ms: 10.492083
  type: 'test'
  ...
# Subtest: idle native instances release real ownership under memory pressure and are recreated only for real work
ok 371 - idle native instances release real ownership under memory pressure and are recreated only for real work
  ---
  duration_ms: 2.061292
  type: 'test'
  ...
# Subtest: preparation and output writes do not retain CPU admission
ok 372 - preparation and output writes do not retain CPU admission
  ---
  duration_ms: 0.474292
  type: 'test'
  ...
# Subtest: disposing while CPU admission is queued does not start a late worker job
ok 373 - disposing while CPU admission is queued does not start a late worker job
  ---
  duration_ms: 0.696792
  type: 'test'
  ...
# Subtest: reservation split preserves ownership after its originating execution ends
ok 374 - reservation split preserves ownership after its originating execution ends
  ---
  duration_ms: 0.101334
  type: 'test'
  ...
# Subtest: tight memory reuses one native worker instead of repeatedly evicting it for queued lanes
ok 375 - tight memory reuses one native worker instead of repeatedly evicting it for queued lanes
  ---
  duration_ms: 1.509667
  type: 'test'
  ...
# Subtest: released peer memory starts additional useful lanes during the same preparation
ok 376 - released peer memory starts additional useful lanes during the same preparation
  ---
  duration_ms: 3.130667
  type: 'test'
  ...
# Subtest: multiple failed tile computations reprepare detached inputs without repeating completed tiles
ok 377 - multiple failed tile computations reprepare detached inputs without repeating completed tiles
  ---
  duration_ms: 83.213958
  type: 'test'
  ...
# Subtest: idempotent partial publication retains its result and never repeats preparation or computation
ok 378 - idempotent partial publication retains its result and never repeats preparation or computation
  ---
  duration_ms: 160.210833
  type: 'test'
  ...
# Subtest: failed source preparation retries only its tile and keeps the healthy worker
ok 379 - failed source preparation retries only its tile and keeps the healthy worker
  ---
  duration_ms: 79.178291
  type: 'test'
  ...
# Subtest: a consumer without an idempotent contract is never replayed
ok 380 - a consumer without an idempotent contract is never replayed
  ---
  duration_ms: 0.624084
  type: 'test'
  ...
# Subtest: five comparable failures of one tile stop without resetting the guard after repeated preparation
ok 381 - five comparable failures of one tile stop without resetting the guard after repeated preparation
  ---
  duration_ms: 263.228125
  type: 'test'
  ...
# Subtest: cancellation during local recovery releases its input scope, worker and pressure token
ok 382 - cancellation during local recovery releases its input scope, worker and pressure token
  ---
  duration_ms: 0.882125
  type: 'test'
  ...
# Subtest: segmented scientific profile sampling preserves every native estimate and one-sided Otsu threshold
ok 383 - segmented scientific profile sampling preserves every native estimate and one-sided Otsu threshold
  ---
  duration_ms: 376.082875
  type: 'test'
  ...
# Subtest: profile sample errors, refusal and cancellation release all owned buffers
ok 384 - profile sample errors, refusal and cancellation release all owned buffers
  ---
  duration_ms: 1.627042
  type: 'test'
  ...
# Subtest: progressive energy NPZ is byte-identical to contiguous scientific export across quality boundaries
ok 385 - progressive energy NPZ is byte-identical to contiguous scientific export across quality boundaries
  ---
  duration_ms: 93.852209
  type: 'test'
  ...
# Subtest: segmented preparation reproduces all 84 native energy maps, scopes and summaries with explicit panels
ok 386 - segmented preparation reproduces all 84 native energy maps, scopes and summaries with explicit panels
  ---
  duration_ms: 1165.803875
  type: 'test'
  ...
# Subtest: overlapping panels keep native overwrite order, skipped identities, and final median
ok 387 - overlapping panels keep native overwrite order, skipped identities, and final median
  ---
  duration_ms: 67.086959
  type: 'test'
  ...
# Subtest: preparation validates invalid values even outside panels and cleans every cancelled stage
ok 388 - preparation validates invalid values even outside panels and cleans every cancelled stage
  ---
  duration_ms: 59.718708
  type: 'test'
  ...
# Subtest: paged global energy hysteresis preserves every native label and region summary
ok 389 - paged global energy hysteresis preserves every native label and region summary
  ---
  duration_ms: 2709.676458
  type: 'test'
  ...
# Subtest: exact float32 rank selection retains wide domain, duplicate ranks and native even-median rounding
ok 390 - exact float32 rank selection retains wide domain, duplicate ranks and native even-median rounding
  ---
  duration_ms: 2.697792
  type: 'test'
  ...
# Subtest: invalid maps, admission, cancellation and consumer errors leave no unpublished region stores
ok 391 - invalid maps, admission, cancellation and consumer errors leave no unpublished region stores
  ---
  duration_ms: 1.436125
  type: 'test'
  ...
# Subtest: bounded order statistics and ordered reductions match native panel summaries for 84 energy preparations
ok 392 - bounded order statistics and ordered reductions match native panel summaries for 84 energy preparations
  ---
  duration_ms: 312.999584
  type: 'test'
  ...
# Subtest: quantile endpoints, empty central selection, reduction boundaries and failures are exact
ok 393 - quantile endpoints, empty central selection, reduction boundaries and failures are exact
  ---
  duration_ms: 0.814667
  type: 'test'
  ...
# Subtest: multi-read external-order quantiles preserve NumPy statistics at a million values
ok 394 - multi-read external-order quantiles preserve NumPy statistics at a million values
  ---
  duration_ms: 121.9425
  type: 'test'
  ...
# Subtest: all60 native energy planes remain exact across variable row bands and tiny reflected edges
ok 395 - all60 native energy planes remain exact across variable row bands and tiny reflected edges
  ---
  duration_ms: 71.569625
  type: 'test'
  ...
# Subtest: incomplete, misordered, cancelled and failing energy consumers release their bounded workspace
ok 396 - incomplete, misordered, cancelled and failing energy consumers release their bounded workspace
  ---
  duration_ms: 0.755959
  type: 'test'
  ...
# Subtest: global JPEG to segmented energy reuses completed encoded qualities and cleans failed output
ok 397 - global JPEG to segmented energy reuses completed encoded qualities and cleans failed output
  ---
  duration_ms: 131.405917
  type: 'test'
  ...
# Subtest: End-to-end native parity, defensive ownership, caches and lifecycle
ok 398 - End-to-end native parity, defensive ownership, caches and lifecycle
  ---
  duration_ms: 30.395375
  type: 'test'
  ...
# Subtest: Admission, unsupported modes, cancellation and no half-loaded image
ok 399 - Admission, unsupported modes, cancellation and no half-loaded image
  ---
  duration_ms: 17.9595
  type: 'test'
  ...
# Subtest: Concurrent work rejected, quality invalidates recompression
ok 400 - Concurrent work rejected, quality invalidates recompression
  ---
  duration_ms: 16.010459
  type: 'test'
  ...
# Subtest: Measured large-image lookup path stays byte-exact and reuses JPEG on gain change
ok 401 - Measured large-image lookup path stays byte-exact and reuses JPEG on gain change
  ---
  duration_ms: 202.868833
  type: 'test'
  ...
# Subtest: Native equalization above2^24 retains float32 count conversions in separation, magnifier and gradient
ok 402 - Native equalization above2^24 retains float32 count conversions in separation, magnifier and gradient
  ---
  duration_ms: 4149.399791
  type: 'test'
  ...
# Subtest: independent pools share CPU capacity and one GPU queue without preflight work
ok 403 - independent pools share CPU capacity and one GPU queue without preflight work
  ---
  duration_ms: 3.61575
  type: 'test'
  ...
# Subtest: memory and CPU are admitted together, then queued work resumes without retrying computation
ok 404 - memory and CPU are admitted together, then queued work resumes without retrying computation
  ---
  duration_ms: 0.311833
  type: 'test'
  ...
# Subtest: unrecoverable admission rejects instead of waiting forever for retained results
ok 405 - unrecoverable admission rejects instead of waiting forever for retained results
  ---
  duration_ms: 0.444666
  type: 'test'
  ...
# Subtest: queued cancellation removes listeners and cannot leak a late reservation
ok 406 - queued cancellation removes listeners and cannot leak a late reservation
  ---
  duration_ms: 0.307417
  type: 'test'
  ...
# Subtest: exceptions and disposal return all leases and reject only pending work
ok 407 - exceptions and disposal return all leases and reject only pending work
  ---
  duration_ms: 0.26
  type: 'test'
  ...
# Subtest: elastic useful batches take spare cores and expand after a peer finishes
ok 408 - elastic useful batches take spare cores and expand after a peer finishes
  ---
  duration_ms: 0.238167
  type: 'test'
  ...
# Subtest: elastic width fits accounted memory without oversubscribing CPUs or reserving failed widths
ok 409 - elastic width fits accounted memory without oversubscribing CPUs or reserving failed widths
  ---
  duration_ms: 0.165667
  type: 'test'
  ...
# Subtest: cold data is reclaimed asynchronously before admitting memory and no CPU is held during migration
ok 410 - cold data is reclaimed asynchronously before admitting memory and no CPU is held during migration
  ---
  duration_ms: 0.478125
  type: 'test'
  ...
# Subtest: cancellation during asynchronous reclamation cannot admit a late task
ok 411 - cancellation during asynchronous reclamation cannot admit a late task
  ---
  duration_ms: 5.716959
  type: 'test'
  ...
# Subtest: invalid elastic memory bounds reject without leaking execution capacity
ok 412 - invalid elastic memory bounds reject without leaking execution capacity
  ---
  duration_ms: 0.50625
  type: 'test'
  ...
# Subtest: a GPU coordinator returns only its own CPU while sibling native lanes stay admitted
ok 413 - a GPU coordinator returns only its own CPU while sibling native lanes stay admitted
  ---
  duration_ms: 0.222708
  type: 'test'
  ...
# Subtest: ExifTool 13.55 native complete grouped metadata, HTML and exact thumbnail bytes
ok 414 - ExifTool 13.55 native complete grouped metadata, HTML and exact thumbnail bytes
  ---
  duration_ms: 5747.045625
  type: 'test'
  ...
# Subtest: Fixed modes only and composite GPS validity / zero value
ok 415 - Fixed modes only and composite GPS validity / zero value
  ---
  duration_ms: 0.655291
  type: 'test'
  ...
# Subtest: one export registry preserves JSON metadata and original HDF5 bytes with independent lifetimes
ok 416 - one export registry preserves JSON metadata and original HDF5 bytes with independent lifetimes
  ---
  duration_ms: 20.236375
  type: 'test'
  ...
# Subtest: external contours match native order, holes, nested islands and border cases
ok 417 - external contours match native order, holes, nested islands and border cases
  ---
  duration_ms: 9289.941667
  type: 'test'
  ...
# Subtest: output admission failure and asynchronous cancellation release the working mask
ok 418 - output admission failure and asynchronous cancellation release the working mask
  ---
  duration_ms: 16.292625
  type: 'test'
  ...
# Subtest: native lane decisions, ties, normalized similarity thresholds and final masks
ok 419 - native lane decisions, ties, normalized similarity thresholds and final masks
  ---
  duration_ms: 94.9555
  type: 'test'
  ...
# Subtest: Auto lane gate uses blot candidates BEFORE intersection exclusion
ok 420 - Auto lane gate uses blot candidates BEFORE intersection exclusion
  ---
  duration_ms: 0.311916
  type: 'test'
  ...
# Subtest: strict two-axis intersection margin, thresholds, stable sort and explicit variants
ok 421 - strict two-axis intersection margin, thresholds, stable sort and explicit variants
  ---
  duration_ms: 0.287125
  type: 'test'
  ...
# Subtest: touching exclusions reject a panel before embeddings, boundary contact does not
ok 422 - touching exclusions reject a panel before embeddings, boundary contact does not
  ---
  duration_ms: 0.221208
  type: 'test'
  ...
# Subtest: Auto accepts blot similarity evidence, standalone keeps candidates separate
ok 423 - Auto accepts blot similarity evidence, standalone keeps candidates separate
  ---
  duration_ms: 0.137875
  type: 'test'
  ...
# Subtest: lane groups use area >25 and transitive closure, not two-axis margin
ok 424 - lane groups use area >25 and transitive closure, not two-axis margin
  ---
  duration_ms: 0.08825
  type: 'test'
  ...
# Subtest: whole-panel expansion counts occurrences and strict >50%, exclusions remain empty
ok 425 - whole-panel expansion counts occurrences and strict >50%, exclusions remain empty
  ---
  duration_ms: 0.122375
  type: 'test'
  ...
# Subtest: lane matching cancellation and invalid partition reject instead of yielding partial success
ok 426 - lane matching cancellation and invalid partition reject instead of yielding partial success
  ---
  duration_ms: 0.501375
  type: 'test'
  ...
# Subtest: Maximal cliques retain native shared-edge ownership and duplicate overwrite
ok 427 - Maximal cliques retain native shared-edge ownership and duplicate overwrite
  ---
  duration_ms: 9.628125
  type: 'test'
  ...
# Subtest: Native affine polygon areas, score statistics and exact rasterized masks
ok 428 - Native affine polygon areas, score statistics and exact rasterized masks
  ---
  duration_ms: 151.112042
  type: 'test'
  ...
# Subtest: Singular affine and cancellation have no successful result
ok 429 - Singular affine and cancellation have no successful result
  ---
  duration_ms: 0.638375
  type: 'test'
  ...
# Subtest: native adaptive microscopy controls at every threshold, equality and pruned totals
ok 430 - native adaptive microscopy controls at every threshold, equality and pruned totals
  ---
  duration_ms: 2.028334
  type: 'test'
  ...
# Subtest: final layer does not prune; original identities and prune counts survive successive gathers
ok 431 - final layer does not prune; original identities and prune counts survive successive gathers
  ---
  duration_ms: 0.36125
  type: 'test'
  ...
# Subtest: Forgeryscope virtual float map preserves native cast and arbitrary byte windows
ok 432 - Forgeryscope virtual float map preserves native cast and arbitrary byte windows
  ---
  duration_ms: 1.876792
  type: 'test'
  ...
# Subtest: Forgeryscope source fields preserve full NPZ bytes and release export leases
ok 433 - Forgeryscope source fields preserve full NPZ bytes and release export leases
  ---
  duration_ms: 8.845334
  type: 'test'
  ...
# Subtest: native YOLO NMS, class separation, thresholds, clipping and rectangular coordinates
ok 434 - native YOLO NMS, class separation, thresholds, clipping and rectangular coordinates
  ---
  duration_ms: 314.509375
  type: 'test'
  ...
# Subtest: native panel exclusions, min side and rounded confidence
ok 435 - native panel exclusions, min side and rounded confidence
  ---
  duration_ms: 0.237541
  type: 'test'
  ...
# Subtest: YOLO cancellation and invalid tensors reject
ok 436 - YOLO cancellation and invalid tensors reject
  ---
  duration_ms: 0.399417
  type: 'test'
  ...
# Subtest: strip polar normalization and circle Gaussian axes preserve native frequency bases and masks
ok 437 - strip polar normalization and circle Gaussian axes preserve native frequency bases and masks
  ---
  duration_ms: 398.416167
  type: 'test'
  ...
# Subtest: Frequency split preserves 4320 native views, float32 base and threshold decisions; filter changes reuse analysis
ok 438 - Frequency split preserves 4320 native views, float32 base and threshold decisions; filter changes reuse analysis
  ---
  duration_ms: 4647.1065
  type: 'test'
  ...
# Subtest: Ghost maps retain native raw float64 block means and normalized cubes across quality endpoints and phase rolls
ok 439 - Ghost maps retain native raw float64 block means and normalized cubes across quality endpoints and phase rolls
  ---
  duration_ms: 6497.498666
  type: 'test'
  ...
# Subtest: All 640 native gradient views share private derivatives, resetting length extrema after inversion
ok 440 - All 640 native gradient views share private derivatives, resetting length extrema after inversion
  ---
  duration_ms: 14256.577417
  type: 'test'
  ...
# Subtest: Cached gradient orientation, cancellation, eviction and low-budget uncached path remain exact
ok 441 - Cached gradient orientation, cancellation, eviction and low-budget uncached path remain exact
  ---
  duration_ms: 7726.374041
  type: 'test'
  ...
# Subtest: Staged arithmetic reproduces all 640 native gradient variants, including global normalization and equalization
ok 442 - Staged arithmetic reproduces all 640 native gradient variants, including global normalization and equalization
  ---
  duration_ms: 1788.439208
  type: 'test'
  ...
# Subtest: header-only API agrees with byte parser without pixel decode, source registration or full JPEG read
ok 443 - header-only API agrees with byte parser without pixel decode, source registration or full JPEG read
  ---
  duration_ms: 53.863917
  type: 'test'
  ...
# Subtest: header-only cancellation, malformed input and memory refusal leave engine reusable
ok 444 - header-only cancellation, malformed input and memory refusal leave engine reusable
  ---
  duration_ms: 11.909125
  type: 'test'
  ...
# { outputs: 1440, maxNumericError: 1.1227130336521896e-14 }
# Subtest: native illuminant: all methods, cells, transfers, exclusions and views
ok 445 - native illuminant: all methods, cells, transfers, exclusions and views
  ---
  duration_ms: 7556.754
  type: 'test'
  ...
# Subtest: PNG/TIFF source bytes and native RGB conversion, including alpha and 16-bit inputs
ok 446 - PNG/TIFF source bytes and native RGB conversion, including alpha and 16-bit inputs
  ---
  duration_ms: 73.08025
  type: 'test'
  ...
# Subtest: Four supported perceptual hashes match native bytes on every fixture
ok 447 - Four supported perceptual hashes match native bytes on every fixture
  ---
  duration_ms: 91.874833
  type: 'test'
  ...
# Subtest: Fresh CPU pools dispatch requested work once: no baseline, probe or repeated candidate
ok 448 - Fresh CPU pools dispatch requested work once: no baseline, probe or repeated candidate
  ---
  duration_ms: 3.788958
  type: 'test'
  ...
# Subtest: Fresh GPU preparation creates only its required device/pipeline and dispatches no probe
ok 449 - Fresh GPU preparation creates only its required device/pipeline and dispatches no probe
  ---
  duration_ms: 0.290792
  type: 'test'
  ...
# Subtest: paged libjpeg coefficients equal all native histograms with forced backing stores
ok 450 - paged libjpeg coefficients equal all native histograms with forced backing stores
  ---
  duration_ms: 1812.688334
  type: 'test'
  ...
# Subtest: paged coefficients release stores and reservations on I/O failure, cancellation and truncation
ok 451 - paged coefficients release stores and reservations on I/O failure, cancellation and truncation
  ---
  duration_ms: 334.382042
  type: 'test'
  ...
# Subtest: bounded coefficient admission fails before allocating storage
ok 452 - bounded coefficient admission fails before allocating storage
  ---
  duration_ms: 0.280416
  type: 'test'
  ...
# Subtest: paged original RGB decode preserves baseline and progressive native-codec pixels
ok 453 - paged original RGB decode preserves baseline and progressive native-codec pixels
  ---
  duration_ms: 647.04725
  type: 'test'
  ...
# Subtest: progressive decode closes backing stores after output failure or cancellation
ok 454 - progressive decode closes backing stores after output failure or cancellation
  ---
  duration_ms: 478.873625
  type: 'test'
  ...
# Subtest: one global RGB JPEG streamed through external bytes matches every native recompression fixture
ok 455 - one global RGB JPEG streamed through external bytes matches every native recompression fixture
  ---
  duration_ms: 3229.471625
  type: 'test'
  ...
# Subtest: encoded cache keeps two qualities, hits skip encoding, cancellation leaves no partial cache
ok 456 - encoded cache keeps two qualities, hits skip encoding, cancellation leaves no partial cache
  ---
  duration_ms: 94.972708
  type: 'test'
  ...
# Subtest: RGB JPEG workspace refusal and a failed source read never leak cache storage
ok 457 - RGB JPEG workspace refusal and a failed source read never leak cache storage
  ---
  duration_ms: 7.3025
  type: 'test'
  ...
# Subtest: shared budget reclaims idle encoded RAM, but never the JPEG currently being decoded
ok 458 - shared budget reclaims idle encoded RAM, but never the JPEG currently being decoded
  ---
  duration_ms: 40.694375
  type: 'test'
  ...
# Subtest: JPEG scanline decoding preserves baseline/progressive/gray/orientation pixels for different group sizes
ok 459 - JPEG scanline decoding preserves baseline/progressive/gray/orientation pixels for different group sizes
  ---
  duration_ms: 15624.99475
  type: 'test'
  ...
# Subtest: JPEG row cancellation frees decoder working buffers and allows clean reload without publishing partial data
ok 460 - JPEG row cancellation frees decoder working buffers and allows clean reload without publishing partial data
  ---
  duration_ms: 27.388208
  type: 'test'
  ...
# Subtest: paged JSON preserves current numeric arrays, escapes, nulls and key order
ok 461 - paged JSON preserves current numeric arrays, escapes, nulls and key order
  ---
  duration_ms: 7.491791
  type: 'test'
  ...
# Subtest: large integer fields write bounded chunks, cancellation and limits release
ok 462 - large integer fields write bounded chunks, cancellation and limits release
  ---
  duration_ms: 46.926875
  type: 'test'
  ...
# Subtest: trufor streamed NPZ matches legacy bytes including unaligned reads
ok 463 - trufor streamed NPZ matches legacy bytes including unaligned reads
  ---
  duration_ms: 13.809833
  type: 'test'
  ...
# Subtest: composite streamed NPZ matches legacy bytes including unaligned reads
ok 464 - composite streamed NPZ matches legacy bytes including unaligned reads
  ---
  duration_ms: 12.378625
  type: 'test'
  ...
# Subtest: catnet streamed NPZ matches legacy bytes including unaligned reads
ok 465 - catnet streamed NPZ matches legacy bytes including unaligned reads
  ---
  duration_ms: 5.80425
  type: 'test'
  ...
# Subtest: cfa streamed NPZ matches legacy bytes including unaligned reads
ok 466 - cfa streamed NPZ matches legacy bytes including unaligned reads
  ---
  duration_ms: 7.551292
  type: 'test'
  ...
# Subtest: forgeryscope streamed NPZ matches legacy bytes including unaligned reads
ok 467 - forgeryscope streamed NPZ matches legacy bytes including unaligned reads
  ---
  duration_ms: 12.656875
  type: 'test'
  ...
# Subtest: Large archive fits a small export budget and preparation cancellation releases it
ok 468 - Large archive fits a small export budget and preparation cancellation releases it
  ---
  duration_ms: 278.495375
  type: 'test'
  ...
# Subtest: TruFor tensor-backed async NPZ matches all dense bytes across unaligned windows
ok 469 - TruFor tensor-backed async NPZ matches all dense bytes across unaligned windows
  ---
  duration_ms: 17.24425
  type: 'test'
  ...
# Subtest: CAT-Net segmented maps preserve dense NPZ bytes including odd byte offsets
ok 470 - CAT-Net segmented maps preserve dense NPZ bytes including odd byte offsets
  ---
  duration_ms: 8.761708
  type: 'test'
  ...
# Subtest: Composite async NPZ preserves scalar types in segmented byte and float banks
ok 471 - Composite async NPZ preserves scalar types in segmented byte and float banks
  ---
  duration_ms: 13.114958
  type: 'test'
  ...
# Subtest: automatic Panels+Text empty-panel result completes without requiring OCR weights
ok 472 - automatic Panels+Text empty-panel result completes without requiring OCR weights
  ---
  duration_ms: 20.248792
  type: 'test'
  ...
# Subtest: sparse NPZ checks the metadata bound before building a large nested mirror
ok 473 - sparse NPZ checks the metadata bound before building a large nested mirror
  ---
  duration_ms: 0.563
  type: 'test'
  ...
# Subtest: equal96MP aspect ratios reach resource admission instead of a texture-axis guard
ok 474 - equal96MP aspect ratios reach resource admission instead of a texture-axis guard
  ---
  duration_ms: 0.967959
  type: 'test'
  ...
# Subtest: native pixel-index overflow and invalid dimensions fail before allocation
ok 475 - native pixel-index overflow and invalid dimensions fail before allocation
  ---
  duration_ms: 0.82775
  type: 'test'
  ...
# Subtest: long-axis oriented source lease preserves bytes and releases on success/failure 1
ok 476 - long-axis oriented source lease preserves bytes and releases on success/failure 1
  ---
  duration_ms: 47.462375
  type: 'test'
  ...
# Subtest: long-axis oriented source lease preserves bytes and releases on success/failure 6
ok 477 - long-axis oriented source lease preserves bytes and releases on success/failure 6
  ---
  duration_ms: 66.23375
  type: 'test'
  ...
# Subtest: learned candidate graph preserves all edges beyond 6000 points
ok 478 - learned candidate graph preserves all edges beyond 6000 points
  ---
  duration_ms: 137.66775
  type: 'test'
  ...
# Subtest: learned graph keeps more than four million directed edges globally
ok 479 - learned graph keeps more than four million directed edges globally
  ---
  duration_ms: 413.621833
  type: 'test'
  ...
# Subtest: typed confidence ordering preserves mutual choices and endpoint order
ok 480 - typed confidence ordering preserves mutual choices and endpoint order
  ---
  duration_ms: 0.941667
  type: 'test'
  ...
# Subtest: confidence threshold cut preserves native greedy seen flags and ties
ok 481 - confidence threshold cut preserves native greedy seen flags and ties
  ---
  duration_ms: 2.029583
  type: 'test'
  ...
# Subtest: typed correspondence pages reduce page size under pressure and preserve last assignment and contexts
ok 482 - typed correspondence pages reduce page size under pressure and preserve last assignment and contexts
  ---
  duration_ms: 1.750583
  type: 'test'
  ...
# Subtest: 30001 historical points survive response selection and enter useful Hamming work
ok 483 - 30001 historical points survive response selection and enter useful Hamming work
  ---
  duration_ms: 61.193083
  type: 'test'
  ...
# Subtest: global historical grouping retains more than the former 128 MiB index allowance
ok 484 - global historical grouping retains more than the former 128 MiB index allowance
  ---
  duration_ms: 1449.564458
  type: 'test'
  ...
# Subtest: spatial matcher keeps every pair beyond 100000, with separate context provenance
ok 485 - spatial matcher keeps every pair beyond 100000, with separate context provenance
  ---
  duration_ms: 189.289042
  type: 'test'
  ...
# Subtest: G2NN retains more than 100000 deduplicated pairs across global contexts
ok 486 - G2NN retains more than 100000 deduplicated pairs across global contexts
  ---
  duration_ms: 610.339709
  type: 'test'
  ...
# Subtest: G2NN training blocks preserve global neighbours across staging boundaries
ok 487 - G2NN training blocks preserve global neighbours across staging boundaries
  ---
  duration_ms: 1315.789458
  type: 'test'
  ...
# Subtest: research result windows preserve native nearest sampling and oriented RGB 1
ok 488 - research result windows preserve native nearest sampling and oriented RGB 1
  ---
  duration_ms: 77.303083
  type: 'test'
  ...
# Subtest: research result windows preserve native nearest sampling and oriented RGB 2
ok 489 - research result windows preserve native nearest sampling and oriented RGB 2
  ---
  duration_ms: 66.353417
  type: 'test'
  ...
# Subtest: research result windows preserve native nearest sampling and oriented RGB 3
ok 490 - research result windows preserve native nearest sampling and oriented RGB 3
  ---
  duration_ms: 66.584833
  type: 'test'
  ...
# Subtest: research result windows preserve native nearest sampling and oriented RGB 4
ok 491 - research result windows preserve native nearest sampling and oriented RGB 4
  ---
  duration_ms: 65.459292
  type: 'test'
  ...
# Subtest: research result windows preserve native nearest sampling and oriented RGB 5
ok 492 - research result windows preserve native nearest sampling and oriented RGB 5
  ---
  duration_ms: 75.346959
  type: 'test'
  ...
# Subtest: research result windows preserve native nearest sampling and oriented RGB 6
ok 493 - research result windows preserve native nearest sampling and oriented RGB 6
  ---
  duration_ms: 75.735208
  type: 'test'
  ...
# Subtest: research result windows preserve native nearest sampling and oriented RGB 7
ok 494 - research result windows preserve native nearest sampling and oriented RGB 7
  ---
  duration_ms: 74.404166
  type: 'test'
  ...
# Subtest: research result windows preserve native nearest sampling and oriented RGB 8
ok 495 - research result windows preserve native nearest sampling and oriented RGB 8
  ---
  duration_ms: 75.284125
  type: 'test'
  ...
# Subtest: map windows need no RGB source reads and refusal releases reservations
ok 496 - map windows need no RGB source reads and refusal releases reservations
  ---
  duration_ms: 2.513667
  type: 'test'
  ...
# Subtest: M3 segmented oriented source lease 1
ok 497 - M3 segmented oriented source lease 1
  ---
  duration_ms: 11.675959
  type: 'test'
  ...
# Subtest: M3 segmented oriented source lease 2
ok 498 - M3 segmented oriented source lease 2
  ---
  duration_ms: 20.960417
  type: 'test'
  ...
# Subtest: M3 segmented oriented source lease 3
ok 499 - M3 segmented oriented source lease 3
  ---
  duration_ms: 21.770542
  type: 'test'
  ...
# Subtest: M3 segmented oriented source lease 4
ok 500 - M3 segmented oriented source lease 4
  ---
  duration_ms: 16.951541
  type: 'test'
  ...
# Subtest: M3 segmented oriented source lease 5
ok 501 - M3 segmented oriented source lease 5
  ---
  duration_ms: 21.341917
  type: 'test'
  ...
# Subtest: M3 segmented oriented source lease 6
ok 502 - M3 segmented oriented source lease 6
  ---
  duration_ms: 19.919709
  type: 'test'
  ...
# Subtest: M3 segmented oriented source lease 7
ok 503 - M3 segmented oriented source lease 7
  ---
  duration_ms: 19.876166
  type: 'test'
  ...
# Subtest: M3 segmented oriented source lease 8
ok 504 - M3 segmented oriented source lease 8
  ---
  duration_ms: 20.739125
  type: 'test'
  ...
# Subtest: M3 materialization refusal releases earlier source and preserves original stores
ok 505 - M3 materialization refusal releases earlier source and preserves original stores
  ---
  duration_ms: 1.095875
  type: 'test'
  ...
# { outputs: 440 }
# Subtest: native magnifier: clipped ROI, empty regions, equalization and contrast
ok 506 - native magnifier: clipped ROI, empty regions, equalization and contrast
  ---
  duration_ms: 1082.321791
  type: 'test'
  ...
# Subtest: Median API owns local model bytes, caches analysis across views and invalidates model dependencies
ok 507 - Median API owns local model bytes, caches analysis across views and invalidates model dependencies
  ---
  duration_ms: 178.85
  type: 'test'
  ...
# Subtest: Median loading and analysis failures leave no active model reservations
ok 508 - Median loading and analysis failures leave no active model reservations
  ---
  duration_ms: 139.76725
  type: 'test'
  ...
# Subtest: Segmented median RPC contract owns grid masks and tracks local model cache dependencies
ok 509 - Segmented median RPC contract owns grid masks and tracks local model cache dependencies
  ---
  duration_ms: 162.053208
  type: 'test'
  ...
# Subtest: All four median feature formats preserve native float32 model inputs and declared float64 tolerance
ok 510 - All four median feature formats preserve native float32 model inputs and declared float64 tolerance
  ---
  duration_ms: 12459.751666
  type: 'test'
  ...
# Subtest: Median block extraction rejects layout/format mismatches and pre-cancelled work
ok 511 - Median block extraction rejects layout/format mismatches and pre-cancelled work
  ---
  duration_ms: 0.51525
  type: 'test'
  ...
# Subtest: Strict numeric model preserves float32 inputs, missing directions, sequential margins and owned scores
ok 512 - Strict numeric model preserves float32 inputs, missing directions, sequential margins and owned scores
  ---
  duration_ms: 14.440333
  type: 'test'
  ...
# Subtest: Invalid topology, layouts and byte budgets fail before a model is retained
ok 513 - Invalid topology, layouts and byte budgets fail before a model is retained
  ---
  duration_ms: 25.32725
  type: 'test'
  ...
# Subtest: Cancellation and disposal during useful model work release every counted buffer
ok 514 - Cancellation and disposal during useful model work release every counted buffer
  ---
  duration_ms: 6.719084
  type: 'test'
  ...
# Subtest: Median score filtering, variance/threshold decisions and linear64 RGB crops match native rendering
ok 515 - Median score filtering, variance/threshold decisions and linear64 RGB crops match native rendering
  ---
  duration_ms: 17131.243417
  type: 'test'
  ...
# Subtest: Median RGB luminance, black padding, complete batches and zero score border match native inputs
ok 516 - Median RGB luminance, black padding, complete batches and zero score border match native inputs
  ---
  duration_ms: 2996.257917
  type: 'test'
  ...
# Subtest: Median parameters and cancellation reject incomplete work
ok 517 - Median parameters and cancellation reject incomplete work
  ---
  duration_ms: 15.521042
  type: 'test'
  ...
# Subtest: Median pool starts useful batches at fitting capacity with no calibration and frees workers
ok 518 - Median pool starts useful batches at fitting capacity with no calibration and frees workers
  ---
  duration_ms: 133.115541
  type: 'test'
  ...
# Subtest: Median pool releases reservations and only retries recognized resource failures once
ok 519 - Median pool releases reservations and only retries recognized resource failures once
  ---
  duration_ms: 125.735916
  type: 'test'
  ...
# Subtest: Median worker admission preserves bounded source-window headroom without charging it twice
ok 520 - Median worker admission preserves bounded source-window headroom without charging it twice
  ---
  duration_ms: 1.918458
  type: 'test'
  ...
# Subtest: Synthetic GPS rationals and thumbnail offsets agree with independent reader and exact source bytes
ok 521 - Synthetic GPS rationals and thumbnail offsets agree with independent reader and exact source bytes
  ---
  duration_ms: 8.081375
  type: 'test'
  ...
# Subtest: All eight EXIF orientations, both byte orders, ICC and XMP preserve native RGB and source bytes
ok 522 - All eight EXIF orientations, both byte orders, ICC and XMP preserve native RGB and source bytes
  ---
  duration_ms: 107.387958
  type: 'test'
  ...
# Subtest: Malformed metadata is bounded and rejected explicitly
ok 523 - Malformed metadata is bounded and rejected explicitly
  ---
  duration_ms: 1.747583
  type: 'test'
  ...
# Subtest: migration owners share one allowance and keep it until the last in-flight I/O ends
ok 524 - migration owners share one allowance and keep it until the last in-flight I/O ends
  ---
  duration_ms: 4.170417
  type: 'test'
  ...
# Subtest: cancelled migration queue entries do not block later useful I/O
ok 525 - cancelled migration queue entries do not block later useful I/O
  ---
  duration_ms: 2.8545
  type: 'test'
  ...
# Subtest: store allocation failure releases the migration allowance and delete errors do not strand it
ok 526 - store allocation failure releases the migration allowance and delete errors do not strand it
  ---
  duration_ms: 3.883417
  type: 'test'
  ...
# Subtest: migration accounting survives a live buffer beyond operation completion
ok 527 - migration accounting survives a live buffer beyond operation completion
  ---
  duration_ms: 1.690916
  type: 'test'
  ...
# Subtest: Published neural handles and paged scientific exports own separate lifetimes
ok 528 - Published neural handles and paged scientific exports own separate lifetimes
  ---
  duration_ms: 22.673875
  type: 'test'
  ...
# Subtest: Cancellation or publication failure rolls back all unpublished neural planes
ok 529 - Cancellation or publication failure rolls back all unpublished neural planes
  ---
  duration_ms: 0.897834
  type: 'test'
  ...
# Subtest: Queued abort leaves active worker intact; output lease and dispose release separately
ok 530 - Queued abort leaves active worker intact; output lease and dispose release separately
  ---
  duration_ms: 3.675375
  type: 'test'
  ...
# Subtest: Useful allocation failure admits a larger real heap once, without a calibration job
ok 531 - Useful allocation failure admits a larger real heap once, without a calibration job
  ---
  duration_ms: 0.668583
  type: 'test'
  ...
# Subtest: Admission refusal and identity failure leave no active reservations
ok 532 - Admission refusal and identity failure leave no active reservations
  ---
  duration_ms: 0.405292
  type: 'test'
  ...
# Subtest: Auto uses CPU when GPU residency cannot fit, without disabling later GPU work
ok 533 - Auto uses CPU when GPU residency cannot fit, without disabling later GPU work
  ---
  duration_ms: 1.764667
  type: 'test'
  ...
# Subtest: Immutable input reuse avoids retransmission and keeps its residency charged
ok 534 - Immutable input reuse avoids retransmission and keeps its residency charged
  ---
  duration_ms: 0.536708
  type: 'test'
  ...
# Subtest: Separate neural pools initialize together but share a single admitted GPU execution
ok 535 - Separate neural pools initialize together but share a single admitted GPU execution
  ---
  duration_ms: 4.277708
  type: 'test'
  ...
# Subtest: Cancelling after initialization removes the pending execution without touching another pool
ok 536 - Cancelling after initialization removes the pending execution without touching another pool
  ---
  duration_ms: 0.630417
  type: 'test'
  ...
# Subtest: Idle reclamation drops only enough inexpensive model residency for the requested allocation
ok 537 - Idle reclamation drops only enough inexpensive model residency for the requested allocation
  ---
  duration_ms: 0.386666
  type: 'test'
  ...
# Subtest: GPU failure releases its execution lease before the useful CPU retry
ok 538 - GPU failure releases its execution lease before the useful CPU retry
  ---
  duration_ms: 0.315583
  type: 'test'
  ...
# Subtest: ORT CPU width follows shared capacity between useful jobs without multiplying worker teams
ok 539 - ORT CPU width follows shared capacity between useful jobs without multiplying worker teams
  ---
  duration_ms: 0.889667
  type: 'test'
  ...
# Subtest: GPU inference proceeds while all CPU slots are occupied and retains no CPU slot
ok 540 - GPU inference proceeds while all CPU slots are occupied and retains no CPU slot
  ---
  duration_ms: 0.17575
  type: 'test'
  ...
# Subtest: Hybrid CFA exchanges its GPU admission for CPU work and returns the CPU slot before GPU wait
ok 541 - Hybrid CFA exchanges its GPU admission for CPU work and returns the CPU slot before GPU wait
  ---
  duration_ms: 0.262042
  type: 'test'
  ...
# Subtest: Opaque ORT WebGPU retains one CPU admission for possible WASM fallback operators
ok 542 - Opaque ORT WebGPU retains one CPU admission for possible WASM fallback operators
  ---
  duration_ms: 0.207542
  type: 'test'
  ...
# Subtest: Canonical neural identity hashes oriented RGB, memoizes only completed reads and releases every window
ok 543 - Canonical neural identity hashes oriented RGB, memoizes only completed reads and releases every window
  ---
  duration_ms: 65.008625
  type: 'test'
  ...
# Subtest: Both controllers consume real row crops, keep only serializable context and recompose cached grids
ok 544 - Both controllers consume real row crops, keep only serializable context and recompose cached grids
  ---
  duration_ms: 18.332709
  type: 'test'
  ...
# Subtest: independent ORT CPU output ownership moves without a second array allocation
ok 545 - independent ORT CPU output ownership moves without a second array allocation
  ---
  duration_ms: 1.490875
  type: 'test'
  ...
# Subtest: feed aliases, borrowed slices and pinned memory retain their copy boundary
ok 546 - feed aliases, borrowed slices and pinned memory retain their copy boundary
  ---
  duration_ms: 0.136041
  type: 'test'
  ...
# Subtest: shared output storage is copied and duplicate owned buffers transfer once
ok 547 - shared output storage is copied and duplicate owned buffers transfer once
  ---
  duration_ms: 0.293125
  type: 'test'
  ...
# Subtest: Neural numeric/mask handles remain owned across sibling disposal and streaming exports preserve native NPY fields
ok 548 - Neural numeric/mask handles remain owned across sibling disposal and streaming exports preserve native NPY fields
  ---
  duration_ms: 46.350875
  type: 'test'
  ...
# Subtest: Neural streamed export cancellation/limit leaves its scientific stores available
ok 549 - Neural streamed export cancellation/limit leaves its scientific stores available
  ---
  duration_ms: 15.786542
  type: 'test'
  ...
# Subtest: Row preparations preserve all Torch and Pillow native tensor references across arbitrary strips
ok 550 - Row preparations preserve all Torch and Pillow native tensor references across arbitrary strips
  ---
  duration_ms: 4280.195166
  type: 'test'
  ...
# Subtest: Oriented half-open ROI reads match contiguous preparations and retain source bytes
ok 551 - Oriented half-open ROI reads match contiguous preparations and retain source bytes
  ---
  duration_ms: 709.353667
  type: 'test'
  ...
# Subtest: Rows preparation cancellation, malformed reads and memory refusal release windows and allow retry
ok 552 - Rows preparation cancellation, malformed reads and memory refusal release windows and allow retry
  ---
  duration_ms: 48.522291
  type: 'test'
  ...
# Subtest: Bounded projection rows preserve native full-output float bits for D2PRL and CMSeg domains
ok 553 - Bounded projection rows preserve native full-output float bits for D2PRL and CMSeg domains
  ---
  duration_ms: 5659.473459
  type: 'test'
  ...
# Subtest: Projection cancellation, consumer failure, nonfinite data and admission errors preserve input and release staging
ok 554 - Projection cancellation, consumer failure, nonfinite data and admission errors preserve input and release staging
  ---
  duration_ms: 10.600417
  type: 'test'
  ...
# Subtest: channel-major windows cross byte pages and use complete global reductions
ok 555 - channel-major windows cross byte pages and use complete global reductions
  ---
  duration_ms: 23.694041
  type: 'test'
  ...
# Subtest: strided local operators retain halos, align phase and cover outputs exactly once
ok 556 - strided local operators retain halos, align phase and cover outputs exactly once
  ---
  duration_ms: 3.805584
  type: 'test'
  ...
# Subtest: temporary tensors retain >4 GiB offsets without allocating a global buffer
ok 557 - temporary tensors retain >4 GiB offsets without allocating a global buffer
  ---
  duration_ms: 2.683209
  type: 'test'
  ...
# Subtest: cancelled and failed window reads release their scratch leases
ok 558 - cancelled and failed window reads release their scratch leases
  ---
  duration_ms: 2.101083
  type: 'test'
  ...
# Subtest: GPU graph preserves ordered passes with two activation buffers and bounded command batches
ok 559 - GPU graph preserves ordered passes with two activation buffers and bounded command batches
  ---
  duration_ms: 3.659208
  type: 'test'
  ...
# Subtest: Replacing model identity and failed useful execution release retained GPU resources
ok 560 - Replacing model identity and failed useful execution release retained GPU resources
  ---
  duration_ms: 0.763041
  type: 'test'
  ...
# Subtest: Smaller useful windows reuse the arena and expose only the current output extent
ok 561 - Smaller useful windows reuse the arena and expose only the current output extent
  ---
  duration_ms: 0.538
  type: 'test'
  ...
# Subtest: 96MP two-bit memberships retain repeated marks and full native byte export
ok 562 - 96MP two-bit memberships retain repeated marks and full native byte export
  ---
  duration_ms: 4685.448125
  type: 'test'
  ...
# Subtest: insufficient spare RAM keeps the byte-page fallback; cancellation releases packed data
ok 563 - insufficient spare RAM keeps the byte-page fallback; cancellation releases packed data
  ---
  duration_ms: 0.470125
  type: 'test'
  ...
# { cases: 8 }
# Subtest: external global selection preserves all channel/bin orders and flags with stored sparse patches
ok 564 - external global selection preserves all channel/bin orders and flags with stored sparse patches
  ---
  duration_ms: 4760.66975
  type: 'test'
  ...
# { nativeViews: 360 }
# Subtest: global stored selection, ordered growth and three views retain native outputs
ok 565 - global stored selection, ordered growth and three views retain native outputs
  ---
  duration_ms: 16847.905833
  type: 'test'
  ...
# Subtest: cancel stored analysis phases and keep published old view alive across cache replacement
ok 566 - cancel stored analysis phases and keep published old view alive across cache replacement
  ---
  duration_ms: 921.844334
  type: 'test'
  ...
# Subtest: NPZ pages match existing archive bytes, including int64 IDs and BGR distribution
ok 567 - NPZ pages match existing archive bytes, including int64 IDs and BGR distribution
  ---
  duration_ms: 366.428333
  type: 'test'
  ...
# Subtest: stored byte8x8 standard deviations preserve every native sum bit and ties
ok 568 - stored byte8x8 standard deviations preserve every native sum bit and ties
  ---
  duration_ms: 61.859416
  type: 'test'
  ...
# Subtest: selected RGB patch samples preserve native deviations through all source orientations
ok 569 - selected RGB patch samples preserve native deviations through all source orientations
  ---
  duration_ms: 172.221834
  type: 'test'
  ...
# { cases: 36 }
# Subtest: segmented statistics preserve native global means, validity and DCT
ok 570 - segmented statistics preserve native global means, validity and DCT
  ---
  duration_ms: 1598.561917
  type: 'test'
  ...
# Subtest: megapixel segmented statistics retain global FFT grid and clean cancellation
ok 571 - megapixel segmented statistics retain global FFT grid and clean cancellation
  ---
  duration_ms: 11999.656875
  type: 'test'
  ...
# Subtest: Noisesniffer native statistics, unstable selection ties, positive regions and three views
ok 572 - Noisesniffer native statistics, unstable selection ties, positive regions and three views
  ---
  duration_ms: 3650.547833
  type: 'test'
  ...
# Subtest: Noisesniffer original FMA statistics and independent DCT bands preserve each native value
ok 573 - Noisesniffer original FMA statistics and independent DCT bands preserve each native value
  ---
  duration_ms: 1401.732584
  type: 'test'
  ...
# Subtest: Noisesniffer 1 MP statistics retain the full native bitstream without resizing
ok 574 - Noisesniffer 1 MP statistics retain the full native bitstream without resizing
  ---
  duration_ms: 6221.722458
  type: 'test'
  ...
# Subtest: Noisesniffer public lifecycle, defensive buffers, stage/view caches and exports
ok 575 - Noisesniffer public lifecycle, defensive buffers, stage/view caches and exports
  ---
  duration_ms: 517.197083
  type: 'test'
  ...
# Subtest: Noisesniffer reports numerical ambiguity instead of silently changing a boundary decision
ok 576 - Noisesniffer reports numerical ambiguity instead of silently changing a boundary decision
  ---
  duration_ms: 2.05925
  type: 'test'
  ...
# Subtest: Noisesniffer budget and parameter rejection leave the source intact
ok 577 - Noisesniffer budget and parameter rejection leave the source intact
  ---
  duration_ms: 3.649834
  type: 'test'
  ...
# Subtest: Scientific row banks preserve float64, float32 and bytes through unaligned byte pages
ok 578 - Scientific row banks preserve float64, float32 and bytes through unaligned byte pages
  ---
  duration_ms: 10.295167
  type: 'test'
  ...
# Subtest: Numeric bank cancellation and invalid scalar types never retain scratch memory
ok 579 - Numeric bank cancellation and invalid scalar types never retain scratch memory
  ---
  duration_ms: 0.998417
  type: 'test'
  ...
# Subtest: scientific windows preserve float/int bits, coordinate offsets and independent output ownership
ok 580 - scientific windows preserve float/int bits, coordinate offsets and independent output ownership
  ---
  duration_ms: 9.668791
  type: 'test'
  ...
# Subtest: external paired sort preserves NumPy unstable ties, NaNs and adversarial partitions
ok 581 - external paired sort preserves NumPy unstable ties, NaNs and adversarial partitions
  ---
  duration_ms: 300.150292
  type: 'test'
  ...
# Subtest: OPFS logical arrays cross GiB and uint32 seams with short physical I/O
ok 582 - OPFS logical arrays cross GiB and uint32 seams with short physical I/O
  ---
  duration_ms: 4.721375
  type: 'test'
  ...
# Subtest: OPFS cleans partial multi-file allocation and restores logical admission
ok 583 - OPFS cleans partial multi-file allocation and restores logical admission
  ---
  duration_ms: 0.615292
  type: 'test'
  ...
# Subtest: OPFS rejects impossible successful byte counts and failed truncation
ok 584 - OPFS rejects impossible successful byte counts and failed truncation
  ---
  duration_ms: 0.426667
  type: 'test'
  ...
# Subtest: source orientation cache keeps raw store, IDs, metadata and exact whole/cropped pixels
ok 585 - source orientation cache keeps raw store, IDs, metadata and exact whole/cropped pixels
  ---
  duration_ms: 476.259708
  type: 'test'
  ...
# Subtest: cache failure and cancellation remove only the cache and leave raw source owned
ok 586 - cache failure and cancellation remove only the cache and leave raw source owned
  ---
  duration_ms: 17.043542
  type: 'test'
  ...
# Subtest: optional orientation cache falls back only on resource limits and preserves raw ownership
ok 587 - optional orientation cache falls back only on resource limits and preserves raw ownership
  ---
  duration_ms: 0.44225
  type: 'test'
  ...
# Subtest: both source stores are released even if one disposer throws synchronously
ok 588 - both source stores are released even if one disposer throws synchronously
  ---
  duration_ms: 10.721167
  type: 'test'
  ...
# Subtest: segmented PCA keeps native basis and every view across chunk boundaries and orientation
ok 589 - segmented PCA keeps native basis and every view across chunk boundaries and orientation
  ---
  duration_ms: 10427.694208
  type: 'test'
  ...
# Subtest: temporary PCA arrays close on cancellation and preserve source on failed writes
ok 590 - temporary PCA arrays close on cancellation and preserve source on failed writes
  ---
  duration_ms: 915.134625
  type: 'test'
  ...
# Subtest: PCA preserves native float64 axes, eigenvalues and every rendered view
ok 591 - PCA preserves native float64 axes, eigenvalues and every rendered view
  ---
  duration_ms: 1099.564167
  type: 'test'
  ...
# Subtest: Pixel operations share admission, lifecycle, provenance and defensive cache ownership
ok 592 - Pixel operations share admission, lifecycle, provenance and defensive cache ownership
  ---
  duration_ms: 82.253917
  type: 'test'
  ...
# Subtest: Defect CSV bytes match native export for all radius/kind/view/threshold variants
ok 593 - Defect CSV bytes match native export for all radius/kind/view/threshold variants
  ---
  duration_ms: 357.142459
  type: 'test'
  ...
# Subtest: Cancellation does not publish or retain partial masks and results
ok 594 - Cancellation does not publish or retain partial masks and results
  ---
  duration_ms: 26.919959
  type: 'test'
  ...
# Subtest: colors.stats matches native pixels, masks and numeric data for all fixtures
ok 595 - colors.stats matches native pixels, masks and numeric data for all fixtures
  ---
  duration_ms: 84.741542
  type: 'test'
  ...
# Subtest: noise.planes matches native pixels, masks and numeric data for all fixtures
ok 596 - noise.planes matches native pixels, masks and numeric data for all fixtures
  ---
  duration_ms: 3099.2995
  type: 'test'
  ...
# Subtest: inspection.histogram matches native pixels, masks and numeric data for all fixtures
ok 597 - inspection.histogram matches native pixels, masks and numeric data for all fixtures
  ---
  duration_ms: 224.129667
  type: 'test'
  ...
# Subtest: noise.minmax matches native pixels, masks and numeric data for all fixtures
ok 598 - noise.minmax matches native pixels, masks and numeric data for all fixtures
  ---
  duration_ms: 5840.217375
  type: 'test'
  ...
# Subtest: pixels.defects matches native pixels, masks and numeric data for all fixtures
ok 599 - pixels.defects matches native pixels, masks and numeric data for all fixtures
  ---
  duration_ms: 1448.407
  type: 'test'
  ...
# Subtest: Pixel tool parameters reject unknown keys and invalid variants
ok 600 - Pixel tool parameters reject unknown keys and invalid variants
  ---
  duration_ms: 0.6385
  type: 'test'
  ...
# Subtest: Histogram preserves integer counts beyond the float32 exact limit
ok 601 - Histogram preserves integer counts beyond the float32 exact limit
  ---
  duration_ms: 234.999334
  type: 'test'
  ...
# Subtest: camera preserves normalized axes and projected center
ok 602 - camera preserves normalized axes and projected center
  ---
  duration_ms: 1.774083
  type: 'test'
  ...
# Subtest: values-only layout bypasses redundant CPU geometry without changing data
ok 603 - values-only layout bypasses redundant CPU geometry without changing data
  ---
  duration_ms: 0.240958
  type: 'test'
  ...
# Subtest: RGB/HSV plot values, axes, color and alpha match native; view changes reuse analysis
ok 604 - RGB/HSV plot values, axes, color and alpha match native; view changes reuse analysis
  ---
  duration_ms: 4789.640083
  type: 'test'
  ...
# Subtest: PNG eXIf directories GPS and thumbnail match native before and after IDAT
ok 605 - PNG eXIf directories GPS and thumbnail match native before and after IDAT
  ---
  duration_ms: 77.72225
  type: 'test'
  ...
# Subtest: duplicated or out-of-range PNG eXIf is explicitly rejected
ok 606 - duplicated or out-of-range PNG eXIf is explicitly rejected
  ---
  duration_ms: 1.828916
  type: 'test'
  ...
# Subtest: native PNG packed gray, palette/tRNS, Adam7 and EXIF orientation through both load paths
ok 607 - native PNG packed gray, palette/tRNS, Adam7 and EXIF orientation through both load paths
  ---
  duration_ms: 199.900125
  type: 'test'
  ...
# Subtest: unsupported PNG depth/type and coding methods fail before decode
ok 608 - unsupported PNG depth/type and coding methods fail before decode
  ---
  duration_ms: 1.112791
  type: 'test'
  ...
# Subtest: sparse PNG headers skip image/compressed metadata bytes and preserve late eXIf absolute offsets
ok 609 - sparse PNG headers skip image/compressed metadata bytes and preserve late eXIf absolute offsets
  ---
  duration_ms: 48.814
  type: 'test'
  ...
# Subtest: PNG chunk corruption, ambiguous EXIF, oversized metadata and cancellation recover cleanly
ok 610 - PNG chunk corruption, ambiguous EXIF, oversized metadata and cancellation recover cleanly
  ---
  duration_ms: 17.506667
  type: 'test'
  ...
# Subtest: all qualified PNG depth, palette, Adam7 and EXIF cases keep identical structural headers
ok 611 - all qualified PNG depth, palette, Adam7 and EXIF cases keep identical structural headers
  ---
  duration_ms: 183.076834
  type: 'test'
  ...
# Subtest: 22MP public PNG stream and six native hashes retain source bytes without contiguous staging
ok 612 - 22MP public PNG stream and six native hashes retain source bytes without contiguous staging
  ---
  duration_ms: 4025.412333
  type: 'test'
  ...
# Subtest: Adam7 segmented source supports the non-JPEG quality curve and explicit decode cancellation
ok 613 - Adam7 segmented source supports the non-JPEG quality curve and explicit decode cancellation
  ---
  duration_ms: 3549.191125
  type: 'test'
  ...
# Subtest: segmented animated PNG is explicitly refused before frame interpretation
ok 614 - segmented animated PNG is explicitly refused before frame interpretation
  ---
  duration_ms: 71.05675
  type: 'test'
  ...
# Subtest: libpng async scanlines preserve native RGB across depths, palette, alpha, Adam7 and EXIF orientation
ok 615 - libpng async scanlines preserve native RGB across depths, palette, alpha, Adam7 and EXIF orientation
  ---
  duration_ms: 796.488959
  type: 'test'
  ...
# Subtest: PNG stream corrupt/truncated input, source-read cancellation and budget refusal release native admission
ok 616 - PNG stream corrupt/truncated input, source-read cancellation and budget refusal release native admission
  ---
  duration_ms: 16.601375
  type: 'test'
  ...
# Subtest: immutable broker groups useful page reads, preserves seams, and releases pins
ok 617 - immutable broker groups useful page reads, preserves seams, and releases pins
  ---
  duration_ms: 52.232333
  type: 'test'
  ...
# Subtest: mutable broker serializes the owned backing and flushes before publication
ok 618 - mutable broker serializes the owned backing and flushes before publication
  ---
  duration_ms: 4.054584
  type: 'test'
  ...
# Subtest: shared mutable publication includes sparse zero banks and borrows one reservation
ok 619 - shared mutable publication includes sparse zero banks and borrows one reservation
  ---
  duration_ms: 0.58625
  type: 'test'
  ...
# Subtest: shared cache reuses actual pages across clients and waits for retirement acknowledgements
ok 620 - shared cache reuses actual pages across clients and waits for retirement acknowledgements
  ---
  duration_ms: 3.066417
  type: 'test'
  ...
# Subtest: released competing RAM expands useful shared pages and nested workers acknowledge retirement
ok 621 - released competing RAM expands useful shared pages and nested workers acknowledge retirement
  ---
  duration_ms: 14.981042
  type: 'test'
  ...
# Subtest: cold result reclamation preserves useful bytes and excludes active read pins
ok 622 - cold result reclamation preserves useful bytes and excludes active read pins
  ---
  duration_ms: 1.746709
  type: 'test'
  ...
# Subtest: forcing the portable immutable broker still pins its source
ok 623 - forcing the portable immutable broker still pins its source
  ---
  duration_ms: 0.41825
  type: 'test'
  ...
# Subtest: adopted worker SAB outputs migrate after publication without a duplicate reservation or recomputation
ok 624 - adopted worker SAB outputs migrate after publication without a duplicate reservation or recomputation
  ---
  duration_ms: 2.155916
  type: 'test'
  ...
# Subtest: segmented I/O and migrations forward the operation-owned staging allocator
ok 625 - segmented I/O and migrations forward the operation-owned staging allocator
  ---
  duration_ms: 3.560917
  type: 'test'
  ...
# Subtest: completed bootstrap writer becomes an immutable pin without disconnecting its reader
ok 626 - completed bootstrap writer becomes an immutable pin without disconnecting its reader
  ---
  duration_ms: 4.547208
  type: 'test'
  ...
# Subtest: broker read staging is admitted before a competing heap fills the budget
ok 627 - broker read staging is admitted before a competing heap fills the budget
  ---
  duration_ms: 0.475125
  type: 'test'
  ...
# Subtest: small and empty broker planes reserve only their possible windows
ok 628 - small and empty broker planes reserve only their possible windows
  ---
  duration_ms: 0.692375
  type: 'test'
  ...
# Subtest: optional shared cache metadata failures preserve direct transport and later useful admission
ok 629 - optional shared cache metadata failures preserve direct transport and later useful admission
  ---
  duration_ms: 0.416916
  type: 'test'
  ...
# Subtest: failed cache growth waits for external memory release and never feeds its own notifications
ok 630 - failed cache growth waits for external memory release and never feeds its own notifications
  ---
  duration_ms: 15.357375
  type: 'test'
  ...
# Subtest: Dispose during factory initialization keeps the heap charged until completion
ok 631 - Dispose during factory initialization keeps the heap charged until completion
  ---
  duration_ms: 1.645292
  type: 'test'
  ...
# Subtest: bounded PRNU NCC preserves NumPy reductions across crops and 8192 boundaries
ok 632 - bounded PRNU NCC preserves NumPy reductions across crops and 8192 boundaries
  ---
  duration_ms: 51.948916
  type: 'test'
  ...
# Subtest: HDF5 fingerprints ingest progressively into disposable stores and retain native scores
ok 633 - HDF5 fingerprints ingest progressively into disposable stores and retain native scores
  ---
  duration_ms: 149.864
  type: 'test'
  ...
# Subtest: stored native fingerprints export progressively to exact HDF5 datasets and metadata
ok 634 - stored native fingerprints export progressively to exact HDF5 datasets and metadata
  ---
  duration_ms: 172.409167
  type: 'test'
  ...
# Subtest: HDF5 encoded random-access storage preserves datasets without a full encoded byte buffer
ok 635 - HDF5 encoded random-access storage preserves datasets without a full encoded byte buffer
  ---
  duration_ms: 34.5045
  type: 'test'
  ...
# Subtest: complete PRNU axes retain every bit of the qualified global FFT convolution
ok 636 - complete PRNU axes retain every bit of the qualified global FFT convolution
  ---
  duration_ms: 229.863375
  type: 'test'
  ...
# Subtest: PRNU display uses native decimal ties-to-even without changing raw thresholds
ok 637 - PRNU display uses native decimal ties-to-even without changing raw thresholds
  ---
  duration_ms: 0.869959
  type: 'test'
  ...
# Subtest: PRNU filename grouping follows the native basename/stem rule, including dots and literal backslashes
ok 638 - PRNU filename grouping follows the native basename/stem rule, including dots and literal backslashes
  ---
  duration_ms: 0.094375
  type: 'test'
  ...
# Subtest: PRNU seed file hash is checked before installing; a failed load can retry
ok 639 - PRNU seed file hash is checked before installing; a failed load can retry
  ---
  duration_ms: 24.964125
  type: 'test'
  ...
# Subtest: PRNU native residuals, buffered/cropped NCC, thresholds, training means and HDF5 retain exact float64
ok 640 - PRNU native residuals, buffered/cropped NCC, thresholds, training means and HDF5 retain exact float64
  ---
  duration_ms: 1161.346375
  type: 'test'
  ...
# Subtest: PRNU two-multiplier SIMD FMA equals the IEEE reference, including cancellation and midpoint ties
ok 641 - PRNU two-multiplier SIMD FMA equals the IEEE reference, including cancellation and midpoint ties
  ---
  duration_ms: 2448.192667
  type: 'test'
  ...
# Subtest: PRNU selectable original and SIMD residuals retain every native float64 bit
ok 642 - PRNU selectable original and SIMD residuals retain every native float64 bit
  ---
  duration_ms: 2502.254333
  type: 'test'
  ...
# Subtest: PRNU 8 MP residual bits match the independent native recipe checksum
ok 643 - PRNU 8 MP residual bits match the independent native recipe checksum
  ---
  duration_ms: 3684.998333
  type: 'test'
  ...
# Subtest: PRNU HDF5 memory admission and cancellation release reservations and leave no partial snapshot
ok 644 - PRNU HDF5 memory admission and cancellation release reservations and leave no partial snapshot
  ---
  duration_ms: 24.507917
  type: 'test'
  ...
# Subtest: PRNU engine references, caches, original bytes, explicit streaming snapshots and exports
ok 645 - PRNU engine references, caches, original bytes, explicit streaming snapshots and exports
  ---
  duration_ms: 391.973667
  type: 'test'
  ...
# Subtest: PRNU engine cancels a snapshot between files and rejects a small budget before allocation
ok 646 - PRNU engine cancels a snapshot between files and rejects a small budget before allocation
  ---
  duration_ms: 245.439834
  type: 'test'
  ...
# Subtest: Aggressive resources adapt to RAM/heap/cores independently of forensic parameters
ok 647 - Aggressive resources adapt to RAM/heap/cores independently of forensic parameters
  ---
  duration_ms: 4.662625
  type: 'test'
  ...
# Subtest: one JavaScript isolate heap does not cap shared banks and all worker heaps together
ok 648 - one JavaScript isolate heap does not cap shared banks and all worker heaps together
  ---
  duration_ms: 0.10075
  type: 'test'
  ...
# Subtest: Quality model is explicit, curve cache survives model changes, outputs and dependencies are owned
ok 649 - Quality model is explicit, curve cache survives model changes, outputs and dependencies are owned
  ---
  duration_ms: 50.280541
  type: 'test'
  ...
# Subtest: JPEG table evidence has priority; corrupt tables suppress learned fallback
ok 650 - JPEG table evidence has priority; corrupt tables suppress learned fallback
  ---
  duration_ms: 421.67425
  type: 'test'
  ...
# Subtest: Quality cancellation and malformed models release admission, then recover
ok 651 - Quality cancellation and malformed models release admission, then recover
  ---
  duration_ms: 155.652625
  type: 'test'
  ...
# Subtest: Quality normalization preserves all native non-JPEG curves and rejects nonfinite values
ok 652 - Quality normalization preserves all native non-JPEG curves and rejects nonfinite values
  ---
  duration_ms: 18.393458
  type: 'test'
  ...
# Subtest: Quality regression starts with float32 base score, keeps sequential rounding and never clips or sigmoids
ok 653 - Quality regression starts with float32 base score, keeps sequential rounding and never clips or sigmoids
  ---
  duration_ms: 13.052625
  type: 'test'
  ...
# Subtest: Quality and median readers keep separate feature/objective contracts and reject unqualified base scores
ok 654 - Quality and median readers keep separate feature/objective contracts and reject unqualified base scores
  ---
  duration_ms: 11.181292
  type: 'test'
  ...
# Subtest: Native JPEG quality tables, all 100 grayscale recompressions and final minimum agree
ok 655 - Native JPEG quality tables, all 100 grayscale recompressions and final minimum agree
  ---
  duration_ms: 875.860375
  type: 'test'
  ...
# Subtest: Quantization estimator does not fabricate absent component tables
ok 656 - Quantization estimator does not fabricate absent component tables
  ---
  duration_ms: 0.154541
  type: 'test'
  ...
# Subtest: native fixed-angle projection and floating normalization match six large independent patterns
ok 657 - native fixed-angle projection and floating normalization match six large independent patterns
  ---
  duration_ms: 1994.889958
  type: 'test'
  ...
# Subtest: contiguous digest uses the identical corrected radial arithmetic
ok 658 - contiguous digest uses the identical corrected radial arithmetic
  ---
  duration_ms: 453.55025
  type: 'test'
  ...
# Subtest: native PNG exports preserve every oriented RGB byte and raw mask/flag values, with independent CRC/filter decoding
ok 659 - native PNG exports preserve every oriented RGB byte and raw mask/flag values, with independent CRC/filter decoding
  ---
  duration_ms: 1627.924167
  type: 'test'
  ...
# Subtest: public export survives source unload, owned pages reject stale handles, stream applies backpressure and releases
ok 660 - public export survives source unload, owned pages reject stale handles, stream applies backpressure and releases
  ---
  duration_ms: 58.771542
  type: 'test'
  ...
# Subtest: output cap, cancellation, source read failure and memory refusal release unpublished storage
ok 661 - output cap, cancellation, source read failure and memory refusal release unpublished storage
  ---
  duration_ms: 42.212167
  type: 'test'
  ...
# Subtest: failed destination aborts and releases the completed export
ok 662 - failed destination aborts and releases the completed export
  ---
  duration_ms: 13.279375
  type: 'test'
  ...
# Subtest: multi-page destination backpressure and disposed engine cleanup retain no complete encoded copy
ok 663 - multi-page destination backpressure and disposed engine cleanup retain no complete encoded copy
  ---
  duration_ms: 349.887125
  type: 'test'
  ...
# Subtest: public result-mask export keeps raw evidence and survives source/result release
ok 664 - public result-mask export keeps raw evidence and survives source/result release
  ---
  duration_ms: 2421.173083
  type: 'test'
  ...
# Subtest: historical 101-quality loss through original PNG, cached quality estimation and CSV export
ok 665 - historical 101-quality loss through original PNG, cached quality estimation and CSV export
  ---
  duration_ms: 712.497583
  type: 'test'
  ...
# Subtest: recompression cancellation frees active admission and permits a subsequent useful run
ok 666 - recompression cancellation frees active admission and permits a subsequent useful run
  ---
  duration_ms: 154.967
  type: 'test'
  ...
# Subtest: EM surfaces/tables own source-relative maps for full-memory and segmented sources
ok 667 - EM surfaces/tables own source-relative maps for full-memory and segmented sources
  ---
  duration_ms: 493.524583
  type: 'test'
  ...
# Subtest: disposing a complete-memory source closes EM cache even after all published handles are released
ok 668 - disposing a complete-memory source closes EM cache even after all published handles are released
  ---
  duration_ms: 260.7525
  type: 'test'
  ...
# Subtest: global native ROI maps, composites and their Fourier outputs preserve bits and existing tolerance
ok 669 - global native ROI maps, composites and their Fourier outputs preserve bits and existing tolerance # SKIP Generate local native integration oracle first.
  ---
  duration_ms: 4.372042
  type: 'test'
  ...
# Subtest: regions reject overlap and partial coordinates; cancellation preserves published owners
ok 670 - regions reject overlap and partial coordinates; cancellation preserves published owners
  ---
  duration_ms: 1395.133959
  type: 'test'
  ...
# Subtest: streaming global EM preserves native validities, iterations and every binary64 weight
ok 671 - streaming global EM preserves native validities, iterations and every binary64 weight # SKIP Generate local native EM oracle first.
  ---
  duration_ms: 2.253833
  type: 'test'
  ...
# Subtest: complete binary64 resampling axes and pyrUp halo strips preserve the qualified whole kernel
ok 672 - complete binary64 resampling axes and pyrUp halo strips preserve the qualified whole kernel
  ---
  duration_ms: 316.663458
  type: 'test'
  ...
# {"cases":992,"expectedErrors":32,"maxAbsolute":7.891769371326518e-8,"maxScaled":8.128108605379478e-9,"differingBytes":0,"peakChanges":22,"peakMeaning":"Diagnostic first-argmax changes include conjugate equal/near-equal peaks; native Fourier has no argmax-based classification."}
# Subtest: Resampling FFT/pyrUp exact primitives, Fourier variants and actual native gray LUT
ok 673 - Resampling FFT/pyrUp exact primitives, Fourier variants and actual native gray LUT
  ---
  duration_ms: 2235.100417
  type: 'test'
  ...
# Subtest: Resampling original-file grayscale, normalization before ROI, caches and owned exports
ok 674 - Resampling original-file grayscale, normalization before ROI, caches and owned exports
  ---
  duration_ms: 1557.908417
  type: 'test'
  ...
# Subtest: Resampling invalid inputs, bounded allocations, cancellation and cache stage reuse
ok 675 - Resampling invalid inputs, bounded allocations, cancellation and cache stage reuse
  ---
  duration_ms: 48.271042
  type: 'test'
  ...
# Subtest: catnet render 0
ok 676 - catnet render 0
  ---
  duration_ms: 4.699333
  type: 'test'
  ...
# Subtest: catnet render 1
ok 677 - catnet render 1
  ---
  duration_ms: 2.606541
  type: 'test'
  ...
# Subtest: adaptive_cfa render 0
ok 678 - adaptive_cfa render 0
  ---
  duration_ms: 1.711541
  type: 'test'
  ...
# Subtest: adaptive_cfa render 1
ok 679 - adaptive_cfa render 1
  ---
  duration_ms: 2.886917
  type: 'test'
  ...
# Subtest: adaptive_cfa render 2
ok 680 - adaptive_cfa render 2
  ---
  duration_ms: 2.390625
  type: 'test'
  ...
# Subtest: CFA window rendering uses original global coordinates including native border
ok 681 - CFA window rendering uses original global coordinates including native border
  ---
  duration_ms: 22.643125
  type: 'test'
  ...
# Subtest: sequential operations reuse their admitted bytes without another budget reservation
ok 682 - sequential operations reuse their admitted bytes without another budget reservation
  ---
  duration_ms: 1.154458
  type: 'test'
  ...
# Subtest: closing an operation retains its allowance until every live buffer is released
ok 683 - closing an operation retains its allowance until every live buffer is released
  ---
  duration_ms: 0.846625
  type: 'test'
  ...
# Subtest: Known codec capacity is admitted for imports, calculations and owned legacy copies
ok 684 - Known codec capacity is admitted for imports, calculations and owned legacy copies
  ---
  duration_ms: 16.510667
  type: 'test'
  ...
# Subtest: an allocation waits for real independent backing retirement, not reservation churn or phase replay
ok 685 - an allocation waits for real independent backing retirement, not reservation churn or phase replay
  ---
  duration_ms: 7.623375
  type: 'test'
  ...
# Subtest: a typed reclaim result and its retirement notification are counted once
ok 686 - a typed reclaim result and its retirement notification are counted once
  ---
  duration_ms: 0.702875
  type: 'test'
  ...
# Subtest: legacy typed owners publish only missing retirement notifications
ok 687 - legacy typed owners publish only missing retirement notifications
  ---
  duration_ms: 0.09675
  type: 'test'
  ...
# Subtest: waiting cancellation releases pressure and subscriptions without replaying the operation
ok 688 - waiting cancellation releases pressure and subscriptions without replaying the operation
  ---
  duration_ms: 0.520875
  type: 'test'
  ...
# Subtest: blocked, own, and merely queued leases cannot keep recovery waiting
ok 689 - blocked, own, and merely queued leases cannot keep recovery waiting
  ---
  duration_ms: 1.02225
  type: 'test'
  ...
# Subtest: peer quiescence resumes the bounded guard and two waiting owners cannot deadlock
ok 690 - peer quiescence resumes the bounded guard and two waiting owners cannot deadlock
  ---
  duration_ms: 0.602083
  type: 'test'
  ...
# Subtest: invalid producer ownership is rejected before execution admission
ok 691 - invalid producer ownership is rejected before execution admission
  ---
  duration_ms: 0.52225
  type: 'test'
  ...
# Subtest: allocator failures normalize without treating invalid arguments or coding errors as memory pressure
ok 692 - allocator failures normalize without treating invalid arguments or coding errors as memory pressure
  ---
  duration_ms: 1.602667
  type: 'test'
  ...
# Subtest: normalization and wire errors preserve original stack, nested cause and details
ok 693 - normalization and wire errors preserve original stack, nested cause and details
  ---
  duration_ms: 0.974
  type: 'test'
  ...
# Subtest: five failures with small memory jitter form one obstruction
ok 694 - five failures with small memory jitter form one obstruction
  ---
  duration_ms: 0.387792
  type: 'test'
  ...
# Subtest: distinct recoveries have no lifetime limit and committed progress resets the streak
ok 695 - distinct recoveries have no lifetime limit and committed progress resets the streak
  ---
  duration_ms: 1.6715
  type: 'test'
  ...
# Subtest: replayed checkpoints and attempt numbers cannot reset the high-water mark
ok 696 - replayed checkpoints and attempt numbers cannot reset the high-water mark
  ---
  duration_ms: 0.160875
  type: 'test'
  ...
# Subtest: different useful operations and substantially different capacity start a new streak
ok 697 - different useful operations and substantially different capacity start a new streak
  ---
  duration_ms: 0.21025
  type: 'test'
  ...
# Subtest: recovery pressure protects reclaim through the successful useful retry and is released once
ok 698 - recovery pressure protects reclaim through the successful useful retry and is released once
  ---
  duration_ms: 0.247125
  type: 'test'
  ...
# Subtest: terminal unrelated errors and cancellation release recovery pressure without another operation
ok 699 - terminal unrelated errors and cancellation release recovery pressure without another operation
  ---
  duration_ms: 0.4825
  type: 'test'
  ...
# Subtest: five stable failures yield between retries and stop without an outer restart
ok 700 - five stable failures yield between retries and stop without an outer restart
  ---
  duration_ms: 5.850833
  type: 'test'
  ...
# Subtest: generic engine wrappers normalize only explicit allocator evidence and retain exhausted local guards
ok 701 - generic engine wrappers normalize only explicit allocator evidence and retain exhausted local guards
  ---
  duration_ms: 0.479333
  type: 'test'
  ...
# Subtest: public recovery events are plain cloneable diagnostics without AbortSignal or Error instances
ok 702 - public recovery events are plain cloneable diagnostics without AbortSignal or Error instances
  ---
  duration_ms: 0.267375
  type: 'test'
  ...
# Subtest: a successful owned result survives a cancellation race for caller cleanup
ok 703 - a successful owned result survives a cancellation race for caller cleanup
  ---
  duration_ms: 0.211458
  type: 'test'
  ...
# Subtest: allocator failures in reclaim share the suspended operation guard and keep pressure held
ok 704 - allocator failures in reclaim share the suspended operation guard and keep pressure held
  ---
  duration_ms: 0.519708
  type: 'test'
  ...
# Subtest: storage failures during reclaim remain terminal without replaying useful work
ok 705 - storage failures during reclaim remain terminal without replaying useful work
  ---
  duration_ms: 0.339542
  type: 'test'
  ...
# Subtest: alternating startup and compute phases cannot hide the same stalled operation
ok 706 - alternating startup and compute phases cannot hide the same stalled operation
  ---
  duration_ms: 0.181708
  type: 'test'
  ...
# Subtest: cache eviction and independent result leases preserve pixels and shared budget ownership
ok 707 - cache eviction and independent result leases preserve pixels and shared budget ownership
  ---
  duration_ms: 6.800667
  type: 'test'
  ...
# Subtest: pool clear prevents late dispatch to a terminated worker, next generation is reusable
ok 708 - pool clear prevents late dispatch to a terminated worker, next generation is reusable
  ---
  duration_ms: 3.637917
  type: 'test'
  ...
# Subtest: different worker pools cannot multiply the shared CPU quota
ok 709 - different worker pools cannot multiply the shared CPU quota
  ---
  duration_ms: 2.998375
  type: 'test'
  ...
# Subtest: production quality and LUT pools honor one quota and clearing a queued pool preserves its input
ok 710 - production quality and LUT pools honor one quota and clearing a queued pool preserves its input
  ---
  duration_ms: 8.233334
  type: 'test'
  ...
# Subtest: Cooperative scientific export preserves float64/int32 bits and Unicode across scalar/hash block boundaries
ok 711 - Cooperative scientific export preserves float64/int32 bits and Unicode across scalar/hash block boundaries
  ---
  duration_ms: 137.247792
  type: 'test'
  ...
# Subtest: Python zipfile and NumPy read the real streamed ZIP64 NPZ without changing scientific values
ok 712 - Python zipfile and NumPy read the real streamed ZIP64 NPZ without changing scientific values
  ---
  duration_ms: 1188.958667
  type: 'test'
  ...
# Subtest: Independent ZIP reader resolves a genuine offset above 4 GiB in a sparse test file
ok 713 - Independent ZIP reader resolves a genuine offset above 4 GiB in a sparse test file
  ---
  duration_ms: 35.861708
  type: 'test'
  ...
# Subtest: Segmentation configuration admits only known identity and performs no network or inference
ok 714 - Segmentation configuration admits only known identity and performs no network or inference
  ---
  duration_ms: 2.095458
  type: 'test'
  ...
# Subtest: Segmentation refuses unsupported native choices and insufficient shared memory before model fetch
ok 715 - Segmentation refuses unsupported native choices and insufficient shared memory before model fetch
  ---
  duration_ms: 2.656208
  type: 'test'
  ...
# Subtest: GPU mirror is pinned and lazy; auto honours capabilities, memory and explicit CPU
ok 716 - GPU mirror is pinned and lazy; auto honours capabilities, memory and explicit CPU
  ---
  duration_ms: 0.537583
  type: 'test'
  ...
# Subtest: CMSeg bundles are separate immutable identities, configured without fetching their child graphs
ok 717 - CMSeg bundles are separate immutable identities, configured without fetching their child graphs
  ---
  duration_ms: 0.88875
  type: 'test'
  ...
# Subtest: Repaired EffNet and source/target identities exclude the rejected original graphs
ok 718 - Repaired EffNet and source/target identities exclude the rejected original graphs
  ---
  duration_ms: 0.649708
  type: 'test'
  ...
# Subtest: CMSeg generalization accepts only repaired lazy identity and refuses the former bundle
ok 719 - CMSeg generalization accepts only repaired lazy identity and refuses the former bundle
  ---
  duration_ms: 105.46075
  type: 'test'
  ...
# Subtest: TNT shares its qualified CPU/GPU bundle and rejects the old full ONNX
ok 720 - TNT shares its qualified CPU/GPU bundle and rejects the old full ONNX
  ---
  duration_ms: 0.915916
  type: 'test'
  ...
# Subtest: VIG admits the qualified shared CPU/GPU bundle and refuses the divergent ONNX identity
ok 721 - VIG admits the qualified shared CPU/GPU bundle and refuses the divergent ONNX identity
  ---
  duration_ms: 1.127167
  type: 'test'
  ...
# Subtest: VIG auto uses shared assets and its staged GPU/CPU residency without a workload probe
ok 722 - VIG auto uses shared assets and its staged GPU/CPU residency without a workload probe
  ---
  duration_ms: 0.369625
  type: 'test'
  ...
# Subtest: Both CMSeg variants share verified GPU assets and retain explicit CPU without preloading
ok 723 - Both CMSeg variants share verified GPU assets and retain explicit CPU without preloading
  ---
  duration_ms: 0.523375
  type: 'test'
  ...
# Subtest: MGCF16 and repaired EffNet share exact pinned CPU/GPU assets with no startup work
ok 724 - MGCF16 and repaired EffNet share exact pinned CPU/GPU assets with no startup work
  ---
  duration_ms: 0.322625
  type: 'test'
  ...
# Subtest: ST automatic preference requires three distinct CPU lanes and leaves explicit choices intact
ok 725 - ST automatic preference requires three distinct CPU lanes and leaves explicit choices intact
  ---
  duration_ms: 1.663333
  type: 'test'
  ...
# Subtest: ST capacity preserves source and other active owners but recovers its own idle sessions
ok 726 - ST capacity preserves source and other active owners but recovers its own idle sessions
  ---
  duration_ms: 0.337916
  type: 'test'
  ...
# Subtest: GPU admission holds destroyed buffers until submitted work completes and rejects validation failures
ok 727 - GPU admission holds destroyed buffers until submitted work completes and rejects validation failures
  ---
  duration_ms: 1.900875
  type: 'test'
  ...
# Subtest: verified bytes are lazy, shared by identity and reclaimed before result cache
ok 728 - verified bytes are lazy, shared by identity and reclaimed before result cache
  ---
  duration_ms: 1.415417
  type: 'test'
  ...
# Subtest: a new cache entry never evicts live results or lowers admitted CPU capacity
ok 729 - a new cache entry never evicts live results or lowers admitted CPU capacity
  ---
  duration_ms: 0.192667
  type: 'test'
  ...
# Subtest: transport identity failure and cancellation never populate the cache
ok 730 - transport identity failure and cancellation never populate the cache
  ---
  duration_ms: 62.945083
  type: 'test'
  ...
# Subtest: disabled CPU mode remains lazy and never retains parameter bytes
ok 731 - disabled CPU mode remains lazy and never retains parameter bytes
  ---
  duration_ms: 0.238542
  type: 'test'
  ...
# Subtest: concurrent identical reads do not double-charge residency; shrink evicts LRU
ok 732 - concurrent identical reads do not double-charge residency; shrink evicts LRU
  ---
  duration_ms: 0.17825
  type: 'test'
  ...
# Subtest: Segmentation preparation refuses memory before allocation and releases partial admission
ok 733 - Segmentation preparation refuses memory before allocation and releases partial admission
  ---
  duration_ms: 34.021333
  type: 'test'
  ...
# Subtest: Segmentation preparation cancellation keeps source bytes and permits retry
ok 734 - Segmentation preparation cancellation keeps source bytes and permits retry
  ---
  duration_ms: 94.813542
  type: 'test'
  ...
# Subtest: Native sigmoid and source/target rules differ at exactly one half
ok 735 - Native sigmoid and source/target rules differ at exactly one half
  ---
  duration_ms: 12.821584
  type: 'test'
  ...
# Subtest: Invalid probability, cancellation and partial budget failure release reservations
ok 736 - Invalid probability, cancellation and partial budget failure release reservations
  ---
  duration_ms: 1.107459
  type: 'test'
  ...
# Subtest: only useful acquisition creates a session; warm acquisition reuses it
ok 737 - only useful acquisition creates a session; warm acquisition reuses it
  ---
  duration_ms: 1.580917
  type: 'test'
  ...
# Subtest: idle model yields to useful work before a result grid; active RPC remains protected
ok 738 - idle model yields to useful work before a result grid; active RPC remains protected
  ---
  duration_ms: 0.392292
  type: 'test'
  ...
# Subtest: failed construction rolls back reservation; CPU-style explicit retirement is reusable
ok 739 - failed construction rolls back reservation; CPU-style explicit retirement is reusable
  ---
  duration_ms: 0.140834
  type: 'test'
  ...
# Subtest: Split manifests pin unchanged complete boundaries and variant-specific CPU/GPU placement
ok 740 - Split manifests pin unchanged complete boundaries and variant-specific CPU/GPU placement
  ---
  duration_ms: 6.027041
  type: 'test'
  ...
# Subtest: Split asset reader verifies actual bytes and rejects truncation, excess and wrong SHA
ok 741 - Split asset reader verifies actual bytes and rejects truncation, excess and wrong SHA
  ---
  duration_ms: 26.472833
  type: 'test'
  ...
# Subtest: Split GPU mirror is lazy and budgets both child graphs and bridge, not just tiny manifest
ok 742 - Split GPU mirror is lazy and budgets both child graphs and bridge, not just tiny manifest
  ---
  duration_ms: 4.432958
  type: 'test'
  ...
# Subtest: concurrency uses shared live memory, source copies and useful jobs; nested pools opt out
ok 743 - concurrency uses shared live memory, source copies and useful jobs; nested pools opt out
  ---
  duration_ms: 1.023417
  type: 'test'
  ...
# Subtest: out-of-order workers retain source order and never exceed admitted lanes
ok 744 - out-of-order workers retain source order and never exceed admitted lanes
  ---
  duration_ms: 32.966875
  type: 'test'
  ...
# Subtest: real admission pressure drains active work then retries only unfinished work serially
ok 745 - real admission pressure drains active work then retries only unfinished work serially
  ---
  duration_ms: 19.907834
  type: 'test'
  ...
# Subtest: fatal error and external cancellation abort siblings and await their cleanup
ok 746 - fatal error and external cancellation abort siblings and await their cleanup
  ---
  duration_ms: 14.617542
  type: 'test'
  ...
# Subtest: analysis keeps ordered probabilities, deduplicates identical bounds and reprojects without inference
ok 747 - analysis keeps ordered probabilities, deduplicates identical bounds and reprojects without inference
  ---
  duration_ms: 18.754292
  type: 'test'
  ...
# Subtest: large projected planes reclaim idle model sessions while preserving owned raw grids
ok 748 - large projected planes reclaim idle model sessions while preserving owned raw grids
  ---
  duration_ms: 4.143041
  type: 'test'
  ...
# Subtest: hybrid sessions stay warm when results fit, yield to cached large views, and reload on later useful work
ok 749 - hybrid sessions stay warm when results fit, yield to cached large views, and reload on later useful work
  ---
  duration_ms: 1.184417
  type: 'test'
  ...
# Subtest: Unsupported native segmentation modes refuse before any spatial work
ok 750 - Unsupported native segmentation modes refuse before any spatial work
  ---
  duration_ms: 2.030083
  type: 'test'
  ...
# Subtest: A failing spatial job releases the projection and raw-grid reservations
ok 751 - A failing spatial job releases the projection and raw-grid reservations
  ---
  duration_ms: 6.774041
  type: 'test'
  ...
# Subtest: All510 native adjustment outputs preserve stage order, global equalization/CLAHE and Otsu by row bands
ok 752 - All510 native adjustment outputs preserve stage order, global equalization/CLAHE and Otsu by row bands
  ---
  duration_ms: 9802.861958
  type: 'test'
  ...
# Subtest: Adjustment orientations, asymmetric CLAHE padding and sharp halos remain exact
ok 753 - Adjustment orientations, asymmetric CLAHE padding and sharp halos remain exact
  ---
  duration_ms: 5993.104792
  type: 'test'
  ...
# Subtest: Adjustment cancels each pass without partial outputs and refuses impossible rows before reads
ok 754 - Adjustment cancels each pass without partial outputs and refuses impossible rows before reads
  ---
  duration_ms: 447.715125
  type: 'test'
  ...
# Subtest: Adjustment arithmetic rejects invalid LUT indices and global coordinate casts
ok 755 - Adjustment arithmetic rejects invalid LUT indices and global coordinate casts
  ---
  duration_ms: 0.385667
  type: 'test'
  ...
# Subtest: a real shared bank failure preserves prior data and concurrent writes at a full budget
ok 756 - a real shared bank failure preserves prior data and concurrent writes at a full budget
  ---
  duration_ms: 5.194625
  type: 'test'
  ...
# Subtest: a real ordinary bank failure preserves prior data and concurrent writes at a full budget
ok 757 - a real ordinary bank failure preserves prior data and concurrent writes at a full budget
  ---
  duration_ms: 0.80775
  type: 'test'
  ...
# Subtest: failed write during allocation recovery preserves the complete old RAM source
ok 758 - failed write during allocation recovery preserves the complete old RAM source
  ---
  duration_ms: 1.993083
  type: 'test'
  ...
# Subtest: failed flush during allocation recovery preserves the complete old RAM source
ok 759 - failed flush during allocation recovery preserves the complete old RAM source
  ---
  duration_ms: 1.674792
  type: 'test'
  ...
# Subtest: failed cancel during allocation recovery preserves the complete old RAM source
ok 760 - failed cancel during allocation recovery preserves the complete old RAM source
  ---
  duration_ms: 2.424625
  type: 'test'
  ...
# Subtest: mutable SAB materialization falls back before publishing and preserves a parallel broker
ok 761 - mutable SAB materialization falls back before publishing and preserves a parallel broker
  ---
  duration_ms: 27.730084
  type: 'test'
  ...
# Subtest: an already published mutable broker survives its backing allocation failure
ok 762 - an already published mutable broker survives its backing allocation failure
  ---
  duration_ms: 3.736334
  type: 'test'
  ...
# Subtest: without temporary storage allocation errors retain useful diagnostics and old bytes
ok 763 - without temporary storage allocation errors retain useful diagnostics and old bytes
  ---
  duration_ms: 0.391417
  type: 'test'
  ...
# Subtest: disposal waits for allocation recovery and rejects queued writes without losing ownership
ok 764 - disposal waits for allocation recovery and rejects queued writes without losing ownership
  ---
  duration_ms: 2.806417
  type: 'test'
  ...
# Subtest: a published direct SAB remains pinned until every worker releases it
ok 765 - a published direct SAB remains pinned until every worker releases it
  ---
  duration_ms: 0.562167
  type: 'test'
  ...
# Subtest: allocation recovery uses its prefunded window rather than the narrow pending-write scope
ok 766 - allocation recovery uses its prefunded window rather than the narrow pending-write scope
  ---
  duration_ms: 1.620667
  type: 'test'
  ...
# Subtest: All segmented result adapters name allocation exhaustion and retain the original source after cleanup
ok 767 - All segmented result adapters name allocation exhaustion and retain the original source after cleanup
  ---
  duration_ms: 10.520875
  type: 'test'
  ...
# Subtest: lazy 576 MB cold store reports only materialized bank bytes after a committed spill
ok 768 - lazy 576 MB cold store reports only materialized bank bytes after a committed spill
  ---
  duration_ms: 4.918958
  type: 'test'
  ...
# Subtest: backing capacity counts exact final banks, excludes holes, and disposal waits for pins
ok 769 - backing capacity counts exact final banks, excludes holes, and disposal waits for pins
  ---
  duration_ms: 0.310958
  type: 'test'
  ...
# Subtest: an aborted spill never publishes the still-owned RAM as freed backing
ok 770 - an aborted spill never publishes the still-owned RAM as freed backing
  ---
  duration_ms: 2.593917
  type: 'test'
  ...
# Subtest: JPEG allocation reclamation retires actual encoded banks before unrelated Wasm credit
ok 771 - JPEG allocation reclamation retires actual encoded banks before unrelated Wasm credit
  ---
  duration_ms: 0.701459
  type: 'test'
  ...
# Subtest: JPEG allocation reclaim waits for the retired encoded store transport ACK
ok 772 - JPEG allocation reclaim waits for the retired encoded store transport ACK
  ---
  duration_ms: 1.159875
  type: 'test'
  ...
# Subtest: typed JPEG reclaim preserves the quality actively decoded by the native codec
ok 773 - typed JPEG reclaim preserves the quality actively decoded by the native codec
  ---
  duration_ms: 43.989
  type: 'test'
  ...
# Subtest: Segmented RAM preserves byte ranges across every seam, holes and ownership
ok 774 - Segmented RAM preserves byte ranges across every seam, holes and ownership
  ---
  duration_ms: 48.077209
  type: 'test'
  ...
# Subtest: Segmented Blob staging is bounded, cancellable and preserves the source
ok 775 - Segmented Blob staging is bounded, cancellable and preserves the source
  ---
  duration_ms: 1.84375
  type: 'test'
  ...
# Subtest: Segmented admission requires an actual storage alternative and rejects invalid ranges
ok 776 - Segmented admission requires an actual storage alternative and rejects invalid ranges
  ---
  duration_ms: 0.184667
  type: 'test'
  ...
# Subtest: Temporary session creation is deferred until admitted RAM no longer fits
ok 777 - Temporary session creation is deferred until admitted RAM no longer fits
  ---
  duration_ms: 0.686541
  type: 'test'
  ...
# Subtest: Recomputable cached pages cannot force a live result out of otherwise admissible RAM
ok 778 - Recomputable cached pages cannot force a live result out of otherwise admissible RAM
  ---
  duration_ms: 0.183959
  type: 'test'
  ...
# Subtest: All 290 native color channels preserve complete rows across segmented seams and row-group boundaries
ok 779 - All 290 native color channels preserve complete rows across segmented seams and row-group boundaries
  ---
  duration_ms: 19869.814291
  type: 'test'
  ...
# Subtest: Eight orientations preserve the oriented vector-prefix and scalar-tail positions
ok 780 - Eight orientations preserve the oriented vector-prefix and scalar-tail positions
  ---
  duration_ms: 13743.361333
  type: 'test'
  ...
# Subtest: Cancellation disposes unpublished output; retry works, and too-small budgets refuse before input reads
ok 781 - Cancellation disposes unpublished output; retry works, and too-small budgets refuse before input reads
  ---
  duration_ms: 12.96825
  type: 'test'
  ...
# Subtest: All53 native maps and159 views preserve segmented halos, black padding, extra grid row/column and cache
ok 782 - All53 native maps and159 views preserve segmented halos, black padding, extra grid row/column and cache
  ---
  duration_ms: 1366.218833
  type: 'test'
  ...
# Subtest: Contrast eight orientations and partial cells preserve native maps and cancellation ownership
ok 783 - Contrast eight orientations and partial cells preserve native maps and cancellation ownership
  ---
  duration_ms: 582.019208
  type: 'test'
  ...
# Subtest: Segmented defects match every native raster, RGB flag, mask, count and CSV across row seams
ok 784 - Segmented defects match every native raster, RGB flag, mask, count and CSV across row seams
  ---
  duration_ms: 24870.841167
  type: 'test'
  ...
# Subtest: Eight EXIF orientations preserve candidate coordinates/BGR order, flags and all three views
ok 785 - Eight EXIF orientations preserve candidate coordinates/BGR order, flags and all three views
  ---
  duration_ms: 13165.143667
  type: 'test'
  ...
# Subtest: whole-axis forward and inverse DFT preserve global scale and conjugate completion
ok 786 - whole-axis forward and inverse DFT preserve global scale and conjugate completion
  ---
  duration_ms: 1070.269416
  type: 'test'
  ...
# Subtest: All 900 native Echo views preserve radius halos and global normalization over segmented stores
ok 787 - All 900 native Echo views preserve radius halos and global normalization over segmented stores
  ---
  duration_ms: 22695.728125
  type: 'test'
  ...
# Subtest: Oriented image edges and small row groups retain the native radius1/4/5/15 behavior
ok 788 - Oriented image edges and small row groups retain the native radius1/4/5/15 behavior
  ---
  duration_ms: 5146.051584
  type: 'test'
  ...
# Subtest: Echo cancellation disposes derivative/output stores and admits retry; low memory refuses before reads
ok 789 - Echo cancellation disposes derivative/output stores and admits retry; low memory refuses before reads
  ---
  duration_ms: 276.5825
  type: 'test'
  ...
# Subtest: public segmented ELA publishes owned output and reuses encoded quality across render controls
ok 790 - public segmented ELA publishes owned output and reuses encoded quality across render controls
  ---
  duration_ms: 1121.976583
  type: 'test'
  ...
# Subtest: cancelled segmented ELA keeps only completed JPEG cache and permits an exact retry
ok 791 - cancelled segmented ELA keeps only completed JPEG cache and permits an exact retry
  ---
  duration_ms: 698.032875
  type: 'test'
  ...
# Subtest: zero-phase Ghost and ELA reuse the same completed global RGB JPEG
ok 792 - zero-phase Ghost and ELA reuse the same completed global RGB JPEG
  ---
  duration_ms: 80.424125
  type: 'test'
  ...
# Subtest: segmented ELA biomes preserve native complete pipelines, background and one/64 Ghost phases
ok 793 - segmented ELA biomes preserve native complete pipelines, background and one/64 Ghost phases
  ---
  duration_ms: 169707.86675
  type: 'test'
  ...
# Subtest: reference quality from sparse JPEG tables preserves original-byte estimation and PNG fallback
ok 794 - reference quality from sparse JPEG tables preserves original-byte estimation and PNG fallback
  ---
  duration_ms: 5.527
  type: 'test'
  ...
# Subtest: segmented ELA matches native controls, odd bands and oriented source pixels
ok 795 - segmented ELA matches native controls, odd bands and oriented source pixels
  ---
  duration_ms: 960.803292
  type: 'test'
  ...
# Subtest: complete segmented energy chain matches all 51 native pipelines
ok 796 - complete segmented energy chain matches all 51 native pipelines
  ---
  duration_ms: 18704.245084
  type: 'test'
  ...
# Subtest: segmented energy caches reuse stages and retained results survive cache eviction and disposal
ok 797 - segmented energy caches reuse stages and retained results survive cache eviction and disposal
  ---
  duration_ms: 1149.597375
  type: 'test'
  ...
# Subtest: segmented energy cancellation preserves completed stages and permits exact retry
ok 798 - segmented energy cancellation preserves completed stages and permits exact retry
  ---
  duration_ms: 479.121584
  type: 'test'
  ...
# Subtest: segmented global frequency views preserve native low/high crop order, masks and display filtering
ok 799 - segmented global frequency views preserve native low/high crop order, masks and display filtering
  ---
  duration_ms: 4635.802042
  type: 'test'
  ...
# Subtest: frequency cancellation removes every intermediate and completed view without corrupting cached base
ok 800 - frequency cancellation removes every intermediate and completed view without corrupting cached base
  ---
  duration_ms: 2057.988708
  type: 'test'
  ...
# Subtest: display cache avoids transforms and retained results survive replacement, abort and cache eviction
ok 801 - display cache avoids transforms and retained results survive replacement, abort and cache eviction
  ---
  duration_ms: 249.124875
  type: 'test'
  ...
# Subtest: segmented Ghost native means, normalized cubes, all phases and palette controls retain exact values
ok 802 - segmented Ghost native means, normalized cubes, all phases and palette controls retain exact values
  ---
  duration_ms: 45339.202583
  type: 'test'
  ...
# Subtest: every circular phase crosses rows/storage seams exactly and releases window accounting
ok 803 - every circular phase crosses rows/storage seams exactly and releases window accounting
  ---
  duration_ms: 261.478375
  type: 'test'
  ...
# Subtest: All 640 native gradient variants preserve global maxima, normalization and equalization across seven-row strips
ok 804 - All 640 native gradient variants preserve global maxima, normalization and equalization across seven-row strips
  ---
  duration_ms: 19325.406667
  type: 'test'
  ...
# Subtest: All orientations and one-row halos retain whole-image gradient semantics
ok 805 - All orientations and one-row halos retain whole-image gradient semantics
  ---
  duration_ms: 2970.376167
  type: 'test'
  ...
# Subtest: Cancellation in every global stage discards partial arrays; source retry and admission refusal are clean
ok 806 - Cancellation in every global stage discards partial arrays; source retry and admission refusal are clean
  ---
  duration_ms: 457.601583
  type: 'test'
  ...
# Subtest: Segmented histogram preserves native global counts/unique colors/summaries at non-pixel-aligned seams
ok 807 - Segmented histogram preserves native global counts/unique colors/summaries at non-pixel-aligned seams
  ---
  duration_ms: 1039.694875
  type: 'test'
  ...
# Subtest: All native illuminant methods/transfers/exclusions/cells/views preserve global statistics and compact mode cache
ok 808 - All native illuminant methods/transfers/exclusions/cells/views preserve global statistics and compact mode cache
  ---
  duration_ms: 14918.883084
  type: 'test'
  ...
# Subtest: Illuminant cache ownership, eight orientations, partial cells and cancellation preserve live sources
ok 809 - Illuminant cache ownership, eight orientations, partial cells and cancellation preserve live sources
  ---
  duration_ms: 1461.587958
  type: 'test'
  ...
# Subtest: segmented migration preserves sparse holes, seams and ownership without a second RAM image
ok 810 - segmented migration preserves sparse holes, seams and ownership without a second RAM image
  ---
  duration_ms: 22.707417
  type: 'test'
  ...
# Subtest: failed spill and cancelled promotion preserve the authoritative source and release destination memory
ok 811 - failed spill and cancelled promotion preserve the authoritative source and release destination memory
  ---
  duration_ms: 3.97275
  type: 'test'
  ...
# Subtest: a shared read lease freezes writes and migration, pins disposal, and is read by another worker without cloning banks
ok 812 - a shared read lease freezes writes and migration, pins disposal, and is read by another worker without cloning banks
  ---
  duration_ms: 25.211042
  type: 'test'
  ...
# Subtest: shared storage has an ordinary memory fallback and validates bank descriptors
ok 813 - shared storage has an ordinary memory fallback and validates bank descriptors
  ---
  duration_ms: 0.531334
  type: 'test'
  ...
# Subtest: migration cannot race outstanding temporary I/O and disposal waits before deleting its backing
ok 814 - migration cannot race outstanding temporary I/O and disposal waits before deleting its backing
  ---
  duration_ms: 0.30175
  type: 'test'
  ...
# Subtest: Segmented magnifier: all 440 native outputs across small storage seams
ok 815 - Segmented magnifier: all 440 native outputs across small storage seams
  ---
  duration_ms: 1498.318792
  type: 'test'
  ...
# Subtest: All eight source orientations use the selected native-resolution ROI, including clipped bounds
ok 816 - All eight source orientations use the selected native-resolution ROI, including clipped bounds
  ---
  duration_ms: 245.069875
  type: 'test'
  ...
# Subtest: A huge virtual source reads only the ROI; missing temporary storage is reported before reads
ok 817 - A huge virtual source reads only the ROI; missing temporary storage is reported before reads
  ---
  duration_ms: 25.848875
  type: 'test'
  ...
# Subtest: ROI input/result caches are bounded, owned and invalidated by source prefix
ok 818 - ROI input/result caches are bounded, owned and invalidated by source prefix
  ---
  duration_ms: 28.637
  type: 'test'
  ...
# Subtest: Abort at window, kernel or completion publishes no cache and releases all leases; source remains usable
ok 819 - Abort at window, kernel or completion publishes no cache and releases all leases; source remains usable
  ---
  duration_ms: 95.193209
  type: 'test'
  ...
# Subtest: Segmented median preserves native block features, padding, score border, views and independent grid masks
ok 820 - Segmented median preserves native block features, padding, score border, views and independent grid masks
  ---
  duration_ms: 4797.608083
  type: 'test'
  ...
# Subtest: Median block reader respects all orientations, batch row crossings and divisible black padding
ok 821 - Median block reader respects all orientations, batch row crossings and divisible black padding
  ---
  duration_ms: 2290.672041
  type: 'test'
  ...
# Subtest: Median interpolation row cuts keep absolute native coordinates around threshold and image edges
ok 822 - Median interpolation row cuts keep absolute native coordinates around threshold and image edges
  ---
  duration_ms: 330.848083
  type: 'test'
  ...
# Subtest: Median failure/cancellation frees every unpublished surface; refusal precedes source access
ok 823 - Median failure/cancellation frees every unpublished surface; refusal precedes source access
  ---
  duration_ms: 525.486166
  type: 'test'
  ...
# Subtest: Segmented extrema match native RGB and both masks across channels, colors, density filters and row groups
ok 824 - Segmented extrema match native RGB and both masks across channels, colors, density filters and row groups
  ---
  duration_ms: 60036.418542
  type: 'test'
  ...
# Subtest: Oriented density grids preserve global anchoring, small borders and cancellation at each stage
ok 825 - Oriented density grids preserve global anchoring, small borders and cancellation at each stage
  ---
  duration_ms: 35603.880167
  type: 'test'
  ...
# Subtest: A failed temporary mask write releases every unpublished surface without losing the source
ok 826 - A failed temporary mask write releases every unpublished surface without losing the source
  ---
  duration_ms: 5.35725
  type: 'test'
  ...
# Subtest: Segmented D2PRL composition preserves every native raw-grid refilter, mask, overlap and exclusion
ok 827 - Segmented D2PRL composition preserves every native raw-grid refilter, mask, overlap and exclusion
  ---
  duration_ms: 4710.295334
  type: 'test'
  ...
# Subtest: Segmented CMSeg and all qualified MGCF variants preserve native maximum/OR composition and envelope removal
ok 828 - Segmented CMSeg and all qualified MGCF variants preserve native maximum/OR composition and envelope removal
  ---
  duration_ms: 333.655459
  type: 'test'
  ...
# Subtest: Partial neural composition cancels, rejects invalid modes and protects completed owned stores
ok 829 - Partial neural composition cancels, rejects invalid modes and protects completed owned stores
  ---
  duration_ms: 30.23975
  type: 'test'
  ...
# Subtest: Segmented bit planes retain all native channels/bits/filters, raw masks and global borders across row groups
ok 830 - Segmented bit planes retain all native channels/bits/filters, raw masks and global borders across row groups
  ---
  duration_ms: 65043.395166
  type: 'test'
  ...
# Subtest: Mask/display orientation is exact and cancellation releases both unpublished arrays
ok 831 - Mask/display orientation is exact and cancellation releases both unpublished arrays
  ---
  duration_ms: 739.353
  type: 'test'
  ...
# Subtest: segmented Wiener residual and global noise mean preserve native binary64
ok 832 - segmented Wiener residual and global noise mean preserve native binary64
  ---
  duration_ms: 24215.738
  type: 'test'
  ...
# Subtest: PRNU cancellation removes every global temporary plane at each useful phase
ok 833 - PRNU cancellation removes every global temporary plane at each useful phase
  ---
  duration_ms: 724.354208
  type: 'test'
  ...
# Subtest: public historical and quality panels use the same global segmented losses under 72 MiB
ok 834 - public historical and quality panels use the same global segmented losses under 72 MiB
  ---
  duration_ms: 6422.237292
  type: 'test'
  ...
# Subtest: direct cancellation keeps only completed quality values and resumes from them
ok 835 - direct cancellation keeps only completed quality values and resumes from them
  ---
  duration_ms: 6325.531708
  type: 'test'
  ...
# Subtest: scanline recompression equals the qualified full-frame arithmetic including Q0 and odd dimensions
ok 836 - scanline recompression equals the qualified full-frame arithmetic including Q0 and odd dimensions
  ---
  duration_ms: 199.329209
  type: 'test'
  ...
# Subtest: completed quality checkpoint survives direct cancellation and budget refusal is explicit
ok 837 - completed quality checkpoint survives direct cancellation and budget refusal is explicit
  ---
  duration_ms: 10.086542
  type: 'test'
  ...
# Subtest: all eight oriented surfaces preserve full-frame JPEG arithmetic
ok 838 - all eight oriented surfaces preserve full-frame JPEG arithmetic
  ---
  duration_ms: 236.217208
  type: 'test'
  ...
# Subtest: segmented Fourier retains native original grayscale, ROI, windows and all presentations
ok 839 - segmented Fourier retains native original grayscale, ROI, windows and all presentations
  ---
  duration_ms: 1985.755959
  type: 'test'
  ...
# Subtest: resampling view-only cache, independent table leases and cancelled strip cleanup
ok 840 - resampling view-only cache, independent table leases and cancelled strip cleanup
  ---
  duration_ms: 273.92375
  type: 'test'
  ...
# Subtest: Segmented channel ranks preserve all six native variants across arbitrary storage seams
ok 841 - Segmented channel ranks preserve all six native variants across arbitrary storage seams
  ---
  duration_ms: 26457.645166
  type: 'test'
  ...
# Subtest: Result windows retain exact orientation and owned lifetime; cancellation never publishes partial output
ok 842 - Result windows retain exact orientation and owned lifetime; cancellation never publishes partial output
  ---
  duration_ms: 171.625083
  type: 'test'
  ...
# Subtest: Paired result ownership releases the output before either source storage closes
ok 843 - Paired result ownership releases the output before either source storage closes
  ---
  duration_ms: 0.303833
  type: 'test'
  ...
# Subtest: All1680 native separation outputs retain five filters, residuals, global equalization and LUTs
ok 844 - All1680 native separation outputs retain five filters, residuals, global equalization and LUTs
  ---
  duration_ms: 16505.462875
  type: 'test'
  ...
# Subtest: Separation supports oriented row widths, minimal halos, cancellation at filter/equalization and retry
ok 845 - Separation supports oriented row widths, minimal halos, cancellation at filter/equalization and retry
  ---
  duration_ms: 3755.888667
  type: 'test'
  ...
# Subtest: segmented ZERO renders all five native views and exports native scientific arrays without full matrices
ok 846 - segmented ZERO renders all five native views and exports native scientific arrays without full matrices
  ---
  duration_ms: 993.432625
  type: 'test'
  ...
# Subtest: NPZ limit and cancellation keep live ZERO analysis reusable
ok 847 - NPZ limit and cancellation keep live ZERO analysis reusable
  ---
  duration_ms: 18.203708
  type: 'test'
  ...
# Subtest: segmented ZERO honors the original-order reference CPU override
ok 848 - segmented ZERO honors the original-order reference CPU override
  ---
  duration_ms: 2702.408875
  type: 'test'
  ...
# Subtest: All five native denoisers keep exact full-width halos and native row tails
ok 849 - All five native denoisers keep exact full-width halos and native row tails
  ---
  duration_ms: 3726.948375
  type: 'test'
  ...
# Subtest: All five cached filters preserve gray/color, denoised/residual and global display; levels do not refilter
ok 850 - All five cached filters preserve gray/color, denoised/residual and global display; levels do not refilter
  ---
  duration_ms: 1645.352875
  type: 'test'
  ...
# Subtest: Cache cancellation restores only complete private bases; pressure can evict cache without changing owned outputs
ok 851 - Cache cancellation restores only complete private bases; pressure can evict cache without changing owned outputs
  ---
  duration_ms: 17.322875
  type: 'test'
  ...
# Subtest: RAM-only admission does not let optional cache force unavailable temporary output
ok 852 - RAM-only admission does not let optional cache force unavailable temporary output
  ---
  duration_ms: 24.619167
  type: 'test'
  ...
# Subtest: Separation admits only useful workers and owned windows; all filters and global histograms remain exact
ok 853 - Separation admits only useful workers and owned windows; all filters and global histograms remain exact
  ---
  duration_ms: 485.556458
  type: 'test'
  ...
# Subtest: Separation retries only resource failures once and cancels before releasing windows/stores
ok 854 - Separation retries only resource failures once and cancels before releasing windows/stores
  ---
  duration_ms: 171.490542
  type: 'test'
  ...
# Subtest: retired SAB references disappear while publication envelopes and live clients remain owned
ok 855 - retired SAB references disappear while publication envelopes and live clients remain owned
  ---
  duration_ms: 107.983333
  type: 'test'
  ...
# Subtest: a cancelled retirement keeps backing until pending reads ACK and excludes newly connected readers
ok 856 - a cancelled retirement keeps backing until pending reads ACK and excludes newly connected readers
  ---
  duration_ms: 29.314417
  type: 'test'
  ...
# Subtest: a useful ArrayBuffer retry drains the actual optional L2 before unrelated idle Wasm credits
ok 857 - a useful ArrayBuffer retry drains the actual optional L2 before unrelated idle Wasm credits
  ---
  duration_ms: 5.122834
  type: 'test'
  ...
# Subtest: disposing a relay waits for an already active child retirement before releasing its parent ACK
ok 858 - disposing a relay waits for an already active child retirement before releasing its parent ACK
  ---
  duration_ms: 31.785875
  type: 'test'
  ...
# Subtest: an owner retirement arriving during relay disposal also waits for the earlier child read
ok 859 - an owner retirement arriving during relay disposal also waits for the earlier child read
  ---
  duration_ms: 32.007333
  type: 'test'
  ...
# Subtest: G2NN native oracle: global
ok 860 - G2NN native oracle: global
  ---
  duration_ms: 11.135125
  type: 'test'
  ...
# Subtest: G2NN native oracle: spatial-before-neighbours
ok 861 - G2NN native oracle: spatial-before-neighbours
  ---
  duration_ms: 2.307708
  type: 'test'
  ...
# Subtest: G2NN native oracle: overlapping-contexts
ok 862 - G2NN native oracle: overlapping-contexts
  ---
  duration_ms: 1.913
  type: 'test'
  ...
# Subtest: G2NN native oracle: compare-gap
ok 863 - G2NN native oracle: compare-gap
  ---
  duration_ms: 3.497208
  type: 'test'
  ...
# Subtest: G2NN native oracle: reflection-cross-frame
ok 864 - G2NN native oracle: reflection-cross-frame
  ---
  duration_ms: 4.328375
  type: 'test'
  ...
# Subtest: G2NN native oracle: compact-coordinates
ok 865 - G2NN native oracle: compact-coordinates
  ---
  duration_ms: 1.607708
  type: 'test'
  ...
# Subtest: G2NN native oracle: stable-ties
ok 866 - G2NN native oracle: stable-ties
  ---
  duration_ms: 1.179833
  type: 'test'
  ...
# Subtest: G2NN native oracle: empty
ok 867 - G2NN native oracle: empty
  ---
  duration_ms: 4.459916
  type: 'test'
  ...
# Subtest: G2NN native oracle: one-neighbour
ok 868 - G2NN native oracle: one-neighbour
  ---
  duration_ms: 1.962417
  type: 'test'
  ...
# Subtest: G2NN native oracle: native-sift-texture
ok 869 - G2NN native oracle: native-sift-texture
  ---
  duration_ms: 3.256958
  type: 'test'
  ...
# Subtest: G2NN cancellation, shared admission, invalid representation and pair budget
ok 870 - G2NN cancellation, shared admission, invalid representation and pair budget
  ---
  duration_ms: 3.014333
  type: 'test'
  ...
# Subtest: reflection remaps real extracted points without mutating their frame
ok 871 - reflection remaps real extracted points without mutating their frame
  ---
  duration_ms: 0.167292
  type: 'test'
  ...
# Subtest: SIFT independent ROIs keep crop, scale, exclusion and budget semantics
ok 872 - SIFT independent ROIs keep crop, scale, exclusion and budget semantics
  ---
  duration_ms: 1.74275
  type: 'test'
  ...
# Subtest: SIFT reflected frame crops pixels and maps feature provenance back
ok 873 - SIFT reflected frame crops pixels and maps feature provenance back
  ---
  duration_ms: 0.296042
  type: 'test'
  ...
# Subtest: SIFT centre uniqueness and response priority match NumPy float32 rounding
ok 874 - SIFT centre uniqueness and response priority match NumPy float32 rounding
  ---
  duration_ms: 5.514208
  type: 'test'
  ...
# Subtest: native packed float64 centres and ROI additions retain double precision
ok 875 - native packed float64 centres and ROI additions retain double precision
  ---
  duration_ms: 3.342917
  type: 'test'
  ...
# Subtest: Blob API preserves the existing full-memory path and returns exact owned windows with stale-handle rejection
ok 876 - Blob API preserves the existing full-memory path and returns exact owned windows with stale-handle rejection
  ---
  duration_ms: 37.456292
  type: 'test'
  ...
# Subtest: A RAM-admitted segmented JPEG keeps all pixels and global histogram while validating each adapter parameters
ok 877 - A RAM-admitted segmented JPEG keeps all pixels and global histogram while validating each adapter parameters
  ---
  duration_ms: 134.621333
  type: 'test'
  ...
# Subtest: Only recognized full-memory allocation failure tries the exact row path once
ok 878 - Only recognized full-memory allocation failure tries the exact row path once
  ---
  duration_ms: 51.122083
  type: 'test'
  ...
# Subtest: Segmented result surfaces stay owned until release and are invalidated with their source
ok 879 - Segmented result surfaces stay owned until release and are invalidated with their source
  ---
  duration_ms: 92.73575
  type: 'test'
  ...
# Subtest: Bit-plane mask handles preserve raw evidence separately from the filtered display
ok 880 - Bit-plane mask handles preserve raw evidence separately from the filtered display
  ---
  duration_ms: 143.467166
  type: 'test'
  ...
# Subtest: Segmented extrema publish two independently owned masks and preserve all live evidence
ok 881 - Segmented extrema publish two independently owned masks and preserve all live evidence
  ---
  duration_ms: 253.080917
  type: 'test'
  ...
# Subtest: Segmented defect evidence exposes owned typed flags, paged rows and CSV with strict lifetime
ok 882 - Segmented defect evidence exposes owned typed flags, paged rows and CSV with strict lifetime
  ---
  duration_ms: 172.224958
  type: 'test'
  ...
# Subtest: Original Blob hashing/hex windows preserve ten independent digests, seams, EOF and cancellation
ok 883 - Original Blob hashing/hex windows preserve ten independent digests, seams, EOF and cancellation
  ---
  duration_ms: 224.038792
  type: 'test'
  ...
# Subtest: Public segmented byte operations allow explicit visual-hash opt-out, cache immutable data and retain source bytes
ok 884 - Public segmented byte operations allow explicit visual-hash opt-out, cache immutable data and retain source bytes
  ---
  duration_ms: 123.654541
  type: 'test'
  ...
# Subtest: native filename naming hints preserve regex boundaries and Unicode folding
ok 885 - native filename naming hints preserve regex boundaries and Unicode folding
  ---
  duration_ms: 4.871333
  type: 'test'
  ...
# Subtest: bytes and File input retain supplied metadata separately from signature evidence
ok 886 - bytes and File input retain supplied metadata separately from signature evidence
  ---
  duration_ms: 53.842833
  type: 'test'
  ...
# Subtest: small streamed chunks identify signatures without pixels; unknown stat remains absent
ok 887 - small streamed chunks identify signatures without pixels; unknown stat remains absent
  ---
  duration_ms: 1.125708
  type: 'test'
  ...
# Subtest: Immutable Blob original: bounded progressive SHA256, cancellation, ownership and byte ranges
ok 888 - Immutable Blob original: bounded progressive SHA256, cancellation, ownership and byte ranges
  ---
  duration_ms: 146.02275
  type: 'test'
  ...
# Subtest: Full-resolution window reads preserve all eight EXIF transforms, segmented seams and owned results
ok 889 - Full-resolution window reads preserve all eight EXIF transforms, segmented seams and owned results
  ---
  duration_ms: 44.738875
  type: 'test'
  ...
# Subtest: Window scratch admission failure releases its output reservation without shrinking the request
ok 890 - Window scratch admission failure releases its output reservation without shrinking the request
  ---
  duration_ms: 0.690375
  type: 'test'
  ...
# Subtest: computed stage keeps exactly its existing reservation, then becomes cache without a copied buffer
ok 891 - computed stage keeps exactly its existing reservation, then becomes cache without a copied buffer
  ---
  duration_ms: 1.050916
  type: 'test'
  ...
# Subtest: cache hits are pinned once while in use and eviction cannot unaccount borrowed values
ok 892 - cache hits are pinned once while in use and eviction cannot unaccount borrowed values
  ---
  duration_ms: 0.846458
  type: 'test'
  ...
# Subtest: cancellation keeps only completed admitted stages, disposal drops all cache references
ok 893 - cancellation keeps only completed admitted stages, disposal drops all cache references
  ---
  duration_ms: 0.222292
  type: 'test'
  ...
# Subtest: real sparse grouping/matching preserves results across cache borrow, eviction and caller mutation
ok 894 - real sparse grouping/matching preserves results across cache borrow, eviction and caller mutation
  ---
  duration_ms: 11.300459
  type: 'test'
  ...
# { searches: 27, flows: 25, peak: 87490560 }
# Subtest: bounded half-height search and streamed gray-pair Farneback preserve native output
ok 895 - bounded half-height search and streamed gray-pair Farneback preserve native output
  ---
  duration_ms: 5989.1285
  type: 'test'
  ...
# { nativeViews: 100, searches: 28 }
# Subtest: segmented stereo preserves all searches, four views, raw flow and absence
ok 896 - segmented stereo preserves all searches, four views, raw flow and absence
  ---
  duration_ms: 12601.666792
  type: 'test'
  ...
# Subtest: stereo cancellation cleans incomplete work and old published views survive cache release
ok 897 - stereo cancellation cleans incomplete work and old published views survive cache release
  ---
  duration_ms: 274.509041
  type: 'test'
  ...
# Subtest: Stereo arithmetic shortcuts match software FMA on signed random bits, halfway traps and IEEE boundary cases
ok 898 - Stereo arithmetic shortcuts match software FMA on signed random bits, halfway traps and IEEE boundary cases
  ---
  duration_ms: 216.185959
  type: 'test'
  ...
# Subtest: Stereogram native periodicity, lazy flow, all views and absent-period outcomes are exact
ok 899 - Stereogram native periodicity, lazy flow, all views and absent-period outcomes are exact
  ---
  duration_ms: 6776.275042
  type: 'test'
  ...
# Subtest: Stereo original arithmetic remains selectable independently of the optimized engine
ok 900 - Stereo original arithmetic remains selectable independently of the optimized engine
  ---
  duration_ms: 45.340625
  type: 'test'
  ...
# Subtest: concurrent source-window leases are admitted outside worker reservations
ok 901 - concurrent source-window leases are admitted outside worker reservations
  ---
  duration_ms: 8.597333
  type: 'test'
  ...
# Subtest: bounded rows and windows preserve native OCR support and exact PGM grayscale bytes
ok 902 - bounded rows and windows preserve native OCR support and exact PGM grayscale bytes
  ---
  duration_ms: 6.635167
  type: 'test'
  ...
# Subtest: invalid windows, visitor failures and cancellation release every borrowed source strip
ok 903 - invalid windows, visitor failures and cancellation release every borrowed source strip
  ---
  duration_ms: 0.671916
  type: 'test'
  ...
# Subtest: Tesseract TSV rules, flat support and trimming equal native
ok 904 - Tesseract TSV rules, flat support and trimming equal native
  ---
  duration_ms: 5.263042
  type: 'test'
  ...
# Subtest: OCR tiled coverage retains full resolution and exact right/bottom edge
ok 905 - OCR tiled coverage retains full resolution and exact right/bottom edge
  ---
  duration_ms: 0.139166
  type: 'test'
  ...
# Subtest: OCR duplicates use inclusive smaller-area overlap, confidence then coordinate order
ok 906 - OCR duplicates use inclusive smaller-area overlap, confidence then coordinate order
  ---
  duration_ms: 0.207208
  type: 'test'
  ...
# Subtest: OCR filters honor shared admission and cancellation
ok 907 - OCR filters honor shared admission and cancellation
  ---
  duration_ms: 0.569542
  type: 'test'
  ...
# Subtest: native Lanczos4 thumbnail resize and segmented difference match ten independent native cases
ok 908 - native Lanczos4 thumbnail resize and segmented difference match ten independent native cases
  ---
  duration_ms: 480.789916
  type: 'test'
  ...
# Subtest: thumbnail cancellation, consumer failure and admission remove every unpublished store
ok 909 - thumbnail cancellation, consumer failure and admission remove every unpublished store
  ---
  duration_ms: 22.545417
  type: 'test'
  ...
# Subtest: Classic TIFF extended native RGB corpus with precise retained refusals
ok 910 - Classic TIFF extended native RGB corpus with precise retained refusals
  ---
  duration_ms: 440.73625
  type: 'test'
  ...
# Subtest: Mapped TIFF grayscale used by analysis reserves its decoder before starting
ok 911 - Mapped TIFF grayscale used by analysis reserves its decoder before starting
  ---
  duration_ms: 42.944125
  type: 'test'
  ...
# Subtest: classic and BigTIFF late IFDs skip strip/ICC bytes in either byte order
ok 912 - classic and BigTIFF late IFDs skip strip/ICC bytes in either byte order
  ---
  duration_ms: 76.531291
  type: 'test'
  ...
# Subtest: all TIFF/BigTIFF corpus structural values and original offsets agree with contiguous parsing
ok 913 - all TIFF/BigTIFF corpus structural values and original offsets agree with contiguous parsing
  ---
  duration_ms: 239.478417
  type: 'test'
  ...
# Subtest: unsafe BigTIFF fields, truncated IFDs, cycles and cancellation fail without retained reservations
ok 914 - unsafe BigTIFF fields, truncated IFDs, cycles and cancellation fail without retained reservations
  ---
  duration_ms: 21.492417
  type: 'test'
  ...
# Subtest: sparse TIFF follows GPS/thumbnail directories and matches first duplicate-pointer semantics
ok 915 - sparse TIFF follows GPS/thumbnail directories and matches first duplicate-pointer semantics
  ---
  duration_ms: 16.437459
  type: 'test'
  ...
# Subtest: metadata admission refuses large directory trees before staging and remains reusable
ok 916 - metadata admission refuses large directory trees before staging and remains reusable
  ---
  duration_ms: 339.062
  type: 'test'
  ...
# Subtest: BigTIFF sparse addressing preserves an IFD offset beyond uint32 without allocating a full source
ok 917 - BigTIFF sparse addressing preserves an IFD offset beyond uint32 without allocating a full source
  ---
  duration_ms: 3.473459
  type: 'test'
  ...
# Subtest: 22MP TIFF strips and BigTIFF tiles preserve native RGB/hash and never stage whole encoded Blob
ok 918 - 22MP TIFF strips and BigTIFF tiles preserve native RGB/hash and never stage whole encoded Blob
  ---
  duration_ms: 9027.81775
  type: 'test'
  ...
# Subtest: cancelled block load discards unpublished pixels and permits reload
ok 919 - cancelled block load discards unpublished pixels and permits reload
  ---
  duration_ms: 2176.081959
  type: 'test'
  ...
# Subtest: bounded libtiff strips/tiles preserve the classic and BigTIFF native RGB corpus
ok 920 - bounded libtiff strips/tiles preserve the classic and BigTIFF native RGB corpus
  ---
  duration_ms: 795.989542
  type: 'test'
  ...
# Subtest: truncated tile refusal, async read cancellation and oversized block admission stay explicit
ok 921 - truncated tile refusal, async read cancellation and oversized block admission stay explicit
  ---
  duration_ms: 14.474916
  type: 'test'
  ...
# Subtest: TNT rejects a modified architecture and rolls back a refused heap before parameter fetch
ok 922 - TNT rejects a modified architecture and rolls back a refused heap before parameter fetch
  ---
  duration_ms: 4.362083
  type: 'test'
  ...
# Subtest: TNT parameter transport, wrong verified-byte type and cancellation preserve retry and free admission
ok 923 - TNT parameter transport, wrong verified-byte type and cancellation preserve retry and free admission
  ---
  duration_ms: 15.562917
  type: 'test'
  ...
# Subtest: TNT refuses its fixed staging reservation without retaining a partial result
ok 924 - TNT refuses its fixed staging reservation without retaining a partial result
  ---
  duration_ms: 3.599708
  type: 'test'
  ...
# Subtest: TNT linear pool drops admitted worker heaps after initialization failure and can be disposed
ok 925 - TNT linear pool drops admitted worker heaps after initialization failure and can be disposed
  ---
  duration_ms: 1.763916
  type: 'test'
  ...
# Subtest: TNT patch unfolding, padded stride4 convolution and layout are native exact
ok 926 - TNT patch unfolding, padded stride4 convolution and layout are native exact
  ---
  duration_ms: 111.270291
  type: 'test'
  ...
# Subtest: TNT native linear channels remain exact across partition boundaries
ok 927 - TNT native linear channels remain exact across partition boundaries
  ---
  duration_ms: 1545.952875
  type: 'test'
  ...
# Subtest: TNT Welford norms and attention outputs match independent native fixtures
ok 928 - TNT Welford norms and attention outputs match independent native fixtures
  ---
  duration_ms: 324.501958
  type: 'test'
  ...
# Subtest: TNT GELU retains declared finite error and sign of zero; never advertised as bit-exact
ok 929 - TNT GELU retains declared finite error and sign of zero; never advertised as bit-exact
  ---
  duration_ms: 7.532042
  type: 'test'
  ...
# {"maxAbs":1.1920928955078125e-7,"different":8,"elements":16384}
# Subtest: split-value admission bounds padded scores and banks at 96MP geometry
ok 930 - split-value admission bounds padded scores and banks at 96MP geometry
  ---
  duration_ms: 0.945792
  type: 'test'
  ...
# Subtest: original assets, CPU fallback and small key banks retain original query graph
ok 931 - original assets, CPU fallback and small key banks retain original query graph
  ---
  duration_ms: 0.169959
  type: 'test'
  ...
# Subtest: Native TruFor renderer: random
ok 932 - Native TruFor renderer: random
  ---
  duration_ms: 5.98825
  type: 'test'
  ...
# Subtest: Native TruFor renderer: constant
ok 933 - Native TruFor renderer: constant
  ---
  duration_ms: 4.131458
  type: 'test'
  ...
# Subtest: Native TruFor renderer: bins
ok 934 - Native TruFor renderer: bins
  ---
  duration_ms: 5.356958
  type: 'test'
  ...
# Subtest: global radix quantiles exactly match native float32 interpolation including signed values
ok 935 - global radix quantiles exactly match native float32 interpolation including signed values
  ---
  duration_ms: 138.006625
  type: 'test'
  ...
# Subtest: all segmented TruFor views match full rendering at arbitrary source coordinates
ok 936 - all segmented TruFor views match full rendering at arbitrary source coordinates
  ---
  duration_ms: 19.422459
  type: 'test'
  ...
# Subtest: image pooling preserves one global weight normalizer under extreme confidences
ok 937 - image pooling preserves one global weight normalizer under extreme confidences
  ---
  duration_ms: 0.604208
  type: 'test'
  ...
# Subtest: qualification reader checks complete ZIP32 and ZIP64 scientific arrays
ok 938 - qualification reader checks complete ZIP32 and ZIP64 scientific arrays
  ---
  duration_ms: 19.612458
  type: 'test'
  ...
# Subtest: reader rejects a damaged scientific payload and streams the original bytes in order
ok 939 - reader rejects a damaged scientific payload and streams the original bytes in order
  ---
  duration_ms: 6.424417
  type: 'test'
  ...
# Subtest: VIG rejects a modified architecture and rolls back a refused heap before parameter fetch
ok 940 - VIG rejects a modified architecture and rolls back a refused heap before parameter fetch
  ---
  duration_ms: 6.507375
  type: 'test'
  ...
# Subtest: VIG parameter transport, wrong verified-byte type and cancellation preserve retry and free admission
ok 941 - VIG parameter transport, wrong verified-byte type and cancellation preserve retry and free admission
  ---
  duration_ms: 15.171416
  type: 'test'
  ...
# Subtest: VIG refuses its fixed staging reservation without retaining a partial result
ok 942 - VIG refuses its fixed staging reservation without retaining a partial result
  ---
  duration_ms: 6.338834
  type: 'test'
  ...
# Subtest: VIG linear pool drops admitted worker heaps after initialization failure and can be disposed
ok 943 - VIG linear pool drops admitted worker heaps after initialization failure and can be disposed
  ---
  duration_ms: 1.366833
  type: 'test'
  ...
# Subtest: VIG exp and GELU reproduce independent native arithmetic, including signed zero
ok 944 - VIG exp and GELU reproduce independent native arithmetic, including signed zero
  ---
  duration_ms: 89.716709
  type: 'test'
  ...
# Subtest: VIG stem, grouped convolution and FFN preserve arithmetic through irregular job boundaries
ok 945 - VIG stem, grouped convolution and FFN preserve arithmetic through irregular job boundaries
  ---
  duration_ms: 1127.691042
  type: 'test'
  ...
# Subtest: VIG distances, tied TopK, dilation and max-relative packing are native exact
ok 946 - VIG distances, tied TopK, dilation and max-relative packing are native exact
  ---
  duration_ms: 184.68525
  type: 'test'
  ...
# Subtest: bounded WebAssembly keeps instructions while enforcing admitted pages
ok 947 - bounded WebAssembly keeps instructions while enforcing admitted pages
  ---
  duration_ms: 3.088667
  type: 'test'
  ...
# Subtest: invalid memory layouts and insufficient admission are explicit
ok 948 - invalid memory layouts and insufficient admission are explicit
  ---
  duration_ms: 0.253
  type: 'test'
  ...
# Subtest: complete-axis strips preserve all 59 native wavelets and all threshold modes
ok 949 - complete-axis strips preserve all 59 native wavelets and all threshold modes
  ---
  duration_ms: 44566.527459
  type: 'test'
  ...
# Subtest: odd reconstruction cropping, zero threshold and cancellation clean temporary planes
ok 950 - odd reconstruction cropping, zero threshold and cancellation clean temporary planes
  ---
  duration_ms: 491.558666
  type: 'test'
  ...
# Subtest: sibling failure settles delayed strip reads before releasing shared admission
ok 951 - sibling failure settles delayed strip reads before releasing shared admission
  ---
  duration_ms: 20.805041
  type: 'test'
  ...
# Subtest: abort terminates busy strip workers and releases workspace
ok 952 - abort terminates busy strip workers and releases workspace
  ---
  duration_ms: 1.090542
  type: 'test'
  ...
# Subtest: a tight-memory local strip gains worker lanes when a peer returns memory mid-stage
ok 953 - a tight-memory local strip gains worker lanes when a peer returns memory mid-stage
  ---
  duration_ms: 3.80525
  type: 'test'
  ...
# Subtest: more free RAM does not bypass a ceiling learned from an actual worker failure
ok 954 - more free RAM does not bypass a ceiling learned from an actual worker failure
  ---
  duration_ms: 6.616917
  type: 'test'
  ...
# Subtest: slower completed useful strips still reduce the learned worker ceiling
ok 955 - slower completed useful strips still reduce the learned worker ceiling
  ---
  duration_ms: 3.166041
  type: 'test'
  ...
# Subtest: 59 wavelets and five thresholds preserve native reconstruction; threshold views reuse immutable coefficients
ok 956 - 59 wavelets and five thresholds preserve native reconstruction; threshold views reuse immutable coefficients
  ---
  duration_ms: 11023.882125
  type: 'test'
  ...
# Subtest: public worker preserves allocation and recovery diagnostics without destroying the session
ok 957 - public worker preserves allocation and recovery diagnostics without destroying the session
  ---
  duration_ms: 3.969125
  type: 'test'
  ...
# {"i":0,"grayMax":0.0000457763671875,"normalizedMax":0.0000019073486328125,"stats":{"width":1312,"height":768,"mean":127.53336334228516,"inverseStd":0.0351768359541893,"reads":13,"normalization":"one global InstanceNorm; float64 moment reduction, float32 tensor"}}
# Subtest: XFeat native global preparation 1317x789
ok 958 - XFeat native global preparation 1317x789
  ---
  duration_ms: 61.356042
  type: 'test'
  ...
# {"i":1,"grayMax":0,"normalizedMax":3.5762786865234375e-7,"stats":{"width":128,"height":96,"mean":127.01543426513672,"inverseStd":0.023393873125314713,"reads":2,"normalization":"one global InstanceNorm; float64 moment reduction, float32 tensor"}}
# Subtest: XFeat native global preparation 128x96
ok 959 - XFeat native global preparation 128x96
  ---
  duration_ms: 3.23175
  type: 'test'
  ...
# {"i":2,"grayMax":0.000030517578125,"normalizedMax":0.0000014603137969970703,"stats":{"width":96,"height":128,"mean":126.6103286743164,"inverseStd":0.03513143211603165,"reads":3,"normalization":"one global InstanceNorm; float64 moment reduction, float32 tensor"}}
# Subtest: XFeat native global preparation 97x131
ok 960 - XFeat native global preparation 97x131
  ---
  duration_ms: 3.102417
  type: 'test'
  ...
# Subtest: XFeat preparation releases native allocations after source failure
ok 961 - XFeat preparation releases native allocations after source failure
  ---
  duration_ms: 1.370209
  type: 'test'
  ...
# Subtest: global paged components, significance, native ordering and closing match the 76 native ZERO cases
ok 962 - global paged components, significance, native ordering and closing match the 76 native ZERO cases
  ---
  duration_ms: 7379.986167
  type: 'test'
  ...
# Subtest: separate components restore x-major native order and retain edge/halo closing
ok 963 - separate components restore x-major native order and retain edge/halo closing
  ---
  duration_ms: 86.202917
  type: 'test'
  ...
# Subtest: region refusal and consumer failure release all unpublished stores
ok 964 - region refusal and consumer failure release all unpublished stores
  ---
  duration_ms: 44.30825
  type: 'test'
  ...
# Subtest: native ZERO luminance/votes and global significance survive row halos, phases and compact storage
ok 965 - native ZERO luminance/votes and global significance survive row halos, phases and compact storage
  ---
  duration_ms: 4422.855042
  type: 'test'
  ...
# Subtest: JPEG99 global4:4:4 matches every native companion and remains distinct from4:2:0 cache entries
ok 966 - JPEG99 global4:4:4 matches every native companion and remains distinct from4:2:0 cache entries
  ---
  duration_ms: 4162.263708
  type: 'test'
  ...
# Subtest: global vote ties follow native x-major arrival, not numeric grid order
ok 967 - global vote ties follow native x-major arrival, not numeric grid order
  ---
  duration_ms: 0.407708
  type: 'test'
  ...
# Subtest: ZERO staged memory refusal and cancellation remove unpublished planes and keep the source usable
ok 968 - ZERO staged memory refusal and cancellation remove unpublished planes and keep the source usable
  ---
  duration_ms: 65.47825
  type: 'test'
  ...
# Subtest: ZERO votes, detected/regularized masks and five views match native; significance preserves every decision
ok 969 - ZERO votes, detected/regularized masks and five views match native; significance preserves every decision
  ---
  duration_ms: 3585.872833
  type: 'test'
  ...
# Subtest: ZERO original-order CPU override agrees with the optimized threshold filter on a native positive case
ok 970 - ZERO original-order CPU override agrees with the optimized threshold filter on a native positive case
  ---
  duration_ms: 2388.260208
  type: 'test'
  ...
# Subtest: ZERO significance retains native threshold decisions on 413 boundary samples
ok 971 - ZERO significance retains native threshold decisions on 413 boundary samples
  ---
  duration_ms: 7.526
  type: 'test'
  ...
# Subtest: ZERO refuses an excessive working set before allocation and leaves a constrained engine usable
ok 972 - ZERO refuses an excessive working set before allocation and leaves a constrained engine usable
  ---
  duration_ms: 2.992042
  type: 'test'
  ...
# Subtest: Compact RGB8 luminance conversion matches the native rounding of all 16,777,216 colors
ok 973 - Compact RGB8 luminance conversion matches the native rounding of all 16,777,216 colors
  ---
  duration_ms: 531.942375
  type: 'test'
  ...
1..973
# tests 973
# suites 0
# pass 969
# fail 0
# cancelled 0
# skipped 4
# todo 0
# duration_ms 249442.05175
