
> sherloq-web-engine@0.31.0-integration.22 test
> node --test tests/*.test.mjs

TAP version 13
# Subtest: Immediate concurrency uses the highest admitted capacity, evicts only cache and counts no preflight work
ok 1 - Immediate concurrency uses the highest admitted capacity, evicts only cache and counts no preflight work
  ---
  duration_ms: 0.902125
  type: 'test'
  ...
# Subtest: Concurrency decreases from actual slow work or resource failure and recovers from actual successful work
ok 2 - Concurrency decreases from actual slow work or resource failure and recovers from actual successful work
  ---
  duration_ms: 0.224
  type: 'test'
  ...
# Subtest: Large browser memory hints are not capped at an arbitrary global four GiB
ok 3 - Large browser memory hints are not capped at an arbitrary global four GiB
  ---
  duration_ms: 0.271167
  type: 'test'
  ...
# Subtest: useful observations preserve decisions for other operation shapes and remain bounded
ok 4 - useful observations preserve decisions for other operation shapes and remain bounded
  ---
  duration_ms: 0.223708
  type: 'test'
  ...
# Subtest: Adjustment prefix caches skip source/local/global work for Otsu, fixed thresholds and inversion
ok 5 - Adjustment prefix caches skip source/local/global work for Otsu, fixed thresholds and inversion
  ---
  duration_ms: 623.853708
  type: 'test'
  ...
# Subtest: Adjustment cache is complete, private and evictable; cancelling cached or cold passes cleans partial output
ok 6 - Adjustment cache is complete, private and evictable; cancelling cached or cold passes cleans partial output
  ---
  duration_ms: 131.396208
  type: 'test'
  ...
# Subtest: Adjustment admits only useful workers and owned windows; all equalization modes and global histograms remain exact
ok 7 - Adjustment admits only useful workers and owned windows; all equalization modes and global histograms remain exact
  ---
  duration_ms: 1219.946042
  type: 'test'
  ...
# Subtest: Adjustment retries only resource failures once and cancels before releasing windows/stores
ok 8 - Adjustment retries only resource failures once and cancels before releasing windows/stores
  ---
  duration_ms: 424.905125
  type: 'test'
  ...
# Subtest: AKAZE complete native PNG/mask and original JPEG/TIFF pipelines are exact
ok 9 - AKAZE complete native PNG/mask and original JPEG/TIFF pipelines are exact
  ---
  duration_ms: 49819.914417
  type: 'test'
  ...
# Subtest: AKAZE cache identity, explicit detector choice, owned outputs, budget and cancellation
ok 10 - AKAZE cache identity, explicit detector choice, owned outputs, budget and cancellation
  ---
  duration_ms: 5651.97125
  type: 'test'
  ...
# Subtest: ALIKED support rows preserve native preparation 131x97
ok 11 - ALIKED support rows preserve native preparation 131x97
  ---
  duration_ms: 217.803792
  type: 'test'
  ...
# Subtest: ALIKED support rows preserve native preparation 1537x1031
ok 12 - ALIKED support rows preserve native preparation 1537x1031
  ---
  duration_ms: 537.090208
  type: 'test'
  ...
# Subtest: ALIKED support rows preserve native preparation 1024x1024
ok 13 - ALIKED support rows preserve native preparation 1024x1024
  ---
  duration_ms: 384.036
  type: 'test'
  ...
# Subtest: ALIKED support rows preserve native preparation 37x113
ok 14 - ALIKED support rows preserve native preparation 37x113
  ---
  duration_ms: 206.918667
  type: 'test'
  ...
# Subtest: ALIKED support rows preserve native preparation 2049x79
ok 15 - ALIKED support rows preserve native preparation 2049x79
  ---
  duration_ms: 40.59375
  type: 'test'
  ...
# Subtest: ALIKED row read failure and second admission failure release all working memory
ok 16 - ALIKED row read failure and second admission failure release all working memory
  ---
  duration_ms: 2.354208
  type: 'test'
  ...
# Subtest: Whole-image scope cancels detection, clears exclusions and rejects all old generations; automatic mode can return
ok 17 - Whole-image scope cancels detection, clears exclusions and rejects all old generations; automatic mode can return
  ---
  duration_ms: 2.263291
  type: 'test'
  ...
# Subtest: Empty or failed detection does not silently run whole-image branches; unavailable adapters remain explicit
ok 18 - Empty or failed detection does not silently run whole-image branches; unavailable adapters remain explicit
  ---
  duration_ms: 0.60625
  type: 'test'
  ...
# Subtest: Cancellation and disposal suppress late errors as well as progress/results
ok 19 - Cancellation and disposal suppress late errors as well as progress/results
  ---
  duration_ms: 0.164292
  type: 'test'
  ...
# Subtest: A scope action dispatched synchronously by a UI event cannot reuse the previous generation
ok 20 - A scope action dispatched synchronously by a UI event cannot reuse the previous generation
  ---
  duration_ms: 0.155584
  type: 'test'
  ...
# Subtest: segmented palette, morphology, global components and borders match all 144 native panel cases
ok 21 - segmented palette, morphology, global components and borders match all 144 native panel cases
  ---
  duration_ms: 15987.989083
  type: 'test'
  ...
# Subtest: panel cancellation in sampling/growing and consumer failure leave no temporary results
ok 22 - panel cancellation in sampling/growing and consumer failure leave no temporary results
  ---
  duration_ms: 745.111
  type: 'test'
  ...
# Subtest: Panel polygons equal the native original-byte oracle across palette, morphology, geometry and codec boundaries
ok 23 - Panel polygons equal the native original-byte oracle across palette, morphology, geometry and codec boundaries
  ---
  duration_ms: 2789.242125
  type: 'test'
  ...
# Subtest: Detector checks initial admission and admits cancellation events during useful flat and coloured work
ok 24 - Detector checks initial admission and admits cancellation events during useful flat and coloured work
  ---
  duration_ms: 20.928625
  type: 'test'
  ...
# Subtest: Original PNG/JPEG/TIFF decode, original-byte provenance, polygons, half-open bounds and JSON are exact
ok 25 - Original PNG/JPEG/TIFF decode, original-byte provenance, polygons, half-open bounds and JSON are exact
  ---
  duration_ms: 6573.0805
  type: 'test'
  ...
# Subtest: Owned cache, resource refusals, cancelled useful work and actual scope detector adapter preserve explicit boundaries
ok 26 - Owned cache, resource refusals, cancelled useful work and actual scope detector adapter preserve explicit boundaries
  ---
  duration_ms: 869.971791
  type: 'test'
  ...
# Subtest: native half-open boxes and blackened crops preserve original RGB
ok 27 - native half-open boxes and blackened crops preserve original RGB
  ---
  duration_ms: 25.687584
  type: 'test'
  ...
# Subtest: D2PRL receives only native rectangles and output exclusions; disabled jobs have no request
ok 28 - D2PRL receives only native rectangles and output exclusions; disabled jobs have no request
  ---
  duration_ms: 0.769125
  type: 'test'
  ...
# Subtest: real analyzer boundary releases crops and partial outputs on failure, cancellation and invalid result
ok 29 - real analyzer boundary releases crops and partial outputs on failure, cancellation and invalid result
  ---
  duration_ms: 11.334833
  type: 'test'
  ...
# Subtest: AI archive preserves native mask/role types and ordered raw D2PRL grids across chunks
ok 30 - AI archive preserves native mask/role types and ordered raw D2PRL grids across chunks
  ---
  duration_ms: 144.410292
  type: 'test'
  ...
# Subtest: AI snapshots reject mixed analyses, reordered grids, missing data and lossy role conversion
ok 31 - AI snapshots reject mixed analyses, reordered grids, missing data and lossy role conversion
  ---
  duration_ms: 58.350584
  type: 'test'
  ...
# Subtest: segmented D2PRL snapshot exports the same complete scientific archive and rejects mixed layouts
ok 32 - segmented D2PRL snapshot exports the same complete scientific archive and rejects mixed layouts
  ---
  duration_ms: 204.502416
  type: 'test'
  ...
# Subtest: native panel fallback, ordered identity, disabled zones and four real submissions
ok 33 - native panel fallback, ordered identity, disabled zones and four real submissions
  ---
  duration_ms: 3.437792
  type: 'test'
  ...
# Subtest: complete analysis adds only ELA; M3/M4 receive independent native settings
ok 34 - complete analysis adds only ELA; M3/M4 receive independent native settings
  ---
  duration_ms: 0.200292
  type: 'test'
  ...
# Subtest: selection and plan own coordinates; empty manual selection never becomes whole-image
ok 35 - selection and plan own coordinates; empty manual selection never becomes whole-image
  ---
  duration_ms: 0.465667
  type: 'test'
  ...
# Subtest: memory retry resumes after a peer releases its workspace while the long group still runs
ok 36 - memory retry resumes after a peer releases its workspace while the long group still runs
  ---
  duration_ms: 32.375917
  type: 'test'
  ...
# Subtest: persistent memory failure waits for peers and stops after five comparable failures even when alone
ok 37 - persistent memory failure waits for peers and stops after five comparable failures even when alone
  ---
  duration_ms: 262.928709
  type: 'test'
  ...
# Subtest: real allocation failure waits for a peer and retains already completed scientific results
ok 38 - real allocation failure waits for a peer and retains already completed scientific results
  ---
  duration_ms: 28.776708
  type: 'test'
  ...
# Subtest: persistent allocator refusal stops after bounded peer-settlement retries and preserves its cause
ok 39 - persistent allocator refusal stops after bounded peer-settlement retries and preserves its cause
  ---
  duration_ms: 255.591541
  type: 'test'
  ...
# Subtest: useful parallel admission retries only failed groups; independent view caches retain owned frames
ok 40 - useful parallel admission retries only failed groups; independent view caches retain owned frames
  ---
  duration_ms: 31.648333
  type: 'test'
  ...
# Subtest: cancel retains completed groups and disposes late provider results; partial inspection remains available
ok 41 - cancel retains completed groups and disposes late provider results; partial inspection remains available
  ---
  duration_ms: 3.282959
  type: 'test'
  ...
# Subtest: disabled selections invoke no providers; missing engines stay explicit failures
ok 42 - disabled selections invoke no providers; missing engines stay explicit failures
  ---
  duration_ms: 1.06225
  type: 'test'
  ...
# Subtest: disposing during an asynchronous entry preparation disposes its late owner
ok 43 - disposing during an asynchronous entry preparation disposes its late owner
  ---
  duration_ms: 0.60525
  type: 'test'
  ...
# Subtest: real selected ELA composition stays alive through cached frames and session disposal
ok 44 - real selected ELA composition stays alive through cached frames and session disposal
  ---
  duration_ms: 243.916958
  type: 'test'
  ...
# Subtest: scientific snapshot holds raw and prepared owners and excludes concurrent refilters
ok 45 - scientific snapshot holds raw and prepared owners and excludes concurrent refilters
  ---
  duration_ms: 2.445542
  type: 'test'
  ...
# Subtest: disposal cancels the snapshot consumer and waits for all of its owners
ok 46 - disposal cancels the snapshot consumer and waits for all of its owners
  ---
  duration_ms: 0.5255
  type: 'test'
  ...
# Subtest: completed raw planes release RAM under pressure without rerunning their provider or losing export ownership
ok 47 - completed raw planes release RAM under pressure without rerunning their provider or losing export ownership
  ---
  duration_ms: 1.989167
  type: 'test'
  ...
# Subtest: a lone raw allocator failure resumes at full configured capacity and preserves its output
ok 48 - a lone raw allocator failure resumes at full configured capacity and preserves its output
  ---
  duration_ms: 27.571458
  type: 'test'
  ...
# Subtest: more than five successive incidents with committed high-water progress can finish without a lifetime cap
ok 49 - more than five successive incidents with committed high-water progress can finish without a lifetime cap
  ---
  duration_ms: 212.904958
  type: 'test'
  ...
# Subtest: replayed provider progress does not evade the five-failure guard and keeps original diagnostics
ok 50 - replayed provider progress does not evade the five-failure guard and keeps original diagnostics
  ---
  duration_ms: 258.112333
  type: 'test'
  ...
# Subtest: an exhausted inner recovery loop is terminal to the session instead of five fresh provider starts
ok 51 - an exhausted inner recovery loop is terminal to the session instead of five fresh provider starts
  ---
  duration_ms: 1.05275
  type: 'test'
  ...
# Subtest: recovery does not lower admission of other useful providers or replay their completed results
ok 52 - recovery does not lower admission of other useful providers or replay their completed results
  ---
  duration_ms: 26.536458
  type: 'test'
  ...
# Subtest: cancelling a recovery delay releases pressure and never launches the next attempt
ok 53 - cancelling a recovery delay releases pressure and never launches the next attempt
  ---
  duration_ms: 0.534833
  type: 'test'
  ...
# Subtest: entry preparation retries preserve scientific raw and the previous display owner until successful replacement
ok 54 - entry preparation retries preserve scientific raw and the previous display owner until successful replacement
  ---
  duration_ms: 27.846166
  type: 'test'
  ...
# Subtest: a reclaimer allocation failure stays within the same five-failure guard without replaying the provider
ok 55 - a reclaimer allocation failure stays within the same five-failure guard without replaying the provider
  ---
  duration_ms: 232.825084
  type: 'test'
  ...
# Subtest: unrelated provider defects are terminal immediately with their original stack preserved
ok 56 - unrelated provider defects are terminal immediately with their original stack preserved
  ---
  duration_ms: 0.392
  type: 'test'
  ...
# Subtest: public integration facade preserves explicit missing engines and caller-owned source
ok 57 - public integration facade preserves explicit missing engines and caller-owned source
  ---
  duration_ms: 50.837666
  type: 'test'
  ...
# Subtest: all-disabled complete selection allocates no ELA provider or fallback analysis
ok 58 - all-disabled complete selection allocates no ELA provider or fallback analysis
  ---
  duration_ms: 3.774
  type: 'test'
  ...
# Subtest: complete native cell/Ghost/background and energy selections preserve global references
ok 59 - complete native cell/Ghost/background and energy selections preserve global references
  ---
  duration_ms: 1501.604083
  type: 'test'
  ...
# Subtest: selection/segmentation cancellation, consumer errors and invalid parameters release partial state
ok 60 - selection/segmentation cancellation, consumer errors and invalid parameters release partial state
  ---
  duration_ms: 82.645583
  type: 'test'
  ...
# Subtest: global automatic archive adds native method/context counts, deduplicated pairs and exact mask/cell arrays
ok 61 - global automatic archive adds native method/context counts, deduplicated pairs and exact mask/cell arrays
  ---
  duration_ms: 91.2905
  type: 'test'
  ...
# Subtest: corroboration-stage abort, output-stage abort and metadata failures clean all owned scratch data
ok 62 - corroboration-stage abort, output-stage abort and metadata failures clean all owned scratch data
  ---
  duration_ms: 174.076583
  type: 'test'
  ...
# Subtest: translated M2 source crops preserve native black exclusions and borrowed source
ok 63 - translated M2 source crops preserve native black exclusions and borrowed source
  ---
  duration_ms: 18.946709
  type: 'test'
  ...
# Subtest: global segmented AI fields, analyzed exclusions and NPZ match contiguous assembly across overlapping zones
ok 64 - global segmented AI fields, analyzed exclusions and NPZ match contiguous assembly across overlapping zones
  ---
  duration_ms: 59.808416
  type: 'test'
  ...
# Subtest: paged automatic source failures and cancellation leave no output/window leases
ok 65 - paged automatic source failures and cancellation leave no output/window leases
  ---
  duration_ms: 12.166
  type: 'test'
  ...
# Subtest: native automatic snapshot recursively exports all dtypes, shapes and Python scientific scalars
ok 66 - native automatic snapshot recursively exports all dtypes, shapes and Python scientific scalars
  ---
  duration_ms: 115.851
  type: 'test'
  ...
# Subtest: invalid snapshots, path collisions, boolean payloads and cancellation cannot publish partial archives
ok 67 - invalid snapshots, path collisions, boolean payloads and cancellation cannot publish partial archives
  ---
  duration_ms: 32.618916
  type: 'test'
  ...
# Subtest: native BGR byte view preserves partial-pixel windows, exact source hash and source immutability
ok 68 - native BGR byte view preserves partial-pixel windows, exact source hash and source immutability
  ---
  duration_ms: 49.22225
  type: 'test'
  ...
# Subtest: classical snapshots retain native array types, int64 biome indices and full dense fields
ok 69 - classical snapshots retain native array types, int64 biome indices and full dense fields
  ---
  duration_ms: 105.301167
  type: 'test'
  ...
# Subtest: classical snapshot rejects ambiguous arrays and preserves empty native matrices
ok 70 - classical snapshot rejects ambiguous arrays and preserves empty native matrices
  ---
  duration_ms: 10.231167
  type: 'test'
  ...
# Subtest: paged dense fields export every native byte and reject unmarked or truncated stores
ok 71 - paged dense fields export every native byte and reject unmarked or truncated stores
  ---
  duration_ms: 145.000417
  type: 'test'
  ...
# Subtest: public complete analysis preserves all-disabled scope, cached identity, explicit views and independent export lifetime
ok 72 - public complete analysis preserves all-disabled scope, cached identity, explicit views and independent export lifetime
  ---
  duration_ms: 74.530792
  type: 'test'
  ...
# Subtest: invalid automatic configuration and early cancellation never leak or fabricate completed detectors
ok 73 - invalid automatic configuration and early cancellation never leak or fabricate completed detectors
  ---
  duration_ms: 2.734125
  type: 'test'
  ...
# Subtest: partial automatic archive records unavailable engines and real original BGR identity without fabricating results
ok 74 - partial automatic archive records unavailable engines and real original BGR identity without fabricating results
  ---
  duration_ms: 48.051125
  type: 'test'
  ...
# Subtest: export refuses inconsistent view filters and cleans snapshot owners after missing source
ok 75 - export refuses inconsistent view filters and cleans snapshot owners after missing source
  ---
  duration_ms: 2.407458
  type: 'test'
  ...
# Subtest: automatic sparse adapter forwards lazy source storage and leaves borrowed session ownership with the source
ok 76 - automatic sparse adapter forwards lazy source storage and leaves borrowed session ownership with the source
  ---
  duration_ms: 21.459583
  type: 'test'
  ...
# Subtest: automatic SIFT consumes bounded source rows and windows without retaining full RGB
ok 77 - automatic SIFT consumes bounded source rows and windows without retaining full RGB
  ---
  duration_ms: 263.556542
  type: 'test'
  ...
# Subtest: complete display selections match actual native widget methods
ok 78 - complete display selections match actual native widget methods
  ---
  duration_ms: 3.310416
  type: 'test'
  ...
# Subtest: view and export share global source/branch/family controls and restore per-tab presentation
ok 79 - view and export share global source/branch/family controls and restore per-tab presentation
  ---
  duration_ms: 1.092333
  type: 'test'
  ...
# Subtest: BigTIFF native RGB/grayscale, first frame, byte order and mapped tiles
ok 80 - BigTIFF native RGB/grayscale, first frame, byte order and mapped tiles
  ---
  duration_ms: 183.884334
  type: 'test'
  ...
# Subtest: BigTIFF keeps non-safe scalar integers exact and refuses unsafe offsets/counts
ok 81 - BigTIFF keeps non-safe scalar integers exact and refuses unsafe offsets/counts
  ---
  duration_ms: 1.22825
  type: 'test'
  ...
# Subtest: original grayscale db8 axes, medians and rendered maps match native across orientation and block sizes
ok 82 - original grayscale db8 axes, medians and rendered maps match native across orientation and block sizes
  ---
  duration_ms: 963.642416
  type: 'test'
  ...
# Subtest: fallback loaded grayscale and cancellation retain global boundaries and clean stores
ok 83 - fallback loaded grayscale and cancellation retain global boundaries and clean stores
  ---
  duration_ms: 871.959209
  type: 'test'
  ...
# Subtest: Wavelet blocking preserves original-file grayscale, exact 1094 noise maps/displays and cache ownership
ok 84 - Wavelet blocking preserves original-file grayscale, exact 1094 noise maps/displays and cache ownership
  ---
  duration_ms: 5325.917167
  type: 'test'
  ...
# Subtest: recovery tokens are concurrent, reentrant, idempotent, and leave the policy budget unchanged
ok 85 - recovery tokens are concurrent, reentrant, idempotent, and leave the policy budget unchanged
  ---
  duration_ms: 3.511917
  type: 'test'
  ...
# Subtest: a cancelled asynchronous reclaim releases its recovery token in finally
ok 86 - a cancelled asynchronous reclaim releases its recovery token in finally
  ---
  duration_ms: 0.560458
  type: 'test'
  ...
# Subtest: shared pages remain readable while concurrent recovery protects reclaimed RAM for a useful retry
ok 87 - shared pages remain readable while concurrent recovery protects reclaimed RAM for a useful retry
  ---
  duration_ms: 31.658667
  type: 'test'
  ...
# Subtest: new optional cache metadata is deferred during recovery and a later reader can connect
ok 88 - new optional cache metadata is deferred during recovery and a later reader can connect
  ---
  duration_ms: 0.691583
  type: 'test'
  ...
# Subtest: mutable byte pages flush eviction, preserve prepared windows, and have synchronous hits
ok 89 - mutable byte pages flush eviction, preserve prepared windows, and have synchronous hits
  ---
  duration_ms: 2.334917
  type: 'test'
  ...
# Subtest: page I/O errors, abort, and refusal release the bounded cache
ok 90 - page I/O errors, abort, and refusal release the bounded cache
  ---
  duration_ms: 0.305
  type: 'test'
  ...
# Subtest: bounded official SDK and native state policy match current c2patool offline cases
ok 91 - bounded official SDK and native state policy match current c2patool offline cases
  ---
  duration_ms: 225.132792
  type: 'test'
  ...
# Subtest: trust configuration admits inline PEM only; unknown and failure remain distinct
ok 92 - trust configuration admits inline PEM only; unknown and failure remain distinct
  ---
  duration_ms: 0.533625
  type: 'test'
  ...
# Subtest: Candidate radix sorting stays exact beyond a uint32 image key in both RAM and bounded external paths
ok 93 - Candidate radix sorting stays exact beyond a uint32 image key in both RAM and bounded external paths
  ---
  duration_ms: 91.388625
  type: 'test'
  ...
# Subtest: External sort cancellation disposes its extra arrays and leaves input ownership with the caller
ok 94 - External sort cancellation disposes its extra arrays and leaves input ownership with the caller
  ---
  duration_ms: 2.495084
  type: 'test'
  ...
# Subtest: CSV pages handle empty tables and release reservations on cancellation or failed reads
ok 95 - CSV pages handle empty tables and release reservations on cancellation or failed reads
  ---
  duration_ms: 0.347583
  type: 'test'
  ...
# Subtest: CAT-Net crops stored padding before all eight native EXIF orientations
ok 96 - CAT-Net crops stored padding before all eight native EXIF orientations
  ---
  duration_ms: 8.99825
  type: 'test'
  ...
# Subtest: segmented CAT-Net cropping/orientation equals dense mapping across internal tiles
ok 97 - segmented CAT-Net cropping/orientation equals dense mapping across internal tiles
  ---
  duration_ms: 174.582583
  type: 'test'
  ...
# Subtest: native annotations and pair ownership before hull construction
ok 98 - native annotations and pair ownership before hull construction
  ---
  duration_ms: 2.652083
  type: 'test'
  ...
# Subtest: uint32 method/context counts and holes match native through stripe boundaries
ok 99 - uint32 method/context counts and holes match native through stripe boundaries
  ---
  duration_ms: 1953.362708
  type: 'test'
  ...
# Subtest: D2PRL votes once across arbitrary pass contexts; counts do not saturate at display six
ok 100 - D2PRL votes once across arbitrary pass contexts; counts do not saturate at display six
  ---
  duration_ms: 378.367125
  type: 'test'
  ...
# Subtest: almost identical endpoint pairs deduplicate only presentation, retaining AI separately
ok 101 - almost identical endpoint pairs deduplicate only presentation, retaining AI separately
  ---
  duration_ms: 18.339875
  type: 'test'
  ...
# Subtest: relation filtering affects classical layers only and ELA never enters corroboration
ok 102 - relation filtering affects classical layers only and ELA never enters corroboration
  ---
  duration_ms: 0.571833
  type: 'test'
  ...
# Subtest: cancellation and consumer failures release stripe workspaces and guard reentrance
ok 103 - cancellation and consumer failures release stripe workspaces and guard reentrance
  ---
  duration_ms: 46.520958
  type: 'test'
  ...
# Subtest: tab/mode preferences restore ELA and relations without scheduling inference
ok 104 - tab/mode preferences restore ELA and relations without scheduling inference
  ---
  duration_ms: 4.308333
  type: 'test'
  ...
# Subtest: native float32 hulls, Python JSON stable ids and BGR colors
ok 105 - native float32 hulls, Python JSON stable ids and BGR colors
  ---
  duration_ms: 80.358375
  type: 'test'
  ...
# Subtest: native D2PRL exact masks, holes, external contours, component order and stable identities
ok 106 - native D2PRL exact masks, holes, external contours, component order and stable identities
  ---
  duration_ms: 899.784334
  type: 'test'
  ...
# Subtest: native Forgeryscope filtering, display polygons, duplicate identities and source offsets
ok 107 - native Forgeryscope filtering, display polygons, duplicate identities and source offsets
  ---
  duration_ms: 62.9265
  type: 'test'
  ...
# Subtest: D2PRL threshold changes require real cached-grid refilter, with cleanup on cancellation
ok 108 - D2PRL threshold changes require real cached-grid refilter, with cleanup on cancellation
  ---
  duration_ms: 490.317834
  type: 'test'
  ...
# Subtest: ORB32 and AKAZE61 Hamming include the final byte and preserve native tie order across batches
ok 109 - ORB32 and AKAZE61 Hamming include the final byte and preserve native tie order across batches
  ---
  duration_ms: 186.90125
  type: 'test'
  ...
# Subtest: AKAZE selection keeps all 61 descriptor bytes and refuses mismatched strides
ok 110 - AKAZE selection keeps all 61 descriptor bytes and refuses mismatched strides
  ---
  duration_ms: 2.0585
  type: 'test'
  ...
# Subtest: endpoint index preserves every native geometry row, duplicate rule and order
ok 111 - endpoint index preserves every native geometry row, duplicate rule and order
  ---
  duration_ms: 296.531584
  type: 'test'
  ...
# Subtest: endpoint index matches direct predicates around cell/norm boundaries and reversed pairs
ok 112 - endpoint index matches direct predicates around cell/norm boundaries and reversed pairs
  ---
  duration_ms: 186.566792
  type: 'test'
  ...
# {"rows":100000,"outputIndices":199900,"metrics":{"cloningGroupWorkers":1,"cloningGroupCandidateRows":149800,"cloningGroupAllPairRows":4999950000},"workspacePeakBytes":64861424,"borrowedInputBytes":13600000}
# Subtest: 100000 historical correspondences retain all ordered local groups without a quadratic scan
ok 113 - 100000 historical correspondences retain all ordered local groups without a quadratic scan
  ---
  duration_ms: 701.007375
  type: 'test'
  ...
# Subtest: ORB native arithmetic primitives and reference identities
ok 114 - ORB native arithmetic primitives and reference identities
  ---
  duration_ms: 263.781709
  type: 'test'
  ...
# Subtest: ORB PNG, binary-mask, geometry and rendering pipelines match native
ok 115 - ORB PNG, binary-mask, geometry and rendering pipelines match native
  ---
  duration_ms: 82314.004833
  type: 'test'
  ...
# Subtest: ORB caches, owned results, mask invalidation, admission and cancellation
ok 116 - ORB caches, owned results, mask invalidation, admission and cancellation
  ---
  duration_ms: 347.4685
  type: 'test'
  ...
# Subtest: ORB geometry resource retry preserves native groups and monotonic progress
ok 117 - ORB geometry resource retry preserves native groups and monotonic progress
  ---
  duration_ms: 1.1315
  type: 'test'
  ...
# Subtest: Backbone rejects invalid structure before admission and rolls back partial helper setup
ok 118 - Backbone rejects invalid structure before admission and rolls back partial helper setup
  ---
  duration_ms: 8.228458
  type: 'test'
  ...
# Subtest: Backbone read failure and malformed verified bytes release temporary input leases and permit retry
ok 119 - Backbone read failure and malformed verified bytes release temporary input leases and permit retry
  ---
  duration_ms: 14.55475
  type: 'test'
  ...
# Subtest: Backbone cancellation during parameter fetch frees borrowed input and read reservations
ok 120 - Backbone cancellation during parameter fetch frees borrowed input and read reservations
  ---
  duration_ms: 6.773208
  type: 'test'
  ...
# Subtest: The staged postprocessor admits every supported largest tile within a real32MiB heap ceiling
ok 121 - The staged postprocessor admits every supported largest tile within a real32MiB heap ceiling
  ---
  duration_ms: 35.571875
  type: 'test'
  ...
# Subtest: Hybrid refuses geometry, pre-abort and missing worker headroom before creating a worker or GPU
ok 122 - Hybrid refuses geometry, pre-abort and missing worker headroom before creating a worker or GPU
  ---
  duration_ms: 5.635916
  type: 'test'
  ...
# Subtest: Resident correlation constructor releases every buffer and reservation when bind group construction fails
ok 123 - Resident correlation constructor releases every buffer and reservation when bind group construction fails
  ---
  duration_ms: 7.07975
  type: 'test'
  ...
# Subtest: Native depthwise Winograd float32 order preserves complete tensors, odd borders and bias
ok 124 - Native depthwise Winograd float32 order preserves complete tensors, odd borders and bias
  ---
  duration_ms: 39.992417
  type: 'test'
  ...
# {"source":{"different":0,"max":0,"mae":0},"recompression":{"different":0,"max":0,"mae":0}}
# Subtest: JPEG source and recompression measured independently
ok 125 - JPEG source and recompression measured independently
  ---
  duration_ms: 26.294542
  type: 'test'
  ...
# Subtest: Rejects unsupported format and malformed source without canvas conversion
ok 126 - Rejects unsupported format and malformed source without canvas conversion
  ---
  duration_ms: 0.376625
  type: 'test'
  ...
# Subtest: JPEG parity one.jpg: all declared qualities
ok 127 - JPEG parity one.jpg: all declared qualities
  ---
  duration_ms: 17.333125
  type: 'test'
  ...
# Subtest: JPEG parity odd.jpg: all declared qualities
ok 128 - JPEG parity odd.jpg: all declared qualities
  ---
  duration_ms: 19.011708
  type: 'test'
  ...
# Subtest: JPEG parity gray.jpg: all declared qualities
ok 129 - JPEG parity gray.jpg: all declared qualities
  ---
  duration_ms: 14.539167
  type: 'test'
  ...
# Subtest: JPEG parity progressive.jpg: all declared qualities
ok 130 - JPEG parity progressive.jpg: all declared qualities
  ---
  duration_ms: 14.091625
  type: 'test'
  ...
# Subtest: JPEG parity large-pattern.jpg: all declared qualities
ok 131 - JPEG parity large-pattern.jpg: all declared qualities
  ---
  duration_ms: 21.20775
  type: 'test'
  ...
# Subtest: JPEG parity bench-512.jpg: all declared qualities
ok 132 - JPEG parity bench-512.jpg: all declared qualities
  ---
  duration_ms: 82.837916
  type: 'test'
  ...
# Subtest: JPEG parity bench-1024.jpg: all declared qualities
ok 133 - JPEG parity bench-1024.jpg: all declared qualities
  ---
  duration_ms: 266.910083
  type: 'test'
  ...
# Subtest: Comparison histograms retain exact integer populations beyond 2^24
ok 134 - Comparison histograms retain exact integer populations beyond 2^24
  ---
  duration_ms: 1582.704042
  type: 'test'
  ...
# comparison reference passed: tiny
# comparison reference passed: small
# comparison reference passed: zero
# comparison reference passed: constant
# comparison reference passed: same
# comparison reference passed: shift
# comparison reference passed: brightness
# comparison reference passed: noise
# comparison reference passed: random
# comparison reference passed: gamma
# comparison reference passed: large
# comparison reference passed: row
# comparison reference passed: column
# comparison reference passed: narrow
# comparison reference passed: inverse
# comparison reference passed: impulse
# comparison reference passed: gradient
# comparison reference passed: checker
# comparison reference passed: saturated
# comparison reference passed: edge8
# comparison reference passed: edge9
# comparison reference passed: edge10
# comparison reference passed: edge11
# comparison reference passed: edge17
# comparison reference passed: edge31
# comparison reference passed: edge33
# comparison reference passed: edge79
# comparison reference passed: edge80
# comparison reference passed: edge81
# comparison reference passed: edge175
# comparison reference passed: edge176
# comparison reference passed: edge177
# comparison reference passed: megapixel
# Subtest: comparison segmented input preserves all twenty metrics and four rendered views
ok 135 - comparison segmented input preserves all twenty metrics and four rendered views
  ---
  duration_ms: 76500.851084
  type: 'test'
  ...
# Subtest: comparison cancellation disposes output and preserves metric caches transactionally
ok 136 - comparison cancellation disposes output and preserves metric caches transactionally
  ---
  duration_ms: 68.957
  type: 'test'
  ...
# Subtest: Comparison guarded binary64 arithmetic equals software FMA on IEEE boundaries and rounding traps
ok 137 - Comparison guarded binary64 arithmetic equals software FMA on IEEE boundaries and rounding traps
  ---
  duration_ms: 2754.069291
  type: 'test'
  ...
# Subtest: Comparison optimized Sewar scores are bit-identical to the selectable software FMA reference
ok 138 - Comparison optimized Sewar scores are bit-identical to the selectable software FMA reference
  ---
  duration_ms: 92301.324292
  type: 'test'
  ...
# Subtest: Comparison exposes all 20 native measures and all 528 exact display variants
ok 139 - Comparison exposes all 20 native measures and all 528 exact display variants
  ---
  duration_ms: 37533.12425
  type: 'test'
  ...
# Subtest: Pair cache tracks both image lifetimes, including reused IDs with identical original bytes
ok 140 - Pair cache tracks both image lifetimes, including reused IDs with identical original bytes
  ---
  duration_ms: 25.433792
  type: 'test'
  ...
# Subtest: Comparison rejects invalid pairs, budgets and parameters; cancellation is recoverable
ok 141 - Comparison rejects invalid pairs, budgets and parameters; cancellation is recoverable
  ---
  duration_ms: 339.781
  type: 'test'
  ...
# Subtest: Composite policy and selected-model counters survive dense and windowed NPZ
ok 142 - Composite policy and selected-model counters survive dense and windowed NPZ
  ---
  duration_ms: 12.423792
  type: 'test'
  ...
# Subtest: Contrast core rows preserve native derivatives/padded block maps and all159 median/nearest displays
ok 143 - Contrast core rows preserve native derivatives/padded block maps and all159 median/nearest displays
  ---
  duration_ms: 827.3595
  type: 'test'
  ...
# Subtest: Contrast maps and three views preserve all native block sizes, padding and indicator arithmetic
ok 144 - Contrast maps and three views preserve all native block sizes, padding and indicator arithmetic
  ---
  duration_ms: 892.548292
  type: 'test'
  ...
# Subtest: Native paired biomes: translation
ok 145 - Native paired biomes: translation
  ---
  duration_ms: 6.388208
  type: 'test'
  ...
# Subtest: Native paired biomes: reversed
ok 146 - Native paired biomes: reversed
  ---
  duration_ms: 0.87625
  type: 'test'
  ...
# Subtest: Native paired biomes: independent-contexts
ok 147 - Native paired biomes: independent-contexts
  ---
  duration_ms: 1.788625
  type: 'test'
  ...
# Subtest: Native paired biomes: disjoint-small-groups
ok 148 - Native paired biomes: disjoint-small-groups
  ---
  duration_ms: 0.788
  type: 'test'
  ...
# Subtest: Native paired biomes: large-connected-no-area-cap
ok 149 - Native paired biomes: large-connected-no-area-cap
  ---
  duration_ms: 0.74275
  type: 'test'
  ...
# Subtest: Native paired biomes: empty
ok 150 - Native paired biomes: empty
  ---
  duration_ms: 0.256459
  type: 'test'
  ...
# Subtest: Native paired biomes: duplicate-zero-tolerance
ok 151 - Native paired biomes: duplicate-zero-tolerance
  ---
  duration_ms: 0.241083
  type: 'test'
  ...
# Subtest: Native paired biomes: boundary
ok 152 - Native paired biomes: boundary
  ---
  duration_ms: 0.281083
  type: 'test'
  ...
# Subtest: paired biomes cancellation, invalid endpoints and admission
ok 153 - paired biomes cancellation, invalid endpoints and admission
  ---
  duration_ms: 1.024791
  type: 'test'
  ...
# Subtest: translation
ok 154 - translation
  ---
  duration_ms: 31.950083
  type: 'test'
  ...
# Subtest: similarity
ok 155 - similarity
  ---
  duration_ms: 11.80725
  type: 'test'
  ...
# Subtest: reflection
ok 156 - reflection
  ---
  duration_ms: 21.850625
  type: 'test'
  ...
# Subtest: two-models
ok 157 - two-models
  ---
  duration_ms: 34.684542
  type: 'test'
  ...
# Subtest: outliers
ok 158 - outliers
  ---
  duration_ms: 21.918666
  type: 'test'
  ...
# Subtest: homography
ok 159 - homography
  ---
  duration_ms: 17.660709
  type: 'test'
  ...
# Subtest: insufficient-centres
ok 160 - insufficient-centres
  ---
  duration_ms: 7.219583
  type: 'test'
  ...
# Subtest: self-overlap
ok 161 - self-overlap
  ---
  duration_ms: 41.4185
  type: 'test'
  ...
# Subtest: near-identity
ok 162 - near-identity
  ---
  duration_ms: 9.726
  type: 'test'
  ...
# Subtest: none
ok 163 - none
  ---
  duration_ms: 7.188209
  type: 'test'
  ...
# Subtest: independent-groups
ok 164 - independent-groups
  ---
  duration_ms: 19.433833
  type: 'test'
  ...
# Subtest: cancellation and mandatory memory admission
ok 165 - cancellation and mandatory memory admission
  ---
  duration_ms: 0.800917
  type: 'test'
  ...
# Subtest: SIFT model scale/anisotropy filters
ok 166 - SIFT model scale/anisotropy filters
  ---
  duration_ms: 0.164041
  type: 'test'
  ...
# Subtest: unverified normal groups remain aligned with verified reflected groups
ok 167 - unverified normal groups remain aligned with verified reflected groups
  ---
  duration_ms: 19.910875
  type: 'test'
  ...
# Subtest: Homography and global hull accept 100001 correspondences without a count cutoff
ok 168 - Homography and global hull accept 100001 correspondences without a count cutoff
  ---
  duration_ms: 98.349416
  type: 'test'
  ...
# Subtest: geometric verification terminates by exhausted matches beyond 2000 models
ok 169 - geometric verification terminates by exhausted matches beyond 2000 models
  ---
  duration_ms: 2678.213208
  type: 'test'
  ...
# Subtest: float-global
ok 170 - float-global
  ---
  duration_ms: 21.042584
  type: 'test'
  ...
# Subtest: float-zones
ok 171 - float-zones
  ---
  duration_ms: 15.473708
  type: 'test'
  ...
# Subtest: float-compare
ok 172 - float-compare
  ---
  duration_ms: 3.670041
  type: 'test'
  ...
# Subtest: float-gap
ok 173 - float-gap
  ---
  duration_ms: 26.705375
  type: 'test'
  ...
# Subtest: float-compact
ok 174 - float-compact
  ---
  duration_ms: 2.866292
  type: 'test'
  ...
# Subtest: binary-global
ok 175 - binary-global
  ---
  duration_ms: 2.763542
  type: 'test'
  ...
# Subtest: binary-zones
ok 176 - binary-zones
  ---
  duration_ms: 31.065458
  type: 'test'
  ...
# Subtest: binary-compare
ok 177 - binary-compare
  ---
  duration_ms: 2.278959
  type: 'test'
  ...
# Subtest: binary-gap
ok 178 - binary-gap
  ---
  duration_ms: 3.323708
  type: 'test'
  ...
# Subtest: binary-compact
ok 179 - binary-compact
  ---
  duration_ms: 2.160916
  type: 'test'
  ...
# Subtest: native SIFT and RootSIFT descriptor normalization
ok 180 - native SIFT and RootSIFT descriptor normalization
  ---
  duration_ms: 30.487167
  type: 'test'
  ...
# Subtest: normalization cancelled before useful work
ok 181 - normalization cancelled before useful work
  ---
  duration_ms: 0.476709
  type: 'test'
  ...
# Subtest: native cKDTree leaf order 0-random
ok 182 - native cKDTree leaf order 0-random
  ---
  duration_ms: 7.696125
  type: 'test'
  ...
# Subtest: native cKDTree leaf order 0-ties
ok 183 - native cKDTree leaf order 0-ties
  ---
  duration_ms: 0.778458
  type: 'test'
  ...
# Subtest: native cKDTree leaf order 0-identical
ok 184 - native cKDTree leaf order 0-identical
  ---
  duration_ms: 0.696875
  type: 'test'
  ...
# Subtest: native cKDTree leaf order 1-random
ok 185 - native cKDTree leaf order 1-random
  ---
  duration_ms: 1.563542
  type: 'test'
  ...
# Subtest: native cKDTree leaf order 1-ties
ok 186 - native cKDTree leaf order 1-ties
  ---
  duration_ms: 0.546208
  type: 'test'
  ...
# Subtest: native cKDTree leaf order 1-identical
ok 187 - native cKDTree leaf order 1-identical
  ---
  duration_ms: 0.503625
  type: 'test'
  ...
# Subtest: native cKDTree leaf order 16-random
ok 188 - native cKDTree leaf order 16-random
  ---
  duration_ms: 0.477791
  type: 'test'
  ...
# Subtest: native cKDTree leaf order 16-ties
ok 189 - native cKDTree leaf order 16-ties
  ---
  duration_ms: 1.066125
  type: 'test'
  ...
# Subtest: native cKDTree leaf order 16-identical
ok 190 - native cKDTree leaf order 16-identical
  ---
  duration_ms: 4.05275
  type: 'test'
  ...
# Subtest: native cKDTree leaf order 17-random
ok 191 - native cKDTree leaf order 17-random
  ---
  duration_ms: 3.305333
  type: 'test'
  ...
# Subtest: native cKDTree leaf order 17-ties
ok 192 - native cKDTree leaf order 17-ties
  ---
  duration_ms: 1.425083
  type: 'test'
  ...
# Subtest: native cKDTree leaf order 17-identical
ok 193 - native cKDTree leaf order 17-identical
  ---
  duration_ms: 2.718709
  type: 'test'
  ...
# Subtest: native cKDTree leaf order 40-random
ok 194 - native cKDTree leaf order 40-random
  ---
  duration_ms: 2.189625
  type: 'test'
  ...
# Subtest: native cKDTree leaf order 40-ties
ok 195 - native cKDTree leaf order 40-ties
  ---
  duration_ms: 0.59675
  type: 'test'
  ...
# Subtest: native cKDTree leaf order 40-identical
ok 196 - native cKDTree leaf order 40-identical
  ---
  duration_ms: 0.507542
  type: 'test'
  ...
# Subtest: native cKDTree leaf order 801-random
ok 197 - native cKDTree leaf order 801-random
  ---
  duration_ms: 0.573458
  type: 'test'
  ...
# Subtest: native cKDTree leaf order 801-ties
ok 198 - native cKDTree leaf order 801-ties
  ---
  duration_ms: 2.617958
  type: 'test'
  ...
# Subtest: native cKDTree leaf order 801-identical
ok 199 - native cKDTree leaf order 801-identical
  ---
  duration_ms: 2.036208
  type: 'test'
  ...
# Subtest: native cKDTree leaf order 4096-random
ok 200 - native cKDTree leaf order 4096-random
  ---
  duration_ms: 4.883416
  type: 'test'
  ...
# Subtest: native cKDTree leaf order 4096-ties
ok 201 - native cKDTree leaf order 4096-ties
  ---
  duration_ms: 3.541958
  type: 'test'
  ...
# Subtest: native cKDTree leaf order 4096-identical
ok 202 - native cKDTree leaf order 4096-identical
  ---
  duration_ms: 1.239292
  type: 'test'
  ...
# Subtest: native cKDTree leaf order ORB/positive/Affine
ok 203 - native cKDTree leaf order ORB/positive/Affine
  ---
  duration_ms: 1.56975
  type: 'test'
  ...
# Subtest: native cKDTree leaf order AKAZE/positive/Affine
ok 204 - native cKDTree leaf order AKAZE/positive/Affine
  ---
  duration_ms: 0.533916
  type: 'test'
  ...
# Subtest: D2PRL rejects unqualified identities and relative URLs before fetching or reserving
ok 205 - D2PRL rejects unqualified identities and relative URLs before fetching or reserving
  ---
  duration_ms: 1.801292
  type: 'test'
  ...
# Subtest: D2PRL verifies actual manifest bytes and releases failed admissions for retry
ok 206 - D2PRL verifies actual manifest bytes and releases failed admissions for retry
  ---
  duration_ms: 32.817
  type: 'test'
  ...
# Subtest: D2PRL manifest respects the shared budget before any network allocation
ok 207 - D2PRL manifest respects the shared budget before any network allocation
  ---
  duration_ms: 0.242917
  type: 'test'
  ...
# Subtest: An evicted D2PRL raw grid cannot trigger inference through refilter or raw export
ok 208 - An evicted D2PRL raw grid cannot trigger inference through refilter or raw export
  ---
  duration_ms: 13.792667
  type: 'test'
  ...
# Subtest: Memory pressure reclaims idle helper heaps before cached scientific results
ok 209 - Memory pressure reclaims idle helper heaps before cached scientific results
  ---
  duration_ms: 0.248
  type: 'test'
  ...
# Subtest: D2PRL admits its large workspace only when the shared CPU lane is available
ok 210 - D2PRL admits its large workspace only when the shared CPU lane is available
  ---
  duration_ms: 5.61325
  type: 'test'
  ...
# Subtest: D2PRL cancellation before admission creates no worker and preserves source ownership
ok 211 - D2PRL cancellation before admission creates no worker and preserves source ownership
  ---
  duration_ms: 3.266
  type: 'test'
  ...
# Subtest: adapter-owned projected outputs and raw grid copies survive adapter disposal
ok 212 - adapter-owned projected outputs and raw grid copies survive adapter disposal # SKIP Run with --experimental-test-module-mocks for isolated ownership protocol tests
  ---
  duration_ms: 1.559292
  type: 'test'
  ...
# Subtest: D2 PatchMatch preserves committed evaluations and exact RNG across repeated later allocation incidents
ok 213 - D2 PatchMatch preserves committed evaluations and exact RNG across repeated later allocation incidents
  ---
  duration_ms: 65.099667
  type: 'test'
  ...
# Subtest: five failures without progress stop locally while more separated incidents remain recoverable
ok 214 - five failures without progress stop locally while more separated incidents remain recoverable
  ---
  duration_ms: 19.558125
  type: 'test'
  ...
# Subtest: feature copy recovery retains completed native work and releases all ownership
ok 215 - feature copy recovery retains completed native work and releases all ownership
  ---
  duration_ms: 3.394542
  type: 'test'
  ...
# Subtest: cancelled local recovery immediately releases pressure and does not retry
ok 216 - cancelled local recovery immediately releases pressure and does not retry
  ---
  duration_ms: 0.295708
  type: 'test'
  ...
# Subtest: two evaluator lanes refusing every useful tile stop without leaking work or pressure
ok 217 - two evaluator lanes refusing every useful tile stop without leaking work or pressure
  ---
  duration_ms: 16.870666
  type: 'test'
  ...
# Subtest: concurrent useful tiles do not combine independent first refusals into a loop
ok 218 - concurrent useful tiles do not combine independent first refusals into a loop
  ---
  duration_ms: 1.819333
  type: 'test'
  ...
# Subtest: guarded stages retain dynamic getters and original method ownership
ok 219 - guarded stages retain dynamic getters and original method ownership
  ---
  duration_ms: 0.321
  type: 'test'
  ...
# Subtest: a refused optional evaluator preserves the ready pool and grows again after external release
ok 220 - a refused optional evaluator preserves the ready pool and grows again after external release
  ---
  duration_ms: 3.183958
  type: 'test'
  ...
# Subtest: parameter digest recovery retains already fetched useful model bytes
ok 221 - parameter digest recovery retains already fetched useful model bytes
  ---
  duration_ms: 51.9705
  type: 'test'
  ...
# Subtest: cancellation at a successful bootstrap boundary cannot create optional evaluator workers
ok 222 - cancellation at a successful bootstrap boundary cannot create optional evaluator workers
  ---
  duration_ms: 0.995708
  type: 'test'
  ...
# Subtest: paged D2 regions preserve complete native masks, contours, order, counts and identities
ok 223 - paged D2 regions preserve complete native masks, contours, order, counts and identities
  ---
  duration_ms: 36.242958
  type: 'test'
  ...
# Subtest: global run traversal agrees with native block CCL for random8-connected topology
ok 224 - global run traversal agrees with native block CCL for random8-connected topology
  ---
  duration_ms: 5605.123167
  type: 'test'
  ...
# Subtest: paged region abort, storage failure and consumer exceptions release scratch and entry leases
ok 225 - paged region abort, storage failure and consumer exceptions release scratch and entry leases
  ---
  duration_ms: 2.219541
  type: 'test'
  ...
# Subtest: automatic segmented refilter waits for borrowed result release and leaves independent entries
ok 226 - automatic segmented refilter waits for borrowed result release and leaves independent entries
  ---
  duration_ms: 8.397042
  type: 'test'
  ...
# { cases: 20, heap: 33554432 }
# Subtest: compact SIFT reconstructs every float32 and global field for paired mirrors and quarter frames
ok 227 - compact SIFT reconstructs every float32 and global field for paired mirrors and quarter frames
  ---
  duration_ms: 1310.447292
  type: 'test'
  ...
# Subtest: Integer GPU bound stays below the unchanged float32 evaluator across normal/subnormal and extreme values
ok 228 - Integer GPU bound stays below the unchanged float32 evaluator across normal/subnormal and extreme values
  ---
  duration_ms: 64.791916
  type: 'test'
  ...
# Subtest: Prefixes are valid full-distance bounds and nonfinite inputs cannot prove a rejection
ok 229 - Prefixes are valid full-distance bounds and nonfinite inputs cannot prove a rejection
  ---
  duration_ms: 0.166125
  type: 'test'
  ...
# Subtest: field recovery retains completed hypotheses and descriptors, and retries storage without recomputing the field
ok 230 - field recovery retains completed hypotheses and descriptors, and retries storage without recomputing the field # SKIP Run with --experimental-test-module-mocks for isolated ownership protocol tests
  ---
  duration_ms: 0.674375
  type: 'test'
  ...
# Subtest: partial free memory adds every fitting kernel and accounts for retained idle heaps
ok 231 - partial free memory adds every fitting kernel and accounts for retained idle heaps
  ---
  duration_ms: 4.548667
  type: 'test'
  ...
# Subtest: a bootstrap progress exception rejects the field and terminates its kernel
ok 232 - a bootstrap progress exception rejects the field and terminates its kernel
  ---
  duration_ms: 0.388375
  type: 'test'
  ...
# Subtest: a refused extra kernel preserves the ready field without repeated allocation attempts
ok 233 - a refused extra kernel preserves the ready field without repeated allocation attempts
  ---
  duration_ms: 0.7595
  type: 'test'
  ...
# Subtest: real recovered memory permits full width again without changing the budget limit
ok 234 - real recovered memory permits full width again without changing the budget limit
  ---
  duration_ms: 1.766334
  type: 'test'
  ...
# Subtest: a later release reopens a previously refused expansion
ok 235 - a later release reopens a previously refused expansion
  ---
  duration_ms: 0.999125
  type: 'test'
  ...
# Subtest: a failed bootstrap retries locally only after concrete memory recovery
ok 236 - a failed bootstrap retries locally only after concrete memory recovery
  ---
  duration_ms: 2.361875
  type: 'test'
  ...
# Subtest: allocation failures during a useful task remain fatal and retain their evidence
ok 237 - allocation failures during a useful task remain fatal and retain their evidence
  ---
  duration_ms: 0.380708
  type: 'test'
  ...
# Subtest: returning uncreated reservations does not itself retry a refused allocation
ok 238 - returning uncreated reservations does not itself retry a refused allocation
  ---
  duration_ms: 0.770166
  type: 'test'
  ...
# Subtest: dense output migration windows fit before a kernel fills the remaining workspace
ok 239 - dense output migration windows fit before a kernel fills the remaining workspace
  ---
  duration_ms: 8.412625
  type: 'test'
  ...
# Subtest: a field receives a partial memory grant and yields only its GPU coordinator CPU
ok 240 - a field receives a partial memory grant and yields only its GPU coordinator CPU
  ---
  duration_ms: 11.180916
  type: 'test'
  ...
# Subtest: unused kernel workspace is returned and a later useful grant can grow it again
ok 241 - unused kernel workspace is returned and a later useful grant can grow it again
  ---
  duration_ms: 1.242541
  type: 'test'
  ...
# Subtest: native optional cache failure preserves the field and retries only on a memory recovery epoch
ok 242 - native optional cache failure preserves the field and retries only on a memory recovery epoch
  ---
  duration_ms: 984.041167
  type: 'test'
  ...
# Subtest: actual linear-memory growth beyond planned vectors is charged and released
ok 243 - actual linear-memory growth beyond planned vectors is charged and released
  ---
  duration_ms: 1.207042
  type: 'test'
  ...
# Subtest: shared peer pressure prevents growth before the VM allocates the memory
ok 244 - shared peer pressure prevents growth before the VM allocates the memory
  ---
  duration_ms: 0.509625
  type: 'test'
  ...
# Subtest: VM-rejected growth does not leak a reservation
ok 245 - VM-rejected growth does not leak a reservation
  ---
  duration_ms: 0.2125
  type: 'test'
  ...
# Subtest: physical growth failures retain allocator evidence and release speculative capacity
ok 246 - physical growth failures retain allocator evidence and release speculative capacity
  ---
  duration_ms: 1.0745
  type: 'test'
  ...
# Subtest: initial physical allocation failure is distinct from a logical budget refusal
ok 247 - initial physical allocation failure is distinct from a logical budget refusal
  ---
  duration_ms: 0.141875
  type: 'test'
  ...
# Subtest: uses admitted RAM beyond the old16MiB descriptor cache without changing work
ok 248 - uses admitted RAM beyond the old16MiB descriptor cache without changing work
  ---
  duration_ms: 1.063917
  type: 'test'
  ...
# Subtest: real96MP and larger shapes fit the module and shared workspace
ok 249 - real96MP and larger shapes fit the module and shared workspace
  ---
  duration_ms: 1.325291
  type: 'test'
  ...
# Subtest: budget occupied by real source and peers reduces caches; no probe allocations
ok 250 - budget occupied by real source and peers reduces caches; no probe allocations
  ---
  duration_ms: 0.136875
  type: 'test'
  ...
# Subtest: explicit cache and batch choices remain exact and cannot overrun heap
ok 251 - explicit cache and batch choices remain exact and cannot overrun heap
  ---
  duration_ms: 0.293459
  type: 'test'
  ...
# Subtest: small cases allocate no initialization batch and explicit zero is honored
ok 252 - small cases allocate no initialization batch and explicit zero is honored
  ---
  duration_ms: 0.080416
  type: 'test'
  ...
# Subtest: 96MP propagation caches reuse initialization RAM without shrinking the native-sized batch
ok 253 - 96MP propagation caches reuse initialization RAM without shrinking the native-sized batch
  ---
  duration_ms: 0.078375
  type: 'test'
  ...
# Subtest: 96MP non-isolated admission includes every native and cloned candidate pool
ok 254 - 96MP non-isolated admission includes every native and cloned candidate pool
  ---
  duration_ms: 0.850291
  type: 'test'
  ...
# Subtest: dense preparation reclaims a completed plane before committing its hot descriptors to disk
ok 255 - dense preparation reclaims a completed plane before committing its hot descriptors to disk
  ---
  duration_ms: 11.933125
  type: 'test'
  ...
# Subtest: an impossible explicit in-memory preparation returns its layout lease without creating a worker
ok 256 - an impossible explicit in-memory preparation returns its layout lease without creating a worker
  ---
  duration_ms: 4.142958
  type: 'test'
  ...
# Subtest: only the missing shared migration capacity affects a resident preparation decision
ok 257 - only the missing shared migration capacity affects a resident preparation decision
  ---
  duration_ms: 1.058
  type: 'test'
  ...
# Subtest: external preparation remains admissible when its worker fits but RAM and migration do not
ok 258 - external preparation remains admissible when its worker fits but RAM and migration do not
  ---
  duration_ms: 0.081833
  type: 'test'
  ...
# Subtest: native Zernike completes with exactly the planned source, descriptors, workspace and I/O budget
ok 259 - native Zernike completes with exactly the planned source, descriptors, workspace and I/O budget
  ---
  duration_ms: 57.345459
  type: 'test'
  ...
# Subtest: native compact SIFT completes every preparation stage at its exact planned I/O budget
ok 260 - native compact SIFT completes every preparation stage at its exact planned I/O budget
  ---
  duration_ms: 39.044417
  type: 'test'
  ...
# Subtest: native texture eligibility transfers its input window out of the planned allowance
ok 261 - native texture eligibility transfers its input window out of the planned allowance
  ---
  duration_ms: 39.810208
  type: 'test'
  ...
# Subtest: a transferred window keeps its output charged after the original allowance closes
ok 262 - a transferred window keeps its output charged after the original allowance closes
  ---
  duration_ms: 0.570834
  type: 'test'
  ...
# Subtest: failed window I/O returns transferred output and scratch ownership
ok 263 - failed window I/O returns transferred output and scratch ownership
  ---
  duration_ms: 1.842084
  type: 'test'
  ...
# Subtest: cancelling CPU admission returns the transferred window and its originating lane allowance
ok 264 - cancelling CPU admission returns the transferred window and its originating lane allowance
  ---
  duration_ms: 2.305916
  type: 'test'
  ...
# Subtest: surface admission includes all retained fields, source materialization and the real Wasm ceiling
ok 265 - surface admission includes all retained fields, source materialization and the real Wasm ceiling
  ---
  duration_ms: 2.405583
  type: 'test'
  ...
# Subtest: persistent worker admission retains the largest Wasm heap across unlike following jobs
ok 266 - persistent worker admission retains the largest Wasm heap across unlike following jobs
  ---
  duration_ms: 0.112583
  type: 'test'
  ...
# Subtest: disposing a resident pool cancels queued CPU admission and never creates a late worker
ok 267 - disposing a resident pool cancels queued CPU admission and never creates a late worker
  ---
  duration_ms: 3.800541
  type: 'test'
  ...
# Subtest: a persistent resident worker yields its CPU lease to a queued GPU task between hypotheses
ok 268 - a persistent resident worker yields its CPU lease to a queued GPU task between hypotheses
  ---
  duration_ms: 1.885833
  type: 'test'
  ...
# Subtest: preparation keeps a fitting hot representation instead of spending its RAM on extra workers
ok 269 - preparation keeps a fitting hot representation instead of spending its RAM on extra workers
  ---
  duration_ms: 0.262584
  type: 'test'
  ...
# Subtest: cold result admission accounts for filtered fields and global coherence scratch
ok 270 - cold result admission accounts for filtered fields and global coherence scratch
  ---
  duration_ms: 0.46025
  type: 'test'
  ...
# Subtest: worker transport pins and aliases immutable shared inputs without duplicating descriptor banks
ok 271 - worker transport pins and aliases immutable shared inputs without duplicating descriptor banks
  ---
  duration_ms: 1.017042
  type: 'test'
  ...
# Subtest: failed field worker startup releases reservations and all shared input pins
ok 272 - failed field worker startup releases reservations and all shared input pins
  ---
  duration_ms: 4.403542
  type: 'test'
  ...
# Subtest: completed worker fields move to cold storage without discarding or recounting borrowed inputs
ok 273 - completed worker fields move to cold storage without discarding or recounting borrowed inputs
  ---
  duration_ms: 0.491583
  type: 'test'
  ...
# Subtest: SIMD independent pixels preserve scalar descriptor bits and global candidate decisions
ok 274 - SIMD independent pixels preserve scalar descriptor bits and global candidate decisions
  ---
  duration_ms: 2521.656375
  type: 'test'
  ...
# Subtest: compatibility fallback compiles the real scalar job without a capability probe
ok 275 - compatibility fallback compiles the real scalar job without a capability probe
  ---
  duration_ms: 3.2835
  type: 'test'
  ...
# Subtest: allocation and download failures are not hidden by a scalar fallback
ok 276 - allocation and download failures are not hidden by a scalar fallback
  ---
  duration_ms: 2.334625
  type: 'test'
  ...
# Subtest: every asynchronously completed row segment respects all first and second order predecessors
ok 277 - every asynchronously completed row segment respects all first and second order predecessors
  ---
  duration_ms: 84.948625
  type: 'test'
  ...
# { cases: 6, heap: 33554432 }
# Subtest: haloed resident Zernike reproduces full descriptors and global fields including seams/mirrors
ok 278 - haloed resident Zernike reproduces full descriptors and global fields including seams/mirrors
  ---
  duration_ms: 3030.993875
  type: 'test'
  ...
# Subtest: six native profiles preserve base duo and append scale/reflection hypotheses
ok 279 - six native profiles preserve base duo and append scale/reflection hypotheses
  ---
  duration_ms: 2.959459
  type: 'test'
  ...
# Subtest: ROI identity survives coincident and overlapping polygons, with owned coordinates
ok 280 - ROI identity survives coincident and overlapping polygons, with owned coordinates
  ---
  duration_ms: 3.24525
  type: 'test'
  ...
# Subtest: support and normalization preserve descriptor grids and zero vectors
ok 281 - support and normalization preserve descriptor grids and zero vectors
  ---
  duration_ms: 1.492625
  type: 'test'
  ...
# Subtest: real WASM respects masks, distances, deterministic candidate pools and empty outcome
ok 282 - real WASM respects masks, distances, deterministic candidate pools and empty outcome
  ---
  duration_ms: 45.279417
  type: 'test'
  ...
# Subtest: reciprocal links deduplicate by distance and source tie, then sample native ranks
ok 283 - reciprocal links deduplicate by distance and source tie, then sample native ranks
  ---
  duration_ms: 0.392
  type: 'test'
  ...
# Subtest: paired SIFT supports use integer centers and preserve reflected target order
ok 284 - paired SIFT supports use integer centers and preserve reflected target order
  ---
  duration_ms: 0.399875
  type: 'test'
  ...
# Subtest: coherence evaluates all pixels, rejects incomplete disks and removes small components
ok 285 - coherence evaluates all pixels, rejects incomplete disks and removes small components
  ---
  duration_ms: 5.732042
  type: 'test'
  ...
# Subtest: image jobs retain overlapping contexts and native crop halo and distance compaction
ok 286 - image jobs retain overlapping contexts and native crop halo and distance compaction
  ---
  duration_ms: 0.937917
  type: 'test'
  ...
# Subtest: overwrite, insertion, deletion and EOF insertion use original coordinates and own input snapshots
ok 287 - overwrite, insertion, deletion and EOF insertion use original coordinates and own input snapshots
  ---
  duration_ms: 5.150166
  type: 'test'
  ...
# Subtest: invalid edits, memory refusal and cancellation release reservations
ok 288 - invalid edits, memory refusal and cancellation release reservations
  ---
  duration_ms: 2.916875
  type: 'test'
  ...
# Subtest: large immutable Blob is sliced without arrayBuffer materialization
ok 289 - large immutable Blob is sliced without arrayBuffer materialization
  ---
  duration_ms: 3.742417
  type: 'test'
  ...
# Subtest: public engine preserves source and caches and can reuse after cancellation
ok 290 - public engine preserves source and caches and can reuse after cancellation
  ---
  duration_ms: 17.502125
  type: 'test'
  ...
# Subtest: segmented JPEG uses original Blob under its existing small budget
ok 291 - segmented JPEG uses original Blob under its existing small budget
  ---
  duration_ms: 63.253583
  type: 'test'
  ...
# Subtest: Color moments and Marr-Hildreth match all existing native fixtures and original-byte downsampling cases
ok 292 - Color moments and Marr-Hildreth match all existing native fixtures and original-byte downsampling cases
  ---
  duration_ms: 1233.631083
  type: 'test'
  ...
# Subtest: extra hashes refuse unadmitted memory and stop between useful kernels
ok 293 - extra hashes refuse unadmitted memory and stop between useful kernels
  ---
  duration_ms: 49.104208
  type: 'test'
  ...
# Subtest: public segmented digest returns six exact image hashes, immutable cache and JSON
ok 294 - public segmented digest returns six exact image hashes, immutable cache and JSON
  ---
  duration_ms: 2596.791625
  type: 'test'
  ...
# Subtest: public cancellation during image hashing retains source and leaves no partial result cache
ok 295 - public cancellation during image hashing retains source and leaves no partial result cache
  ---
  duration_ms: 2896.119959
  type: 'test'
  ...
# Subtest: six bounded perceptual hashes match the existing native RGB corpus
ok 296 - six bounded perceptual hashes match the existing native RGB corpus
  ---
  duration_ms: 2612.759458
  type: 'test'
  ...
# Subtest: six bounded hashes match native downsampling, 2x resize and 3.52 MP JPEG
ok 297 - six bounded hashes match native downsampling, 2x resize and 3.52 MP JPEG
  ---
  duration_ms: 7890.815375
  type: 'test'
  ...
# Subtest: memory refusal and cancellation release all row and native reservations
ok 298 - memory refusal and cancellation release all row and native reservations
  ---
  duration_ms: 16.4535
  type: 'test'
  ...
# Subtest: all eight oriented surface mappings match independently oriented native hashes
ok 299 - all eight oriented surface mappings match independently oriented native hashes
  ---
  duration_ms: 3791.473417
  type: 'test'
  ...
# Subtest: All ten native cryptographic algorithms match independent streaming digests
ok 300 - All ten native cryptographic algorithms match independent streaming digests
  ---
  duration_ms: 196.994875
  type: 'test'
  ...
# Subtest: File digest cancellation stops between chunks
ok 301 - File digest cancellation stops between chunks
  ---
  duration_ms: 27.831958
  type: 'test'
  ...
# Subtest: public segmented DCT adapter preserves the native evidence and owned cache
ok 302 - public segmented DCT adapter preserves the native evidence and owned cache
  ---
  duration_ms: 972.220834
  type: 'test'
  ...
# Premature end of JPEG file
# Subtest: Stored JPEG coefficients and lattice decisions match 13 native files and 335 histogram cases; cache and JSON preserve evidence
ok 303 - Stored JPEG coefficients and lattice decisions match 13 native files and 335 histogram cases; cache and JSON preserve evidence
  ---
  duration_ms: 877.601042
  type: 'test'
  ...
# Subtest: Staged Echo arithmetic preserves all 900 native radius/contrast/gray outputs
ok 304 - Staged Echo arithmetic preserves all 900 native radius/contrast/gray outputs
  ---
  duration_ms: 1425.411416
  type: 'test'
  ...
# Subtest: Echo starts only useful row jobs; transferred windows preserve source ownership and global extrema
ok 305 - Echo starts only useful row jobs; transferred windows preserve source ownership and global extrema
  ---
  duration_ms: 129.355542
  type: 'test'
  ...
# Subtest: Echo cancels workers before releasing partial stores and retries only resource failures once
ok 306 - Echo cancels workers before releasing partial stores and retries only resource failures once
  ---
  duration_ms: 200.529791
  type: 'test'
  ...
# Subtest: 27 streamed cell descriptors retain native profiles, background and support across arbitrary bands
ok 307 - 27 streamed cell descriptors retain native profiles, background and support across arbitrary bands
  ---
  duration_ms: 3075.594875
  type: 'test'
  ...
# Subtest: partial bottom cells and halo boundaries match the qualified contiguous descriptor exactly
ok 308 - partial bottom cells and halo boundaries match the qualified contiguous descriptor exactly
  ---
  duration_ms: 317.181042
  type: 'test'
  ...
# Subtest: streamed descriptor error, memory, cancellation and reuse retain ownership rules
ok 309 - streamed descriptor error, memory, cancellation and reuse retain ownership rules
  ---
  duration_ms: 200.698834
  type: 'test'
  ...
# Subtest: bounded descriptor windows preserve native full-width halo arithmetic and distant cell identities
ok 310 - bounded descriptor windows preserve native full-width halo arithmetic and distant cell identities
  ---
  duration_ms: 2258.277041
  type: 'test'
  ...
# {"width":12003,"key":"content","maximum":0,"mean":0}
# {"width":12003,"key":"profiles","maximum":0,"mean":0}
# {"width":12003,"key":"background","maximum":0,"mean":0}
# {"width":12003,"key":"usable","maximum":0,"mean":0}
# {"width":6001,"key":"content","maximum":0,"mean":0}
# {"width":6001,"key":"profiles","maximum":0,"mean":0}
# {"width":6001,"key":"background","maximum":2.384185791015625e-7,"mean":1.4100023495253697e-8}
# {"width":6001,"key":"usable","maximum":0,"mean":0}
# Subtest: ELA quality/spatial coherence and seeded legacy/Ghost/background segmentation match native
ok 311 - ELA quality/spatial coherence and seeded legacy/Ghost/background segmentation match native
  ---
  duration_ms: 2707.564042
  type: 'test'
  ...
# Subtest: Ghost area integration exactly registers fractional phases and invalid incomplete cells
ok 312 - Ghost area integration exactly registers fractional phases and invalid incomplete cells
  ---
  duration_ms: 148.950708
  type: 'test'
  ...
# Subtest: coherence cannot seed a new region; only retained legacy/Ghost/background components can
ok 313 - coherence cannot seed a new region; only retained legacy/Ghost/background components can
  ---
  duration_ms: 55.918458
  type: 'test'
  ...
# Subtest: cell preparation validates inputs and responds to cancellation
ok 314 - cell preparation validates inputs and responds to cancellation
  ---
  duration_ms: 0.795708
  type: 'test'
  ...
# {
#   status: 'passed',
#   preparations: 27,
#   scoreGroups: 9,
#   segmentations: 27,
#   values: 195486,
#   maximumContentError: 0,
#   peakAccountedBytes: 134705916
# }
# Subtest: original RGB, real JPEG, descriptor bands, native content peers and cell regions
ok 315 - original RGB, real JPEG, descriptor bands, native content peers and cell regions
  ---
  duration_ms: 4348.419541
  type: 'test'
  ...
# Subtest: descriptor memory refusal and cancellation release admission
ok 316 - descriptor memory refusal and cancellation release admission
  ---
  duration_ms: 18.138291
  type: 'test'
  ...
# Subtest: Native tail-knee quantiles and prominence match across generated images and sampling boundaries
ok 317 - Native tail-knee quantiles and prominence match across generated images and sampling boundaries
  ---
  duration_ms: 438.562834
  type: 'test'
  ...
# Subtest: Independent one-sided native Otsu deviations match generated score distributions
ok 318 - Independent one-sided native Otsu deviations match generated score distributions
  ---
  duration_ms: 178.814542
  type: 'test'
  ...
# Subtest: Named scientific profiles and decimal rounding preserve native settings, Conservative defaults remain1/99 and5/5
ok 319 - Named scientific profiles and decimal rounding preserve native settings, Conservative defaults remain1/99 and5/5
  ---
  duration_ms: 19.592375
  type: 'test'
  ...
# Subtest: Automatic scientific estimation rejects invalid scope and budget and accepts cancellation
ok 320 - Automatic scientific estimation rejects invalid scope and budget and accepts cancellation
  ---
  duration_ms: 1.287708
  type: 'test'
  ...
# Subtest: Each manual energy edit preserves the other three values and never reapplies automatic or standard settings
ok 321 - Each manual energy edit preserves the other three values and never reapplies automatic or standard settings
  ---
  duration_ms: 1.968792
  type: 'test'
  ...
# Subtest: Manual intent at an unchanged endpoint invalidates a pending profile estimate and its stale render
ok 322 - Manual intent at an unchanged endpoint invalidates a pending profile estimate and its stale render
  ---
  duration_ms: 1.653666
  type: 'test'
  ...
# Subtest: Explicit profile requests may update all four controls once; snapshots remain independent and partial estimates are rejected
ok 323 - Explicit profile requests may update all four controls once; snapshots remain independent and partial estimates are rejected
  ---
  duration_ms: 0.537
  type: 'test'
  ...
# Subtest: Completing an estimate invalidates renders for its old values; another profile request rejects the previous response
ok 324 - Completing an estimate invalidates renders for its old values; another profile request rejects the previous response
  ---
  duration_ms: 0.089666
  type: 'test'
  ...
# Subtest: Bounded float32 energy log matches all184549377 native values with sparse static corrections
ok 325 - Bounded float32 energy log matches all184549377 native values with sparse static corrections
  ---
  duration_ms: 3150.327167
  type: 'test'
  ...
# Subtest: 51 actual API original-byte energy pipelines reproduce every native plane, score, label and region
ok 326 - 51 actual API original-byte energy pipelines reproduce every native plane, score, label and region
  ---
  duration_ms: 12241.287083
  type: 'test'
  ...
# Subtest: Energy stage caches reuse recompressions and scores, results/NPZ/JSON retain owned exact arrays
ok 327 - Energy stage caches reuse recompressions and scores, results/NPZ/JSON retain owned exact arrays
  ---
  duration_ms: 474.642291
  type: 'test'
  ...
# Subtest: Energy calculation cancels during useful work, releases reservations and succeeds after retry
ok 328 - Energy calculation cancels during useful work, releases reservations and succeeds after retry
  ---
  duration_ms: 3142.0045
  type: 'test'
  ...
# Subtest: Shared engine budget refuses energy workspace without altering or losing the original
ok 329 - Shared engine budget refuses energy workspace without altering or losing the original
  ---
  duration_ms: 9.600083
  type: 'test'
  ...
# Subtest: 84 energy preparations reproduce native score/scope bytes and percentile statistics
ok 330 - 84 energy preparations reproduce native score/scope bytes and percentile statistics
  ---
  duration_ms: 1049.348458
  type: 'test'
  ...
# Subtest: Energy preparation rejects invalid quantiles/domain, refuses admission, and cancels before returning maps
ok 331 - Energy preparation rejects invalid quantiles/domain, refuses admission, and cancels before returning maps
  ---
  duration_ms: 20.401958
  type: 'test'
  ...
# Subtest: Float32 residual luminance is exact for all RGB8 colours in native vector and scalar-tail orders
ok 332 - Float32 residual luminance is exact for all RGB8 colours in native vector and scalar-tail orders
  ---
  duration_ms: 221.115375
  type: 'test'
  ...
# Subtest: Sixty native residual gray and 7x7 energy blur pairs are bit exact including tails and tiny reflected borders
ok 333 - Sixty native residual gray and 7x7 energy blur pairs are bit exact including tails and tiny reflected borders
  ---
  duration_ms: 180.403083
  type: 'test'
  ...
# Subtest: Energy primitive input/budget checks and cooperative cancellation do not produce a partial scientific result
ok 334 - Energy primitive input/budget checks and cooperative cancellation do not produce a partial scientific result
  ---
  duration_ms: 12.57
  type: 'test'
  ...
# Subtest: Energy hysteresis labels and region summaries match all generated native cases including zero/weak/strong boundaries
ok 335 - Energy hysteresis labels and region summaries match all generated native cases including zero/weak/strong boundaries
  ---
  duration_ms: 1074.110834
  type: 'test'
  ...
# Subtest: Energy colours use reference panel/class identity for all 512 native cases
ok 336 - Energy colours use reference panel/class identity for all 512 native cases
  ---
  duration_ms: 0.8765
  type: 'test'
  ...
# Subtest: Energy mask generation validates parameters, admits memory and supports cancellation
ok 337 - Energy mask generation validates parameters, admits memory and supports cancellation
  ---
  duration_ms: 14.120042
  type: 'test'
  ...
# Subtest: native cKDTree peers, robust legacy/background and 71-quality Ghost deficits
ok 338 - native cKDTree peers, robust legacy/background and 71-quality Ghost deficits
  ---
  duration_ms: 575.697209
  type: 'test'
  ...
# Subtest: peer scorer reserves before allocation and releases failures/cancellation
ok 339 - peer scorer reserves before allocation and releases failures/cancellation
  ---
  duration_ms: 168.127875
  type: 'test'
  ...
# Subtest: native ELA cell operation, background, one/64 Ghost phases, caches and NPZ
ok 340 - native ELA cell operation, background, one/64 Ghost phases, caches and NPZ
  ---
  duration_ms: 26775.498375
  type: 'test'
  ...
# Subtest: cell operation cancellation and subsequent useful recovery
ok 341 - cell operation cancellation and subsequent useful recovery
  ---
  duration_ms: 221.406167
  type: 'test'
  ...
# Subtest: Native reference: synthetic
ok 342 - Native reference: synthetic
  ---
  duration_ms: 53.927833
  type: 'test'
  ...
# Subtest: Native reference: all-byte-pairs
ok 343 - Native reference: all-byte-pairs
  ---
  duration_ms: 69.409875
  type: 'test'
  ...
# Subtest: Parameters and cancellation
ok 344 - Parameters and cancellation
  ---
  duration_ms: 3.768459
  type: 'test'
  ...
# Subtest: Fused lookup output matches all 40 native expectations
ok 345 - Fused lookup output matches all 40 native expectations
  ---
  duration_ms: 240.021625
  type: 'test'
  ...
# Subtest: qualities grow from one to four workers after real competing CPU and RAM are returned
ok 346 - qualities grow from one to four workers after real competing CPU and RAM are returned
  ---
  duration_ms: 4.141167
  type: 'test'
  ...
# Subtest: bounded heaps persist between low-memory batches and are released only after termination
ok 347 - bounded heaps persist between low-memory batches and are released only after termination
  ---
  duration_ms: 1.027166
  type: 'test'
  ...
# Subtest: running useful streams are not retired to satisfy memory pressure
ok 348 - running useful streams are not retired to satisfy memory pressure
  ---
  duration_ms: 0.575375
  type: 'test'
  ...
# Subtest: more workers can be admitted by spilling cold data without re-running any stream
ok 349 - more workers can be admitted by spilling cold data without re-running any stream
  ---
  duration_ms: 0.438917
  type: 'test'
  ...
# Subtest: a first quality waits for admitted competing memory without occupying a CPU
ok 350 - a first quality waits for admitted competing memory without occupying a CPU
  ---
  duration_ms: 5.268667
  type: 'test'
  ...
# Subtest: cancelled memory admission never constructs a late quality worker
ok 351 - cancelled memory admission never constructs a late quality worker
  ---
  duration_ms: 2.567
  type: 'test'
  ...
# Subtest: persistent workers grow their active concurrency when another detector returns CPUs
ok 352 - persistent workers grow their active concurrency when another detector returns CPUs
  ---
  duration_ms: 13.367041
  type: 'test'
  ...
# Subtest: idle native instances release real ownership under memory pressure and are recreated only for real work
ok 353 - idle native instances release real ownership under memory pressure and are recreated only for real work
  ---
  duration_ms: 3.00325
  type: 'test'
  ...
# Subtest: preparation and output writes do not retain CPU admission
ok 354 - preparation and output writes do not retain CPU admission
  ---
  duration_ms: 2.265084
  type: 'test'
  ...
# Subtest: disposing while CPU admission is queued does not start a late worker job
ok 355 - disposing while CPU admission is queued does not start a late worker job
  ---
  duration_ms: 0.843459
  type: 'test'
  ...
# Subtest: reservation split preserves ownership after its originating execution ends
ok 356 - reservation split preserves ownership after its originating execution ends
  ---
  duration_ms: 0.111584
  type: 'test'
  ...
# Subtest: tight memory reuses one native worker instead of repeatedly evicting it for queued lanes
ok 357 - tight memory reuses one native worker instead of repeatedly evicting it for queued lanes
  ---
  duration_ms: 4.853917
  type: 'test'
  ...
# Subtest: released peer memory starts additional useful lanes during the same preparation
ok 358 - released peer memory starts additional useful lanes during the same preparation
  ---
  duration_ms: 5.44375
  type: 'test'
  ...
# Subtest: multiple failed tile computations reprepare detached inputs without repeating completed tiles
ok 359 - multiple failed tile computations reprepare detached inputs without repeating completed tiles
  ---
  duration_ms: 82.725834
  type: 'test'
  ...
# Subtest: idempotent partial publication retains its result and never repeats preparation or computation
ok 360 - idempotent partial publication retains its result and never repeats preparation or computation
  ---
  duration_ms: 155.536625
  type: 'test'
  ...
# Subtest: failed source preparation retries only its tile and keeps the healthy worker
ok 361 - failed source preparation retries only its tile and keeps the healthy worker
  ---
  duration_ms: 79.834834
  type: 'test'
  ...
# Subtest: a consumer without an idempotent contract is never replayed
ok 362 - a consumer without an idempotent contract is never replayed
  ---
  duration_ms: 0.68425
  type: 'test'
  ...
# Subtest: five comparable failures of one tile stop without resetting the guard after repeated preparation
ok 363 - five comparable failures of one tile stop without resetting the guard after repeated preparation
  ---
  duration_ms: 255.873708
  type: 'test'
  ...
# Subtest: cancellation during local recovery releases its input scope, worker and pressure token
ok 364 - cancellation during local recovery releases its input scope, worker and pressure token
  ---
  duration_ms: 1.001167
  type: 'test'
  ...
# Subtest: segmented scientific profile sampling preserves every native estimate and one-sided Otsu threshold
ok 365 - segmented scientific profile sampling preserves every native estimate and one-sided Otsu threshold
  ---
  duration_ms: 441.952708
  type: 'test'
  ...
# Subtest: profile sample errors, refusal and cancellation release all owned buffers
ok 366 - profile sample errors, refusal and cancellation release all owned buffers
  ---
  duration_ms: 2.385792
  type: 'test'
  ...
# Subtest: progressive energy NPZ is byte-identical to contiguous scientific export across quality boundaries
ok 367 - progressive energy NPZ is byte-identical to contiguous scientific export across quality boundaries
  ---
  duration_ms: 100.329209
  type: 'test'
  ...
# Subtest: segmented preparation reproduces all 84 native energy maps, scopes and summaries with explicit panels
ok 368 - segmented preparation reproduces all 84 native energy maps, scopes and summaries with explicit panels
  ---
  duration_ms: 1775.1925
  type: 'test'
  ...
# Subtest: overlapping panels keep native overwrite order, skipped identities, and final median
ok 369 - overlapping panels keep native overwrite order, skipped identities, and final median
  ---
  duration_ms: 69.447416
  type: 'test'
  ...
# Subtest: preparation validates invalid values even outside panels and cleans every cancelled stage
ok 370 - preparation validates invalid values even outside panels and cleans every cancelled stage
  ---
  duration_ms: 67.638292
  type: 'test'
  ...
# Subtest: paged global energy hysteresis preserves every native label and region summary
ok 371 - paged global energy hysteresis preserves every native label and region summary
  ---
  duration_ms: 4549.749917
  type: 'test'
  ...
# Subtest: exact float32 rank selection retains wide domain, duplicate ranks and native even-median rounding
ok 372 - exact float32 rank selection retains wide domain, duplicate ranks and native even-median rounding
  ---
  duration_ms: 3.858542
  type: 'test'
  ...
# Subtest: invalid maps, admission, cancellation and consumer errors leave no unpublished region stores
ok 373 - invalid maps, admission, cancellation and consumer errors leave no unpublished region stores
  ---
  duration_ms: 4.143583
  type: 'test'
  ...
# Subtest: bounded order statistics and ordered reductions match native panel summaries for 84 energy preparations
ok 374 - bounded order statistics and ordered reductions match native panel summaries for 84 energy preparations
  ---
  duration_ms: 380.765125
  type: 'test'
  ...
# Subtest: quantile endpoints, empty central selection, reduction boundaries and failures are exact
ok 375 - quantile endpoints, empty central selection, reduction boundaries and failures are exact
  ---
  duration_ms: 1.1835
  type: 'test'
  ...
# Subtest: multi-read external-order quantiles preserve NumPy statistics at a million values
ok 376 - multi-read external-order quantiles preserve NumPy statistics at a million values
  ---
  duration_ms: 163.993709
  type: 'test'
  ...
# Subtest: all60 native energy planes remain exact across variable row bands and tiny reflected edges
ok 377 - all60 native energy planes remain exact across variable row bands and tiny reflected edges
  ---
  duration_ms: 150.157334
  type: 'test'
  ...
# Subtest: incomplete, misordered, cancelled and failing energy consumers release their bounded workspace
ok 378 - incomplete, misordered, cancelled and failing energy consumers release their bounded workspace
  ---
  duration_ms: 0.793625
  type: 'test'
  ...
# Subtest: global JPEG to segmented energy reuses completed encoded qualities and cleans failed output
ok 379 - global JPEG to segmented energy reuses completed encoded qualities and cleans failed output
  ---
  duration_ms: 241.905708
  type: 'test'
  ...
# Subtest: End-to-end native parity, defensive ownership, caches and lifecycle
ok 380 - End-to-end native parity, defensive ownership, caches and lifecycle
  ---
  duration_ms: 56.712667
  type: 'test'
  ...
# Subtest: Admission, unsupported modes, cancellation and no half-loaded image
ok 381 - Admission, unsupported modes, cancellation and no half-loaded image
  ---
  duration_ms: 30.964792
  type: 'test'
  ...
# Subtest: Concurrent work rejected, quality invalidates recompression
ok 382 - Concurrent work rejected, quality invalidates recompression
  ---
  duration_ms: 30.687041
  type: 'test'
  ...
# Subtest: Measured large-image lookup path stays byte-exact and reuses JPEG on gain change
ok 383 - Measured large-image lookup path stays byte-exact and reuses JPEG on gain change
  ---
  duration_ms: 289.687
  type: 'test'
  ...
# Subtest: Native equalization above2^24 retains float32 count conversions in separation, magnifier and gradient
ok 384 - Native equalization above2^24 retains float32 count conversions in separation, magnifier and gradient
  ---
  duration_ms: 5590.262792
  type: 'test'
  ...
# Subtest: independent pools share CPU capacity and one GPU queue without preflight work
ok 385 - independent pools share CPU capacity and one GPU queue without preflight work
  ---
  duration_ms: 4.092083
  type: 'test'
  ...
# Subtest: memory and CPU are admitted together, then queued work resumes without retrying computation
ok 386 - memory and CPU are admitted together, then queued work resumes without retrying computation
  ---
  duration_ms: 0.300791
  type: 'test'
  ...
# Subtest: unrecoverable admission rejects instead of waiting forever for retained results
ok 387 - unrecoverable admission rejects instead of waiting forever for retained results
  ---
  duration_ms: 0.442917
  type: 'test'
  ...
# Subtest: queued cancellation removes listeners and cannot leak a late reservation
ok 388 - queued cancellation removes listeners and cannot leak a late reservation
  ---
  duration_ms: 0.330708
  type: 'test'
  ...
# Subtest: exceptions and disposal return all leases and reject only pending work
ok 389 - exceptions and disposal return all leases and reject only pending work
  ---
  duration_ms: 0.275667
  type: 'test'
  ...
# Subtest: elastic useful batches take spare cores and expand after a peer finishes
ok 390 - elastic useful batches take spare cores and expand after a peer finishes
  ---
  duration_ms: 0.239958
  type: 'test'
  ...
# Subtest: elastic width fits accounted memory without oversubscribing CPUs or reserving failed widths
ok 391 - elastic width fits accounted memory without oversubscribing CPUs or reserving failed widths
  ---
  duration_ms: 0.154292
  type: 'test'
  ...
# Subtest: cold data is reclaimed asynchronously before admitting memory and no CPU is held during migration
ok 392 - cold data is reclaimed asynchronously before admitting memory and no CPU is held during migration
  ---
  duration_ms: 0.44225
  type: 'test'
  ...
# Subtest: cancellation during asynchronous reclamation cannot admit a late task
ok 393 - cancellation during asynchronous reclamation cannot admit a late task
  ---
  duration_ms: 5.065875
  type: 'test'
  ...
# Subtest: invalid elastic memory bounds reject without leaking execution capacity
ok 394 - invalid elastic memory bounds reject without leaking execution capacity
  ---
  duration_ms: 0.534792
  type: 'test'
  ...
# Subtest: a GPU coordinator returns only its own CPU while sibling native lanes stay admitted
ok 395 - a GPU coordinator returns only its own CPU while sibling native lanes stay admitted
  ---
  duration_ms: 0.22725
  type: 'test'
  ...
# Subtest: ExifTool 13.55 native complete grouped metadata, HTML and exact thumbnail bytes
ok 396 - ExifTool 13.55 native complete grouped metadata, HTML and exact thumbnail bytes
  ---
  duration_ms: 7839.016708
  type: 'test'
  ...
# Subtest: Fixed modes only and composite GPS validity / zero value
ok 397 - Fixed modes only and composite GPS validity / zero value
  ---
  duration_ms: 0.652084
  type: 'test'
  ...
# Subtest: one export registry preserves JSON metadata and original HDF5 bytes with independent lifetimes
ok 398 - one export registry preserves JSON metadata and original HDF5 bytes with independent lifetimes
  ---
  duration_ms: 18.18375
  type: 'test'
  ...
# Subtest: external contours match native order, holes, nested islands and border cases
ok 399 - external contours match native order, holes, nested islands and border cases
  ---
  duration_ms: 9518.511791
  type: 'test'
  ...
# Subtest: output admission failure and asynchronous cancellation release the working mask
ok 400 - output admission failure and asynchronous cancellation release the working mask
  ---
  duration_ms: 17.659583
  type: 'test'
  ...
# Subtest: native lane decisions, ties, normalized similarity thresholds and final masks
ok 401 - native lane decisions, ties, normalized similarity thresholds and final masks
  ---
  duration_ms: 108.037792
  type: 'test'
  ...
# Subtest: Auto lane gate uses blot candidates BEFORE intersection exclusion
ok 402 - Auto lane gate uses blot candidates BEFORE intersection exclusion
  ---
  duration_ms: 0.855291
  type: 'test'
  ...
# Subtest: strict two-axis intersection margin, thresholds, stable sort and explicit variants
ok 403 - strict two-axis intersection margin, thresholds, stable sort and explicit variants
  ---
  duration_ms: 0.213458
  type: 'test'
  ...
# Subtest: touching exclusions reject a panel before embeddings, boundary contact does not
ok 404 - touching exclusions reject a panel before embeddings, boundary contact does not
  ---
  duration_ms: 0.404042
  type: 'test'
  ...
# Subtest: Auto accepts blot similarity evidence, standalone keeps candidates separate
ok 405 - Auto accepts blot similarity evidence, standalone keeps candidates separate
  ---
  duration_ms: 0.146959
  type: 'test'
  ...
# Subtest: lane groups use area >25 and transitive closure, not two-axis margin
ok 406 - lane groups use area >25 and transitive closure, not two-axis margin
  ---
  duration_ms: 0.639916
  type: 'test'
  ...
# Subtest: whole-panel expansion counts occurrences and strict >50%, exclusions remain empty
ok 407 - whole-panel expansion counts occurrences and strict >50%, exclusions remain empty
  ---
  duration_ms: 0.407917
  type: 'test'
  ...
# Subtest: lane matching cancellation and invalid partition reject instead of yielding partial success
ok 408 - lane matching cancellation and invalid partition reject instead of yielding partial success
  ---
  duration_ms: 1.516042
  type: 'test'
  ...
# Subtest: Maximal cliques retain native shared-edge ownership and duplicate overwrite
ok 409 - Maximal cliques retain native shared-edge ownership and duplicate overwrite
  ---
  duration_ms: 9.382292
  type: 'test'
  ...
# Subtest: Native affine polygon areas, score statistics and exact rasterized masks
ok 410 - Native affine polygon areas, score statistics and exact rasterized masks
  ---
  duration_ms: 198.354458
  type: 'test'
  ...
# Subtest: Singular affine and cancellation have no successful result
ok 411 - Singular affine and cancellation have no successful result
  ---
  duration_ms: 0.956459
  type: 'test'
  ...
# Subtest: native adaptive microscopy controls at every threshold, equality and pruned totals
ok 412 - native adaptive microscopy controls at every threshold, equality and pruned totals
  ---
  duration_ms: 4.166333
  type: 'test'
  ...
# Subtest: final layer does not prune; original identities and prune counts survive successive gathers
ok 413 - final layer does not prune; original identities and prune counts survive successive gathers
  ---
  duration_ms: 0.389667
  type: 'test'
  ...
# Subtest: Forgeryscope virtual float map preserves native cast and arbitrary byte windows
ok 414 - Forgeryscope virtual float map preserves native cast and arbitrary byte windows
  ---
  duration_ms: 2.050209
  type: 'test'
  ...
# Subtest: Forgeryscope source fields preserve full NPZ bytes and release export leases
ok 415 - Forgeryscope source fields preserve full NPZ bytes and release export leases
  ---
  duration_ms: 11.08575
  type: 'test'
  ...
# Subtest: native YOLO NMS, class separation, thresholds, clipping and rectangular coordinates
ok 416 - native YOLO NMS, class separation, thresholds, clipping and rectangular coordinates
  ---
  duration_ms: 319.913833
  type: 'test'
  ...
# Subtest: native panel exclusions, min side and rounded confidence
ok 417 - native panel exclusions, min side and rounded confidence
  ---
  duration_ms: 0.5665
  type: 'test'
  ...
# Subtest: YOLO cancellation and invalid tensors reject
ok 418 - YOLO cancellation and invalid tensors reject
  ---
  duration_ms: 1.146917
  type: 'test'
  ...
# Subtest: strip polar normalization and circle Gaussian axes preserve native frequency bases and masks
ok 419 - strip polar normalization and circle Gaussian axes preserve native frequency bases and masks
  ---
  duration_ms: 534.97975
  type: 'test'
  ...
# Subtest: Frequency split preserves 4320 native views, float32 base and threshold decisions; filter changes reuse analysis
ok 420 - Frequency split preserves 4320 native views, float32 base and threshold decisions; filter changes reuse analysis
  ---
  duration_ms: 4716.573583
  type: 'test'
  ...
# Subtest: Ghost maps retain native raw float64 block means and normalized cubes across quality endpoints and phase rolls
ok 421 - Ghost maps retain native raw float64 block means and normalized cubes across quality endpoints and phase rolls
  ---
  duration_ms: 6368.417708
  type: 'test'
  ...
# Subtest: All 640 native gradient views share private derivatives, resetting length extrema after inversion
ok 422 - All 640 native gradient views share private derivatives, resetting length extrema after inversion
  ---
  duration_ms: 13927.781917
  type: 'test'
  ...
# Subtest: Cached gradient orientation, cancellation, eviction and low-budget uncached path remain exact
ok 423 - Cached gradient orientation, cancellation, eviction and low-budget uncached path remain exact
  ---
  duration_ms: 7156.745958
  type: 'test'
  ...
# Subtest: Staged arithmetic reproduces all 640 native gradient variants, including global normalization and equalization
ok 424 - Staged arithmetic reproduces all 640 native gradient variants, including global normalization and equalization
  ---
  duration_ms: 1669.382834
  type: 'test'
  ...
# Subtest: header-only API agrees with byte parser without pixel decode, source registration or full JPEG read
ok 425 - header-only API agrees with byte parser without pixel decode, source registration or full JPEG read
  ---
  duration_ms: 52.87225
  type: 'test'
  ...
# Subtest: header-only cancellation, malformed input and memory refusal leave engine reusable
ok 426 - header-only cancellation, malformed input and memory refusal leave engine reusable
  ---
  duration_ms: 10.353125
  type: 'test'
  ...
# { outputs: 1440, maxNumericError: 1.1227130336521896e-14 }
# Subtest: native illuminant: all methods, cells, transfers, exclusions and views
ok 427 - native illuminant: all methods, cells, transfers, exclusions and views
  ---
  duration_ms: 7268.941333
  type: 'test'
  ...
# Subtest: PNG/TIFF source bytes and native RGB conversion, including alpha and 16-bit inputs
ok 428 - PNG/TIFF source bytes and native RGB conversion, including alpha and 16-bit inputs
  ---
  duration_ms: 73.075042
  type: 'test'
  ...
# Subtest: Four supported perceptual hashes match native bytes on every fixture
ok 429 - Four supported perceptual hashes match native bytes on every fixture
  ---
  duration_ms: 85.238334
  type: 'test'
  ...
# Subtest: Fresh CPU pools dispatch requested work once: no baseline, probe or repeated candidate
ok 430 - Fresh CPU pools dispatch requested work once: no baseline, probe or repeated candidate
  ---
  duration_ms: 3.408458
  type: 'test'
  ...
# Subtest: Fresh GPU preparation creates only its required device/pipeline and dispatches no probe
ok 431 - Fresh GPU preparation creates only its required device/pipeline and dispatches no probe
  ---
  duration_ms: 0.272292
  type: 'test'
  ...
# Subtest: paged libjpeg coefficients equal all native histograms with forced backing stores
ok 432 - paged libjpeg coefficients equal all native histograms with forced backing stores
  ---
  duration_ms: 1684.501834
  type: 'test'
  ...
# Subtest: paged coefficients release stores and reservations on I/O failure, cancellation and truncation
ok 433 - paged coefficients release stores and reservations on I/O failure, cancellation and truncation
  ---
  duration_ms: 301.30175
  type: 'test'
  ...
# Subtest: bounded coefficient admission fails before allocating storage
ok 434 - bounded coefficient admission fails before allocating storage
  ---
  duration_ms: 0.2315
  type: 'test'
  ...
# Subtest: paged original RGB decode preserves baseline and progressive native-codec pixels
ok 435 - paged original RGB decode preserves baseline and progressive native-codec pixels
  ---
  duration_ms: 635.910666
  type: 'test'
  ...
# Subtest: progressive decode closes backing stores after output failure or cancellation
ok 436 - progressive decode closes backing stores after output failure or cancellation
  ---
  duration_ms: 463.33075
  type: 'test'
  ...
# Subtest: one global RGB JPEG streamed through external bytes matches every native recompression fixture
ok 437 - one global RGB JPEG streamed through external bytes matches every native recompression fixture
  ---
  duration_ms: 2946.88875
  type: 'test'
  ...
# Subtest: encoded cache keeps two qualities, hits skip encoding, cancellation leaves no partial cache
ok 438 - encoded cache keeps two qualities, hits skip encoding, cancellation leaves no partial cache
  ---
  duration_ms: 87.069542
  type: 'test'
  ...
# Subtest: RGB JPEG workspace refusal and a failed source read never leak cache storage
ok 439 - RGB JPEG workspace refusal and a failed source read never leak cache storage
  ---
  duration_ms: 7.441125
  type: 'test'
  ...
# Subtest: shared budget reclaims idle encoded RAM, but never the JPEG currently being decoded
ok 440 - shared budget reclaims idle encoded RAM, but never the JPEG currently being decoded
  ---
  duration_ms: 37.21075
  type: 'test'
  ...
# Subtest: JPEG scanline decoding preserves baseline/progressive/gray/orientation pixels for different group sizes
ok 441 - JPEG scanline decoding preserves baseline/progressive/gray/orientation pixels for different group sizes
  ---
  duration_ms: 15160.0435
  type: 'test'
  ...
# Subtest: JPEG row cancellation frees decoder working buffers and allows clean reload without publishing partial data
ok 442 - JPEG row cancellation frees decoder working buffers and allows clean reload without publishing partial data
  ---
  duration_ms: 26.422417
  type: 'test'
  ...
# Subtest: paged JSON preserves current numeric arrays, escapes, nulls and key order
ok 443 - paged JSON preserves current numeric arrays, escapes, nulls and key order
  ---
  duration_ms: 7.371125
  type: 'test'
  ...
# Subtest: large integer fields write bounded chunks, cancellation and limits release
ok 444 - large integer fields write bounded chunks, cancellation and limits release
  ---
  duration_ms: 49.502334
  type: 'test'
  ...
# Subtest: trufor streamed NPZ matches legacy bytes including unaligned reads
ok 445 - trufor streamed NPZ matches legacy bytes including unaligned reads
  ---
  duration_ms: 20.598417
  type: 'test'
  ...
# Subtest: composite streamed NPZ matches legacy bytes including unaligned reads
ok 446 - composite streamed NPZ matches legacy bytes including unaligned reads
  ---
  duration_ms: 12.57875
  type: 'test'
  ...
# Subtest: catnet streamed NPZ matches legacy bytes including unaligned reads
ok 447 - catnet streamed NPZ matches legacy bytes including unaligned reads
  ---
  duration_ms: 6.282333
  type: 'test'
  ...
# Subtest: cfa streamed NPZ matches legacy bytes including unaligned reads
ok 448 - cfa streamed NPZ matches legacy bytes including unaligned reads
  ---
  duration_ms: 8.747708
  type: 'test'
  ...
# Subtest: forgeryscope streamed NPZ matches legacy bytes including unaligned reads
ok 449 - forgeryscope streamed NPZ matches legacy bytes including unaligned reads
  ---
  duration_ms: 13.985125
  type: 'test'
  ...
# Subtest: Large archive fits a small export budget and preparation cancellation releases it
ok 450 - Large archive fits a small export budget and preparation cancellation releases it
  ---
  duration_ms: 280.593583
  type: 'test'
  ...
# Subtest: TruFor tensor-backed async NPZ matches all dense bytes across unaligned windows
ok 451 - TruFor tensor-backed async NPZ matches all dense bytes across unaligned windows
  ---
  duration_ms: 17.548375
  type: 'test'
  ...
# Subtest: CAT-Net segmented maps preserve dense NPZ bytes including odd byte offsets
ok 452 - CAT-Net segmented maps preserve dense NPZ bytes including odd byte offsets
  ---
  duration_ms: 8.986583
  type: 'test'
  ...
# Subtest: Composite async NPZ preserves scalar types in segmented byte and float banks
ok 453 - Composite async NPZ preserves scalar types in segmented byte and float banks
  ---
  duration_ms: 13.156875
  type: 'test'
  ...
# Subtest: automatic Panels+Text empty-panel result completes without requiring OCR weights
ok 454 - automatic Panels+Text empty-panel result completes without requiring OCR weights
  ---
  duration_ms: 18.582167
  type: 'test'
  ...
# Subtest: sparse NPZ checks the metadata bound before building a large nested mirror
ok 455 - sparse NPZ checks the metadata bound before building a large nested mirror
  ---
  duration_ms: 0.631459
  type: 'test'
  ...
# Subtest: equal96MP aspect ratios reach resource admission instead of a texture-axis guard
ok 456 - equal96MP aspect ratios reach resource admission instead of a texture-axis guard
  ---
  duration_ms: 0.906625
  type: 'test'
  ...
# Subtest: native pixel-index overflow and invalid dimensions fail before allocation
ok 457 - native pixel-index overflow and invalid dimensions fail before allocation
  ---
  duration_ms: 0.736083
  type: 'test'
  ...
# Subtest: long-axis oriented source lease preserves bytes and releases on success/failure 1
ok 458 - long-axis oriented source lease preserves bytes and releases on success/failure 1
  ---
  duration_ms: 52.887667
  type: 'test'
  ...
# Subtest: long-axis oriented source lease preserves bytes and releases on success/failure 6
ok 459 - long-axis oriented source lease preserves bytes and releases on success/failure 6
  ---
  duration_ms: 69.374125
  type: 'test'
  ...
# Subtest: learned candidate graph preserves all edges beyond 6000 points
ok 460 - learned candidate graph preserves all edges beyond 6000 points
  ---
  duration_ms: 134.124042
  type: 'test'
  ...
# Subtest: learned graph keeps more than four million directed edges globally
ok 461 - learned graph keeps more than four million directed edges globally
  ---
  duration_ms: 423.726791
  type: 'test'
  ...
# Subtest: typed confidence ordering preserves mutual choices and endpoint order
ok 462 - typed confidence ordering preserves mutual choices and endpoint order
  ---
  duration_ms: 1.107208
  type: 'test'
  ...
# Subtest: confidence threshold cut preserves native greedy seen flags and ties
ok 463 - confidence threshold cut preserves native greedy seen flags and ties
  ---
  duration_ms: 1.932583
  type: 'test'
  ...
# Subtest: typed correspondence pages reduce page size under pressure and preserve last assignment and contexts
ok 464 - typed correspondence pages reduce page size under pressure and preserve last assignment and contexts
  ---
  duration_ms: 1.816125
  type: 'test'
  ...
# Subtest: 30001 historical points survive response selection and enter useful Hamming work
ok 465 - 30001 historical points survive response selection and enter useful Hamming work
  ---
  duration_ms: 62.9275
  type: 'test'
  ...
# Subtest: global historical grouping retains more than the former 128 MiB index allowance
ok 466 - global historical grouping retains more than the former 128 MiB index allowance
  ---
  duration_ms: 1799.848959
  type: 'test'
  ...
# Subtest: spatial matcher keeps every pair beyond 100000, with separate context provenance
ok 467 - spatial matcher keeps every pair beyond 100000, with separate context provenance
  ---
  duration_ms: 212.642167
  type: 'test'
  ...
# Subtest: G2NN retains more than 100000 deduplicated pairs across global contexts
ok 468 - G2NN retains more than 100000 deduplicated pairs across global contexts
  ---
  duration_ms: 653.2115
  type: 'test'
  ...
# Subtest: G2NN training blocks preserve global neighbours across staging boundaries
ok 469 - G2NN training blocks preserve global neighbours across staging boundaries
  ---
  duration_ms: 1402.44425
  type: 'test'
  ...
# Subtest: research result windows preserve native nearest sampling and oriented RGB 1
ok 470 - research result windows preserve native nearest sampling and oriented RGB 1
  ---
  duration_ms: 80.085208
  type: 'test'
  ...
# Subtest: research result windows preserve native nearest sampling and oriented RGB 2
ok 471 - research result windows preserve native nearest sampling and oriented RGB 2
  ---
  duration_ms: 62.940375
  type: 'test'
  ...
# Subtest: research result windows preserve native nearest sampling and oriented RGB 3
ok 472 - research result windows preserve native nearest sampling and oriented RGB 3
  ---
  duration_ms: 62.275375
  type: 'test'
  ...
# Subtest: research result windows preserve native nearest sampling and oriented RGB 4
ok 473 - research result windows preserve native nearest sampling and oriented RGB 4
  ---
  duration_ms: 61.784709
  type: 'test'
  ...
# Subtest: research result windows preserve native nearest sampling and oriented RGB 5
ok 474 - research result windows preserve native nearest sampling and oriented RGB 5
  ---
  duration_ms: 71.909292
  type: 'test'
  ...
# Subtest: research result windows preserve native nearest sampling and oriented RGB 6
ok 475 - research result windows preserve native nearest sampling and oriented RGB 6
  ---
  duration_ms: 75.011125
  type: 'test'
  ...
# Subtest: research result windows preserve native nearest sampling and oriented RGB 7
ok 476 - research result windows preserve native nearest sampling and oriented RGB 7
  ---
  duration_ms: 74.719792
  type: 'test'
  ...
# Subtest: research result windows preserve native nearest sampling and oriented RGB 8
ok 477 - research result windows preserve native nearest sampling and oriented RGB 8
  ---
  duration_ms: 81.257583
  type: 'test'
  ...
# Subtest: map windows need no RGB source reads and refusal releases reservations
ok 478 - map windows need no RGB source reads and refusal releases reservations
  ---
  duration_ms: 2.56
  type: 'test'
  ...
# Subtest: M3 segmented oriented source lease 1
ok 479 - M3 segmented oriented source lease 1
  ---
  duration_ms: 13.765625
  type: 'test'
  ...
# Subtest: M3 segmented oriented source lease 2
ok 480 - M3 segmented oriented source lease 2
  ---
  duration_ms: 25.566208
  type: 'test'
  ...
# Subtest: M3 segmented oriented source lease 3
ok 481 - M3 segmented oriented source lease 3
  ---
  duration_ms: 28.480166
  type: 'test'
  ...
# Subtest: M3 segmented oriented source lease 4
ok 482 - M3 segmented oriented source lease 4
  ---
  duration_ms: 19.238083
  type: 'test'
  ...
# Subtest: M3 segmented oriented source lease 5
ok 483 - M3 segmented oriented source lease 5
  ---
  duration_ms: 23.652584
  type: 'test'
  ...
# Subtest: M3 segmented oriented source lease 6
ok 484 - M3 segmented oriented source lease 6
  ---
  duration_ms: 24.947875
  type: 'test'
  ...
# Subtest: M3 segmented oriented source lease 7
ok 485 - M3 segmented oriented source lease 7
  ---
  duration_ms: 30.796666
  type: 'test'
  ...
# Subtest: M3 segmented oriented source lease 8
ok 486 - M3 segmented oriented source lease 8
  ---
  duration_ms: 26.054
  type: 'test'
  ...
# Subtest: M3 materialization refusal releases earlier source and preserves original stores
ok 487 - M3 materialization refusal releases earlier source and preserves original stores
  ---
  duration_ms: 1.881917
  type: 'test'
  ...
# { outputs: 440 }
# Subtest: native magnifier: clipped ROI, empty regions, equalization and contrast
ok 488 - native magnifier: clipped ROI, empty regions, equalization and contrast
  ---
  duration_ms: 1240.125833
  type: 'test'
  ...
# Subtest: Median API owns local model bytes, caches analysis across views and invalidates model dependencies
ok 489 - Median API owns local model bytes, caches analysis across views and invalidates model dependencies
  ---
  duration_ms: 189.597042
  type: 'test'
  ...
# Subtest: Median loading and analysis failures leave no active model reservations
ok 490 - Median loading and analysis failures leave no active model reservations
  ---
  duration_ms: 151.802625
  type: 'test'
  ...
# Subtest: Segmented median RPC contract owns grid masks and tracks local model cache dependencies
ok 491 - Segmented median RPC contract owns grid masks and tracks local model cache dependencies
  ---
  duration_ms: 167.389875
  type: 'test'
  ...
# Subtest: All four median feature formats preserve native float32 model inputs and declared float64 tolerance
ok 492 - All four median feature formats preserve native float32 model inputs and declared float64 tolerance
  ---
  duration_ms: 13253.702625
  type: 'test'
  ...
# Subtest: Median block extraction rejects layout/format mismatches and pre-cancelled work
ok 493 - Median block extraction rejects layout/format mismatches and pre-cancelled work
  ---
  duration_ms: 0.554875
  type: 'test'
  ...
# Subtest: Strict numeric model preserves float32 inputs, missing directions, sequential margins and owned scores
ok 494 - Strict numeric model preserves float32 inputs, missing directions, sequential margins and owned scores
  ---
  duration_ms: 16.36325
  type: 'test'
  ...
# Subtest: Invalid topology, layouts and byte budgets fail before a model is retained
ok 495 - Invalid topology, layouts and byte budgets fail before a model is retained
  ---
  duration_ms: 25.04925
  type: 'test'
  ...
# Subtest: Cancellation and disposal during useful model work release every counted buffer
ok 496 - Cancellation and disposal during useful model work release every counted buffer
  ---
  duration_ms: 10.475583
  type: 'test'
  ...
# Subtest: Median score filtering, variance/threshold decisions and linear64 RGB crops match native rendering
ok 497 - Median score filtering, variance/threshold decisions and linear64 RGB crops match native rendering
  ---
  duration_ms: 16062.411166
  type: 'test'
  ...
# Subtest: Median RGB luminance, black padding, complete batches and zero score border match native inputs
ok 498 - Median RGB luminance, black padding, complete batches and zero score border match native inputs
  ---
  duration_ms: 3033.073417
  type: 'test'
  ...
# Subtest: Median parameters and cancellation reject incomplete work
ok 499 - Median parameters and cancellation reject incomplete work
  ---
  duration_ms: 17.377584
  type: 'test'
  ...
# Subtest: Median pool starts useful batches at fitting capacity with no calibration and frees workers
ok 500 - Median pool starts useful batches at fitting capacity with no calibration and frees workers
  ---
  duration_ms: 135.321791
  type: 'test'
  ...
# Subtest: Median pool releases reservations and only retries recognized resource failures once
ok 501 - Median pool releases reservations and only retries recognized resource failures once
  ---
  duration_ms: 128.572958
  type: 'test'
  ...
# Subtest: Median worker admission preserves bounded source-window headroom without charging it twice
ok 502 - Median worker admission preserves bounded source-window headroom without charging it twice
  ---
  duration_ms: 1.945291
  type: 'test'
  ...
# Subtest: Synthetic GPS rationals and thumbnail offsets agree with independent reader and exact source bytes
ok 503 - Synthetic GPS rationals and thumbnail offsets agree with independent reader and exact source bytes
  ---
  duration_ms: 8.04525
  type: 'test'
  ...
# Subtest: All eight EXIF orientations, both byte orders, ICC and XMP preserve native RGB and source bytes
ok 504 - All eight EXIF orientations, both byte orders, ICC and XMP preserve native RGB and source bytes
  ---
  duration_ms: 112.785375
  type: 'test'
  ...
# Subtest: Malformed metadata is bounded and rejected explicitly
ok 505 - Malformed metadata is bounded and rejected explicitly
  ---
  duration_ms: 1.715333
  type: 'test'
  ...
# Subtest: migration owners share one allowance and keep it until the last in-flight I/O ends
ok 506 - migration owners share one allowance and keep it until the last in-flight I/O ends
  ---
  duration_ms: 4.18075
  type: 'test'
  ...
# Subtest: cancelled migration queue entries do not block later useful I/O
ok 507 - cancelled migration queue entries do not block later useful I/O
  ---
  duration_ms: 1.538166
  type: 'test'
  ...
# Subtest: store allocation failure releases the migration allowance and delete errors do not strand it
ok 508 - store allocation failure releases the migration allowance and delete errors do not strand it
  ---
  duration_ms: 3.431417
  type: 'test'
  ...
# Subtest: migration accounting survives a live buffer beyond operation completion
ok 509 - migration accounting survives a live buffer beyond operation completion
  ---
  duration_ms: 1.621166
  type: 'test'
  ...
# Subtest: Published neural handles and paged scientific exports own separate lifetimes
ok 510 - Published neural handles and paged scientific exports own separate lifetimes
  ---
  duration_ms: 23.479125
  type: 'test'
  ...
# Subtest: Cancellation or publication failure rolls back all unpublished neural planes
ok 511 - Cancellation or publication failure rolls back all unpublished neural planes
  ---
  duration_ms: 0.840959
  type: 'test'
  ...
# Subtest: Queued abort leaves active worker intact; output lease and dispose release separately
ok 512 - Queued abort leaves active worker intact; output lease and dispose release separately
  ---
  duration_ms: 3.957042
  type: 'test'
  ...
# Subtest: Useful allocation failure admits a larger real heap once, without a calibration job
ok 513 - Useful allocation failure admits a larger real heap once, without a calibration job
  ---
  duration_ms: 0.663084
  type: 'test'
  ...
# Subtest: Admission refusal and identity failure leave no active reservations
ok 514 - Admission refusal and identity failure leave no active reservations
  ---
  duration_ms: 0.492917
  type: 'test'
  ...
# Subtest: Auto uses CPU when GPU residency cannot fit, without disabling later GPU work
ok 515 - Auto uses CPU when GPU residency cannot fit, without disabling later GPU work
  ---
  duration_ms: 2.056333
  type: 'test'
  ...
# Subtest: Immutable input reuse avoids retransmission and keeps its residency charged
ok 516 - Immutable input reuse avoids retransmission and keeps its residency charged
  ---
  duration_ms: 0.9635
  type: 'test'
  ...
# Subtest: Separate neural pools initialize together but share a single admitted GPU execution
ok 517 - Separate neural pools initialize together but share a single admitted GPU execution
  ---
  duration_ms: 4.58525
  type: 'test'
  ...
# Subtest: Cancelling after initialization removes the pending execution without touching another pool
ok 518 - Cancelling after initialization removes the pending execution without touching another pool
  ---
  duration_ms: 0.728125
  type: 'test'
  ...
# Subtest: Idle reclamation drops only enough inexpensive model residency for the requested allocation
ok 519 - Idle reclamation drops only enough inexpensive model residency for the requested allocation
  ---
  duration_ms: 0.46275
  type: 'test'
  ...
# Subtest: GPU failure releases its execution lease before the useful CPU retry
ok 520 - GPU failure releases its execution lease before the useful CPU retry
  ---
  duration_ms: 0.334875
  type: 'test'
  ...
# Subtest: ORT CPU width follows shared capacity between useful jobs without multiplying worker teams
ok 521 - ORT CPU width follows shared capacity between useful jobs without multiplying worker teams
  ---
  duration_ms: 0.93525
  type: 'test'
  ...
# Subtest: GPU inference proceeds while all CPU slots are occupied and retains no CPU slot
ok 522 - GPU inference proceeds while all CPU slots are occupied and retains no CPU slot
  ---
  duration_ms: 0.185
  type: 'test'
  ...
# Subtest: Hybrid CFA exchanges its GPU admission for CPU work and returns the CPU slot before GPU wait
ok 523 - Hybrid CFA exchanges its GPU admission for CPU work and returns the CPU slot before GPU wait
  ---
  duration_ms: 0.26875
  type: 'test'
  ...
# Subtest: Opaque ORT WebGPU retains one CPU admission for possible WASM fallback operators
ok 524 - Opaque ORT WebGPU retains one CPU admission for possible WASM fallback operators
  ---
  duration_ms: 0.171791
  type: 'test'
  ...
# Subtest: Canonical neural identity hashes oriented RGB, memoizes only completed reads and releases every window
ok 525 - Canonical neural identity hashes oriented RGB, memoizes only completed reads and releases every window
  ---
  duration_ms: 54.422917
  type: 'test'
  ...
# Subtest: Both controllers consume real row crops, keep only serializable context and recompose cached grids
ok 526 - Both controllers consume real row crops, keep only serializable context and recompose cached grids
  ---
  duration_ms: 15.727375
  type: 'test'
  ...
# Subtest: independent ORT CPU output ownership moves without a second array allocation
ok 527 - independent ORT CPU output ownership moves without a second array allocation
  ---
  duration_ms: 1.577417
  type: 'test'
  ...
# Subtest: feed aliases, borrowed slices and pinned memory retain their copy boundary
ok 528 - feed aliases, borrowed slices and pinned memory retain their copy boundary
  ---
  duration_ms: 0.135375
  type: 'test'
  ...
# Subtest: shared output storage is copied and duplicate owned buffers transfer once
ok 529 - shared output storage is copied and duplicate owned buffers transfer once
  ---
  duration_ms: 0.296916
  type: 'test'
  ...
# Subtest: Neural numeric/mask handles remain owned across sibling disposal and streaming exports preserve native NPY fields
ok 530 - Neural numeric/mask handles remain owned across sibling disposal and streaming exports preserve native NPY fields
  ---
  duration_ms: 44.83325
  type: 'test'
  ...
# Subtest: Neural streamed export cancellation/limit leaves its scientific stores available
ok 531 - Neural streamed export cancellation/limit leaves its scientific stores available
  ---
  duration_ms: 13.883917
  type: 'test'
  ...
# Subtest: Row preparations preserve all Torch and Pillow native tensor references across arbitrary strips
ok 532 - Row preparations preserve all Torch and Pillow native tensor references across arbitrary strips
  ---
  duration_ms: 3995.742875
  type: 'test'
  ...
# Subtest: Oriented half-open ROI reads match contiguous preparations and retain source bytes
ok 533 - Oriented half-open ROI reads match contiguous preparations and retain source bytes
  ---
  duration_ms: 768.585667
  type: 'test'
  ...
# Subtest: Rows preparation cancellation, malformed reads and memory refusal release windows and allow retry
ok 534 - Rows preparation cancellation, malformed reads and memory refusal release windows and allow retry
  ---
  duration_ms: 51.211041
  type: 'test'
  ...
# Subtest: Bounded projection rows preserve native full-output float bits for D2PRL and CMSeg domains
ok 535 - Bounded projection rows preserve native full-output float bits for D2PRL and CMSeg domains
  ---
  duration_ms: 5368.703209
  type: 'test'
  ...
# Subtest: Projection cancellation, consumer failure, nonfinite data and admission errors preserve input and release staging
ok 536 - Projection cancellation, consumer failure, nonfinite data and admission errors preserve input and release staging
  ---
  duration_ms: 10.092375
  type: 'test'
  ...
# Subtest: channel-major windows cross byte pages and use complete global reductions
ok 537 - channel-major windows cross byte pages and use complete global reductions
  ---
  duration_ms: 26.875958
  type: 'test'
  ...
# Subtest: strided local operators retain halos, align phase and cover outputs exactly once
ok 538 - strided local operators retain halos, align phase and cover outputs exactly once
  ---
  duration_ms: 6.7305
  type: 'test'
  ...
# Subtest: temporary tensors retain >4 GiB offsets without allocating a global buffer
ok 539 - temporary tensors retain >4 GiB offsets without allocating a global buffer
  ---
  duration_ms: 4.711
  type: 'test'
  ...
# Subtest: cancelled and failed window reads release their scratch leases
ok 540 - cancelled and failed window reads release their scratch leases
  ---
  duration_ms: 1.537667
  type: 'test'
  ...
# Subtest: GPU graph preserves ordered passes with two activation buffers and bounded command batches
ok 541 - GPU graph preserves ordered passes with two activation buffers and bounded command batches
  ---
  duration_ms: 3.528208
  type: 'test'
  ...
# Subtest: Replacing model identity and failed useful execution release retained GPU resources
ok 542 - Replacing model identity and failed useful execution release retained GPU resources
  ---
  duration_ms: 0.784625
  type: 'test'
  ...
# Subtest: Smaller useful windows reuse the arena and expose only the current output extent
ok 543 - Smaller useful windows reuse the arena and expose only the current output extent
  ---
  duration_ms: 0.457208
  type: 'test'
  ...
# Subtest: 96MP two-bit memberships retain repeated marks and full native byte export
ok 544 - 96MP two-bit memberships retain repeated marks and full native byte export
  ---
  duration_ms: 4614.670167
  type: 'test'
  ...
# Subtest: insufficient spare RAM keeps the byte-page fallback; cancellation releases packed data
ok 545 - insufficient spare RAM keeps the byte-page fallback; cancellation releases packed data
  ---
  duration_ms: 0.51925
  type: 'test'
  ...
# { cases: 8 }
# Subtest: external global selection preserves all channel/bin orders and flags with stored sparse patches
ok 546 - external global selection preserves all channel/bin orders and flags with stored sparse patches
  ---
  duration_ms: 4584.16175
  type: 'test'
  ...
# { nativeViews: 360 }
# Subtest: global stored selection, ordered growth and three views retain native outputs
ok 547 - global stored selection, ordered growth and three views retain native outputs
  ---
  duration_ms: 16083.375125
  type: 'test'
  ...
# Subtest: cancel stored analysis phases and keep published old view alive across cache replacement
ok 548 - cancel stored analysis phases and keep published old view alive across cache replacement
  ---
  duration_ms: 991.336625
  type: 'test'
  ...
# Subtest: NPZ pages match existing archive bytes, including int64 IDs and BGR distribution
ok 549 - NPZ pages match existing archive bytes, including int64 IDs and BGR distribution
  ---
  duration_ms: 403.742167
  type: 'test'
  ...
# Subtest: stored byte8x8 standard deviations preserve every native sum bit and ties
ok 550 - stored byte8x8 standard deviations preserve every native sum bit and ties
  ---
  duration_ms: 59.523291
  type: 'test'
  ...
# Subtest: selected RGB patch samples preserve native deviations through all source orientations
ok 551 - selected RGB patch samples preserve native deviations through all source orientations
  ---
  duration_ms: 170.004667
  type: 'test'
  ...
# { cases: 36 }
# Subtest: segmented statistics preserve native global means, validity and DCT
ok 552 - segmented statistics preserve native global means, validity and DCT
  ---
  duration_ms: 1584.209459
  type: 'test'
  ...
# Subtest: megapixel segmented statistics retain global FFT grid and clean cancellation
ok 553 - megapixel segmented statistics retain global FFT grid and clean cancellation
  ---
  duration_ms: 12166.383917
  type: 'test'
  ...
# Subtest: Noisesniffer native statistics, unstable selection ties, positive regions and three views
ok 554 - Noisesniffer native statistics, unstable selection ties, positive regions and three views
  ---
  duration_ms: 3733.240625
  type: 'test'
  ...
# Subtest: Noisesniffer original FMA statistics and independent DCT bands preserve each native value
ok 555 - Noisesniffer original FMA statistics and independent DCT bands preserve each native value
  ---
  duration_ms: 1380.393417
  type: 'test'
  ...
# Subtest: Noisesniffer 1 MP statistics retain the full native bitstream without resizing
ok 556 - Noisesniffer 1 MP statistics retain the full native bitstream without resizing
  ---
  duration_ms: 6336.682
  type: 'test'
  ...
# Subtest: Noisesniffer public lifecycle, defensive buffers, stage/view caches and exports
ok 557 - Noisesniffer public lifecycle, defensive buffers, stage/view caches and exports
  ---
  duration_ms: 513.093084
  type: 'test'
  ...
# Subtest: Noisesniffer reports numerical ambiguity instead of silently changing a boundary decision
ok 558 - Noisesniffer reports numerical ambiguity instead of silently changing a boundary decision
  ---
  duration_ms: 2.285708
  type: 'test'
  ...
# Subtest: Noisesniffer budget and parameter rejection leave the source intact
ok 559 - Noisesniffer budget and parameter rejection leave the source intact
  ---
  duration_ms: 2.877041
  type: 'test'
  ...
# Subtest: Scientific row banks preserve float64, float32 and bytes through unaligned byte pages
ok 560 - Scientific row banks preserve float64, float32 and bytes through unaligned byte pages
  ---
  duration_ms: 10.773833
  type: 'test'
  ...
# Subtest: Numeric bank cancellation and invalid scalar types never retain scratch memory
ok 561 - Numeric bank cancellation and invalid scalar types never retain scratch memory
  ---
  duration_ms: 0.525792
  type: 'test'
  ...
# Subtest: scientific windows preserve float/int bits, coordinate offsets and independent output ownership
ok 562 - scientific windows preserve float/int bits, coordinate offsets and independent output ownership
  ---
  duration_ms: 10.254584
  type: 'test'
  ...
# Subtest: external paired sort preserves NumPy unstable ties, NaNs and adversarial partitions
ok 563 - external paired sort preserves NumPy unstable ties, NaNs and adversarial partitions
  ---
  duration_ms: 302.602041
  type: 'test'
  ...
# Subtest: OPFS logical arrays cross GiB and uint32 seams with short physical I/O
ok 564 - OPFS logical arrays cross GiB and uint32 seams with short physical I/O
  ---
  duration_ms: 4.480041
  type: 'test'
  ...
# Subtest: OPFS cleans partial multi-file allocation and restores logical admission
ok 565 - OPFS cleans partial multi-file allocation and restores logical admission
  ---
  duration_ms: 0.49875
  type: 'test'
  ...
# Subtest: OPFS rejects impossible successful byte counts and failed truncation
ok 566 - OPFS rejects impossible successful byte counts and failed truncation
  ---
  duration_ms: 0.412334
  type: 'test'
  ...
# Subtest: source orientation cache keeps raw store, IDs, metadata and exact whole/cropped pixels
ok 567 - source orientation cache keeps raw store, IDs, metadata and exact whole/cropped pixels
  ---
  duration_ms: 471.466958
  type: 'test'
  ...
# Subtest: cache failure and cancellation remove only the cache and leave raw source owned
ok 568 - cache failure and cancellation remove only the cache and leave raw source owned
  ---
  duration_ms: 17.305708
  type: 'test'
  ...
# Subtest: optional orientation cache falls back only on resource limits and preserves raw ownership
ok 569 - optional orientation cache falls back only on resource limits and preserves raw ownership
  ---
  duration_ms: 0.507917
  type: 'test'
  ...
# Subtest: both source stores are released even if one disposer throws synchronously
ok 570 - both source stores are released even if one disposer throws synchronously
  ---
  duration_ms: 9.463125
  type: 'test'
  ...
# Subtest: segmented PCA keeps native basis and every view across chunk boundaries and orientation
ok 571 - segmented PCA keeps native basis and every view across chunk boundaries and orientation
  ---
  duration_ms: 9809.520875
  type: 'test'
  ...
# Subtest: temporary PCA arrays close on cancellation and preserve source on failed writes
ok 572 - temporary PCA arrays close on cancellation and preserve source on failed writes
  ---
  duration_ms: 864.344625
  type: 'test'
  ...
# Subtest: PCA preserves native float64 axes, eigenvalues and every rendered view
ok 573 - PCA preserves native float64 axes, eigenvalues and every rendered view
  ---
  duration_ms: 1093.780583
  type: 'test'
  ...
# Subtest: Pixel operations share admission, lifecycle, provenance and defensive cache ownership
ok 574 - Pixel operations share admission, lifecycle, provenance and defensive cache ownership
  ---
  duration_ms: 67.544833
  type: 'test'
  ...
# Subtest: Defect CSV bytes match native export for all radius/kind/view/threshold variants
ok 575 - Defect CSV bytes match native export for all radius/kind/view/threshold variants
  ---
  duration_ms: 333.284416
  type: 'test'
  ...
# Subtest: Cancellation does not publish or retain partial masks and results
ok 576 - Cancellation does not publish or retain partial masks and results
  ---
  duration_ms: 27.142
  type: 'test'
  ...
# Subtest: colors.stats matches native pixels, masks and numeric data for all fixtures
ok 577 - colors.stats matches native pixels, masks and numeric data for all fixtures
  ---
  duration_ms: 78.4685
  type: 'test'
  ...
# Subtest: noise.planes matches native pixels, masks and numeric data for all fixtures
ok 578 - noise.planes matches native pixels, masks and numeric data for all fixtures
  ---
  duration_ms: 2976.353292
  type: 'test'
  ...
# Subtest: inspection.histogram matches native pixels, masks and numeric data for all fixtures
ok 579 - inspection.histogram matches native pixels, masks and numeric data for all fixtures
  ---
  duration_ms: 271.253917
  type: 'test'
  ...
# Subtest: noise.minmax matches native pixels, masks and numeric data for all fixtures
ok 580 - noise.minmax matches native pixels, masks and numeric data for all fixtures
  ---
  duration_ms: 5399.994083
  type: 'test'
  ...
# Subtest: pixels.defects matches native pixels, masks and numeric data for all fixtures
ok 581 - pixels.defects matches native pixels, masks and numeric data for all fixtures
  ---
  duration_ms: 1394.1535
  type: 'test'
  ...
# Subtest: Pixel tool parameters reject unknown keys and invalid variants
ok 582 - Pixel tool parameters reject unknown keys and invalid variants
  ---
  duration_ms: 0.579209
  type: 'test'
  ...
# Subtest: Histogram preserves integer counts beyond the float32 exact limit
ok 583 - Histogram preserves integer counts beyond the float32 exact limit
  ---
  duration_ms: 259.05575
  type: 'test'
  ...
# Subtest: camera preserves normalized axes and projected center
ok 584 - camera preserves normalized axes and projected center
  ---
  duration_ms: 1.781708
  type: 'test'
  ...
# Subtest: values-only layout bypasses redundant CPU geometry without changing data
ok 585 - values-only layout bypasses redundant CPU geometry without changing data
  ---
  duration_ms: 0.238875
  type: 'test'
  ...
# Subtest: RGB/HSV plot values, axes, color and alpha match native; view changes reuse analysis
ok 586 - RGB/HSV plot values, axes, color and alpha match native; view changes reuse analysis
  ---
  duration_ms: 4398.168208
  type: 'test'
  ...
# Subtest: PNG eXIf directories GPS and thumbnail match native before and after IDAT
ok 587 - PNG eXIf directories GPS and thumbnail match native before and after IDAT
  ---
  duration_ms: 85.672667
  type: 'test'
  ...
# Subtest: duplicated or out-of-range PNG eXIf is explicitly rejected
ok 588 - duplicated or out-of-range PNG eXIf is explicitly rejected
  ---
  duration_ms: 2.185667
  type: 'test'
  ...
# Subtest: native PNG packed gray, palette/tRNS, Adam7 and EXIF orientation through both load paths
ok 589 - native PNG packed gray, palette/tRNS, Adam7 and EXIF orientation through both load paths
  ---
  duration_ms: 216.049125
  type: 'test'
  ...
# Subtest: unsupported PNG depth/type and coding methods fail before decode
ok 590 - unsupported PNG depth/type and coding methods fail before decode
  ---
  duration_ms: 1.237417
  type: 'test'
  ...
# Subtest: sparse PNG headers skip image/compressed metadata bytes and preserve late eXIf absolute offsets
ok 591 - sparse PNG headers skip image/compressed metadata bytes and preserve late eXIf absolute offsets
  ---
  duration_ms: 52.792417
  type: 'test'
  ...
# Subtest: PNG chunk corruption, ambiguous EXIF, oversized metadata and cancellation recover cleanly
ok 592 - PNG chunk corruption, ambiguous EXIF, oversized metadata and cancellation recover cleanly
  ---
  duration_ms: 18.015375
  type: 'test'
  ...
# Subtest: all qualified PNG depth, palette, Adam7 and EXIF cases keep identical structural headers
ok 593 - all qualified PNG depth, palette, Adam7 and EXIF cases keep identical structural headers
  ---
  duration_ms: 187.882792
  type: 'test'
  ...
# Subtest: 22MP public PNG stream and six native hashes retain source bytes without contiguous staging
ok 594 - 22MP public PNG stream and six native hashes retain source bytes without contiguous staging
  ---
  duration_ms: 4219.08075
  type: 'test'
  ...
# Subtest: Adam7 segmented source supports the non-JPEG quality curve and explicit decode cancellation
ok 595 - Adam7 segmented source supports the non-JPEG quality curve and explicit decode cancellation
  ---
  duration_ms: 3706.601583
  type: 'test'
  ...
# Subtest: segmented animated PNG is explicitly refused before frame interpretation
ok 596 - segmented animated PNG is explicitly refused before frame interpretation
  ---
  duration_ms: 54.3385
  type: 'test'
  ...
# Subtest: libpng async scanlines preserve native RGB across depths, palette, alpha, Adam7 and EXIF orientation
ok 597 - libpng async scanlines preserve native RGB across depths, palette, alpha, Adam7 and EXIF orientation
  ---
  duration_ms: 807.973167
  type: 'test'
  ...
# Subtest: PNG stream corrupt/truncated input, source-read cancellation and budget refusal release native admission
ok 598 - PNG stream corrupt/truncated input, source-read cancellation and budget refusal release native admission
  ---
  duration_ms: 22.133416
  type: 'test'
  ...
# Subtest: immutable broker groups useful page reads, preserves seams, and releases pins
ok 599 - immutable broker groups useful page reads, preserves seams, and releases pins
  ---
  duration_ms: 36.45175
  type: 'test'
  ...
# Subtest: mutable broker serializes the owned backing and flushes before publication
ok 600 - mutable broker serializes the owned backing and flushes before publication
  ---
  duration_ms: 4.638542
  type: 'test'
  ...
# Subtest: shared mutable publication includes sparse zero banks and borrows one reservation
ok 601 - shared mutable publication includes sparse zero banks and borrows one reservation
  ---
  duration_ms: 0.478958
  type: 'test'
  ...
# Subtest: shared cache reuses actual pages across clients and waits for retirement acknowledgements
ok 602 - shared cache reuses actual pages across clients and waits for retirement acknowledgements
  ---
  duration_ms: 2.445833
  type: 'test'
  ...
# Subtest: released competing RAM expands useful shared pages and nested workers acknowledge retirement
ok 603 - released competing RAM expands useful shared pages and nested workers acknowledge retirement
  ---
  duration_ms: 13.557209
  type: 'test'
  ...
# Subtest: cold result reclamation preserves useful bytes and excludes active read pins
ok 604 - cold result reclamation preserves useful bytes and excludes active read pins
  ---
  duration_ms: 1.936833
  type: 'test'
  ...
# Subtest: forcing the portable immutable broker still pins its source
ok 605 - forcing the portable immutable broker still pins its source
  ---
  duration_ms: 0.469458
  type: 'test'
  ...
# Subtest: adopted worker SAB outputs migrate after publication without a duplicate reservation or recomputation
ok 606 - adopted worker SAB outputs migrate after publication without a duplicate reservation or recomputation
  ---
  duration_ms: 2.31625
  type: 'test'
  ...
# Subtest: segmented I/O and migrations forward the operation-owned staging allocator
ok 607 - segmented I/O and migrations forward the operation-owned staging allocator
  ---
  duration_ms: 5.830208
  type: 'test'
  ...
# Subtest: completed bootstrap writer becomes an immutable pin without disconnecting its reader
ok 608 - completed bootstrap writer becomes an immutable pin without disconnecting its reader
  ---
  duration_ms: 6.591417
  type: 'test'
  ...
# Subtest: broker read staging is admitted before a competing heap fills the budget
ok 609 - broker read staging is admitted before a competing heap fills the budget
  ---
  duration_ms: 0.4995
  type: 'test'
  ...
# Subtest: small and empty broker planes reserve only their possible windows
ok 610 - small and empty broker planes reserve only their possible windows
  ---
  duration_ms: 0.506583
  type: 'test'
  ...
# Subtest: optional shared cache metadata failures preserve direct transport and later useful admission
ok 611 - optional shared cache metadata failures preserve direct transport and later useful admission
  ---
  duration_ms: 0.317083
  type: 'test'
  ...
# Subtest: failed cache growth waits for external memory release and never feeds its own notifications
ok 612 - failed cache growth waits for external memory release and never feeds its own notifications
  ---
  duration_ms: 15.48825
  type: 'test'
  ...
# Subtest: Dispose during factory initialization keeps the heap charged until completion
ok 613 - Dispose during factory initialization keeps the heap charged until completion
  ---
  duration_ms: 1.657459
  type: 'test'
  ...
# Subtest: bounded PRNU NCC preserves NumPy reductions across crops and 8192 boundaries
ok 614 - bounded PRNU NCC preserves NumPy reductions across crops and 8192 boundaries
  ---
  duration_ms: 50.740542
  type: 'test'
  ...
# Subtest: HDF5 fingerprints ingest progressively into disposable stores and retain native scores
ok 615 - HDF5 fingerprints ingest progressively into disposable stores and retain native scores
  ---
  duration_ms: 150.024
  type: 'test'
  ...
# Subtest: stored native fingerprints export progressively to exact HDF5 datasets and metadata
ok 616 - stored native fingerprints export progressively to exact HDF5 datasets and metadata
  ---
  duration_ms: 169.703667
  type: 'test'
  ...
# Subtest: HDF5 encoded random-access storage preserves datasets without a full encoded byte buffer
ok 617 - HDF5 encoded random-access storage preserves datasets without a full encoded byte buffer
  ---
  duration_ms: 35.748167
  type: 'test'
  ...
# Subtest: complete PRNU axes retain every bit of the qualified global FFT convolution
ok 618 - complete PRNU axes retain every bit of the qualified global FFT convolution
  ---
  duration_ms: 242.217292
  type: 'test'
  ...
# Subtest: PRNU display uses native decimal ties-to-even without changing raw thresholds
ok 619 - PRNU display uses native decimal ties-to-even without changing raw thresholds
  ---
  duration_ms: 0.935167
  type: 'test'
  ...
# Subtest: PRNU filename grouping follows the native basename/stem rule, including dots and literal backslashes
ok 620 - PRNU filename grouping follows the native basename/stem rule, including dots and literal backslashes
  ---
  duration_ms: 0.105125
  type: 'test'
  ...
# Subtest: PRNU seed file hash is checked before installing; a failed load can retry
ok 621 - PRNU seed file hash is checked before installing; a failed load can retry
  ---
  duration_ms: 34.911375
  type: 'test'
  ...
# Subtest: PRNU native residuals, buffered/cropped NCC, thresholds, training means and HDF5 retain exact float64
ok 622 - PRNU native residuals, buffered/cropped NCC, thresholds, training means and HDF5 retain exact float64
  ---
  duration_ms: 1241.026625
  type: 'test'
  ...
# Subtest: PRNU two-multiplier SIMD FMA equals the IEEE reference, including cancellation and midpoint ties
ok 623 - PRNU two-multiplier SIMD FMA equals the IEEE reference, including cancellation and midpoint ties
  ---
  duration_ms: 2640.419042
  type: 'test'
  ...
# Subtest: PRNU selectable original and SIMD residuals retain every native float64 bit
ok 624 - PRNU selectable original and SIMD residuals retain every native float64 bit
  ---
  duration_ms: 2486.822875
  type: 'test'
  ...
# Subtest: PRNU 8 MP residual bits match the independent native recipe checksum
ok 625 - PRNU 8 MP residual bits match the independent native recipe checksum
  ---
  duration_ms: 3740.330583
  type: 'test'
  ...
# Subtest: PRNU HDF5 memory admission and cancellation release reservations and leave no partial snapshot
ok 626 - PRNU HDF5 memory admission and cancellation release reservations and leave no partial snapshot
  ---
  duration_ms: 33.371375
  type: 'test'
  ...
# Subtest: PRNU engine references, caches, original bytes, explicit streaming snapshots and exports
ok 627 - PRNU engine references, caches, original bytes, explicit streaming snapshots and exports
  ---
  duration_ms: 393.721292
  type: 'test'
  ...
# Subtest: PRNU engine cancels a snapshot between files and rejects a small budget before allocation
ok 628 - PRNU engine cancels a snapshot between files and rejects a small budget before allocation
  ---
  duration_ms: 312.201959
  type: 'test'
  ...
# Subtest: Aggressive resources adapt to RAM/heap/cores independently of forensic parameters
ok 629 - Aggressive resources adapt to RAM/heap/cores independently of forensic parameters
  ---
  duration_ms: 5.164958
  type: 'test'
  ...
# Subtest: one JavaScript isolate heap does not cap shared banks and all worker heaps together
ok 630 - one JavaScript isolate heap does not cap shared banks and all worker heaps together
  ---
  duration_ms: 0.105209
  type: 'test'
  ...
# Subtest: Quality model is explicit, curve cache survives model changes, outputs and dependencies are owned
ok 631 - Quality model is explicit, curve cache survives model changes, outputs and dependencies are owned
  ---
  duration_ms: 60.516667
  type: 'test'
  ...
# Subtest: JPEG table evidence has priority; corrupt tables suppress learned fallback
ok 632 - JPEG table evidence has priority; corrupt tables suppress learned fallback
  ---
  duration_ms: 481.477375
  type: 'test'
  ...
# Subtest: Quality cancellation and malformed models release admission, then recover
ok 633 - Quality cancellation and malformed models release admission, then recover
  ---
  duration_ms: 150.653208
  type: 'test'
  ...
# Subtest: Quality normalization preserves all native non-JPEG curves and rejects nonfinite values
ok 634 - Quality normalization preserves all native non-JPEG curves and rejects nonfinite values
  ---
  duration_ms: 23.28625
  type: 'test'
  ...
# Subtest: Quality regression starts with float32 base score, keeps sequential rounding and never clips or sigmoids
ok 635 - Quality regression starts with float32 base score, keeps sequential rounding and never clips or sigmoids
  ---
  duration_ms: 14.678417
  type: 'test'
  ...
# Subtest: Quality and median readers keep separate feature/objective contracts and reject unqualified base scores
ok 636 - Quality and median readers keep separate feature/objective contracts and reject unqualified base scores
  ---
  duration_ms: 11.030459
  type: 'test'
  ...
# Subtest: Native JPEG quality tables, all 100 grayscale recompressions and final minimum agree
ok 637 - Native JPEG quality tables, all 100 grayscale recompressions and final minimum agree
  ---
  duration_ms: 911.788708
  type: 'test'
  ...
# Subtest: Quantization estimator does not fabricate absent component tables
ok 638 - Quantization estimator does not fabricate absent component tables
  ---
  duration_ms: 0.126208
  type: 'test'
  ...
# Subtest: native fixed-angle projection and floating normalization match six large independent patterns
ok 639 - native fixed-angle projection and floating normalization match six large independent patterns
  ---
  duration_ms: 2164.629
  type: 'test'
  ...
# Subtest: contiguous digest uses the identical corrected radial arithmetic
ok 640 - contiguous digest uses the identical corrected radial arithmetic
  ---
  duration_ms: 550.625334
  type: 'test'
  ...
# Subtest: native PNG exports preserve every oriented RGB byte and raw mask/flag values, with independent CRC/filter decoding
ok 641 - native PNG exports preserve every oriented RGB byte and raw mask/flag values, with independent CRC/filter decoding
  ---
  duration_ms: 1713.869084
  type: 'test'
  ...
# Subtest: public export survives source unload, owned pages reject stale handles, stream applies backpressure and releases
ok 642 - public export survives source unload, owned pages reject stale handles, stream applies backpressure and releases
  ---
  duration_ms: 66.031
  type: 'test'
  ...
# Subtest: output cap, cancellation, source read failure and memory refusal release unpublished storage
ok 643 - output cap, cancellation, source read failure and memory refusal release unpublished storage
  ---
  duration_ms: 47.528167
  type: 'test'
  ...
# Subtest: failed destination aborts and releases the completed export
ok 644 - failed destination aborts and releases the completed export
  ---
  duration_ms: 20.239375
  type: 'test'
  ...
# Subtest: multi-page destination backpressure and disposed engine cleanup retain no complete encoded copy
ok 645 - multi-page destination backpressure and disposed engine cleanup retain no complete encoded copy
  ---
  duration_ms: 411.176334
  type: 'test'
  ...
# Subtest: public result-mask export keeps raw evidence and survives source/result release
ok 646 - public result-mask export keeps raw evidence and survives source/result release
  ---
  duration_ms: 2391.698709
  type: 'test'
  ...
# Subtest: historical 101-quality loss through original PNG, cached quality estimation and CSV export
ok 647 - historical 101-quality loss through original PNG, cached quality estimation and CSV export
  ---
  duration_ms: 747.800917
  type: 'test'
  ...
# Subtest: recompression cancellation frees active admission and permits a subsequent useful run
ok 648 - recompression cancellation frees active admission and permits a subsequent useful run
  ---
  duration_ms: 178.671458
  type: 'test'
  ...
# Subtest: EM surfaces/tables own source-relative maps for full-memory and segmented sources
ok 649 - EM surfaces/tables own source-relative maps for full-memory and segmented sources
  ---
  duration_ms: 519.595542
  type: 'test'
  ...
# Subtest: disposing a complete-memory source closes EM cache even after all published handles are released
ok 650 - disposing a complete-memory source closes EM cache even after all published handles are released
  ---
  duration_ms: 291.387334
  type: 'test'
  ...
# Subtest: global native ROI maps, composites and their Fourier outputs preserve bits and existing tolerance
ok 651 - global native ROI maps, composites and their Fourier outputs preserve bits and existing tolerance # SKIP Generate local native integration oracle first.
  ---
  duration_ms: 3.797542
  type: 'test'
  ...
# Subtest: regions reject overlap and partial coordinates; cancellation preserves published owners
ok 652 - regions reject overlap and partial coordinates; cancellation preserves published owners
  ---
  duration_ms: 1586.136458
  type: 'test'
  ...
# Subtest: streaming global EM preserves native validities, iterations and every binary64 weight
ok 653 - streaming global EM preserves native validities, iterations and every binary64 weight # SKIP Generate local native EM oracle first.
  ---
  duration_ms: 2.2635
  type: 'test'
  ...
# Subtest: complete binary64 resampling axes and pyrUp halo strips preserve the qualified whole kernel
ok 654 - complete binary64 resampling axes and pyrUp halo strips preserve the qualified whole kernel
  ---
  duration_ms: 397.877667
  type: 'test'
  ...
# {"cases":992,"expectedErrors":32,"maxAbsolute":7.891769371326518e-8,"maxScaled":8.128108605379478e-9,"differingBytes":0,"peakChanges":22,"peakMeaning":"Diagnostic first-argmax changes include conjugate equal/near-equal peaks; native Fourier has no argmax-based classification."}
# Subtest: Resampling FFT/pyrUp exact primitives, Fourier variants and actual native gray LUT
ok 655 - Resampling FFT/pyrUp exact primitives, Fourier variants and actual native gray LUT
  ---
  duration_ms: 2211.289708
  type: 'test'
  ...
# Subtest: Resampling original-file grayscale, normalization before ROI, caches and owned exports
ok 656 - Resampling original-file grayscale, normalization before ROI, caches and owned exports
  ---
  duration_ms: 1446.263375
  type: 'test'
  ...
# Subtest: Resampling invalid inputs, bounded allocations, cancellation and cache stage reuse
ok 657 - Resampling invalid inputs, bounded allocations, cancellation and cache stage reuse
  ---
  duration_ms: 47.222792
  type: 'test'
  ...
# Subtest: catnet render 0
ok 658 - catnet render 0
  ---
  duration_ms: 4.25175
  type: 'test'
  ...
# Subtest: catnet render 1
ok 659 - catnet render 1
  ---
  duration_ms: 1.541292
  type: 'test'
  ...
# Subtest: adaptive_cfa render 0
ok 660 - adaptive_cfa render 0
  ---
  duration_ms: 3.232667
  type: 'test'
  ...
# Subtest: adaptive_cfa render 1
ok 661 - adaptive_cfa render 1
  ---
  duration_ms: 2.3865
  type: 'test'
  ...
# Subtest: adaptive_cfa render 2
ok 662 - adaptive_cfa render 2
  ---
  duration_ms: 2.68375
  type: 'test'
  ...
# Subtest: CFA window rendering uses original global coordinates including native border
ok 663 - CFA window rendering uses original global coordinates including native border
  ---
  duration_ms: 26.118916
  type: 'test'
  ...
# Subtest: sequential operations reuse their admitted bytes without another budget reservation
ok 664 - sequential operations reuse their admitted bytes without another budget reservation
  ---
  duration_ms: 0.966667
  type: 'test'
  ...
# Subtest: closing an operation retains its allowance until every live buffer is released
ok 665 - closing an operation retains its allowance until every live buffer is released
  ---
  duration_ms: 0.800458
  type: 'test'
  ...
# Subtest: Known codec capacity is admitted for imports, calculations and owned legacy copies
ok 666 - Known codec capacity is admitted for imports, calculations and owned legacy copies
  ---
  duration_ms: 18.694959
  type: 'test'
  ...
# Subtest: allocator failures normalize without treating invalid arguments or coding errors as memory pressure
ok 667 - allocator failures normalize without treating invalid arguments or coding errors as memory pressure
  ---
  duration_ms: 1.8395
  type: 'test'
  ...
# Subtest: normalization and wire errors preserve original stack, nested cause and details
ok 668 - normalization and wire errors preserve original stack, nested cause and details
  ---
  duration_ms: 1.037292
  type: 'test'
  ...
# Subtest: five failures with small memory jitter form one obstruction
ok 669 - five failures with small memory jitter form one obstruction
  ---
  duration_ms: 0.400583
  type: 'test'
  ...
# Subtest: distinct recoveries have no lifetime limit and committed progress resets the streak
ok 670 - distinct recoveries have no lifetime limit and committed progress resets the streak
  ---
  duration_ms: 0.993667
  type: 'test'
  ...
# Subtest: replayed checkpoints and attempt numbers cannot reset the high-water mark
ok 671 - replayed checkpoints and attempt numbers cannot reset the high-water mark
  ---
  duration_ms: 0.191292
  type: 'test'
  ...
# Subtest: different useful operations and substantially different capacity start a new streak
ok 672 - different useful operations and substantially different capacity start a new streak
  ---
  duration_ms: 0.212084
  type: 'test'
  ...
# Subtest: recovery pressure protects reclaim through the successful useful retry and is released once
ok 673 - recovery pressure protects reclaim through the successful useful retry and is released once
  ---
  duration_ms: 0.220583
  type: 'test'
  ...
# Subtest: terminal unrelated errors and cancellation release recovery pressure without another operation
ok 674 - terminal unrelated errors and cancellation release recovery pressure without another operation
  ---
  duration_ms: 0.483625
  type: 'test'
  ...
# Subtest: five stable failures yield between retries and stop without an outer restart
ok 675 - five stable failures yield between retries and stop without an outer restart
  ---
  duration_ms: 5.293417
  type: 'test'
  ...
# Subtest: generic engine wrappers normalize only explicit allocator evidence and retain exhausted local guards
ok 676 - generic engine wrappers normalize only explicit allocator evidence and retain exhausted local guards
  ---
  duration_ms: 0.467917
  type: 'test'
  ...
# Subtest: public recovery events are plain cloneable diagnostics without AbortSignal or Error instances
ok 677 - public recovery events are plain cloneable diagnostics without AbortSignal or Error instances
  ---
  duration_ms: 0.272542
  type: 'test'
  ...
# Subtest: a successful owned result survives a cancellation race for caller cleanup
ok 678 - a successful owned result survives a cancellation race for caller cleanup
  ---
  duration_ms: 0.091958
  type: 'test'
  ...
# Subtest: allocator failures in reclaim share the suspended operation guard and keep pressure held
ok 679 - allocator failures in reclaim share the suspended operation guard and keep pressure held
  ---
  duration_ms: 0.372958
  type: 'test'
  ...
# Subtest: storage failures during reclaim remain terminal without replaying useful work
ok 680 - storage failures during reclaim remain terminal without replaying useful work
  ---
  duration_ms: 0.123416
  type: 'test'
  ...
# Subtest: alternating startup and compute phases cannot hide the same stalled operation
ok 681 - alternating startup and compute phases cannot hide the same stalled operation
  ---
  duration_ms: 0.152959
  type: 'test'
  ...
# Subtest: cache eviction and independent result leases preserve pixels and shared budget ownership
ok 682 - cache eviction and independent result leases preserve pixels and shared budget ownership
  ---
  duration_ms: 9.848792
  type: 'test'
  ...
# Subtest: pool clear prevents late dispatch to a terminated worker, next generation is reusable
ok 683 - pool clear prevents late dispatch to a terminated worker, next generation is reusable
  ---
  duration_ms: 3.259292
  type: 'test'
  ...
# Subtest: different worker pools cannot multiply the shared CPU quota
ok 684 - different worker pools cannot multiply the shared CPU quota
  ---
  duration_ms: 2.810917
  type: 'test'
  ...
# Subtest: production quality and LUT pools honor one quota and clearing a queued pool preserves its input
ok 685 - production quality and LUT pools honor one quota and clearing a queued pool preserves its input
  ---
  duration_ms: 5.785334
  type: 'test'
  ...
# Subtest: Cooperative scientific export preserves float64/int32 bits and Unicode across scalar/hash block boundaries
ok 686 - Cooperative scientific export preserves float64/int32 bits and Unicode across scalar/hash block boundaries
  ---
  duration_ms: 133.307541
  type: 'test'
  ...
# Subtest: Python zipfile and NumPy read the real streamed ZIP64 NPZ without changing scientific values
ok 687 - Python zipfile and NumPy read the real streamed ZIP64 NPZ without changing scientific values
  ---
  duration_ms: 680.886292
  type: 'test'
  ...
# Subtest: Independent ZIP reader resolves a genuine offset above 4 GiB in a sparse test file
ok 688 - Independent ZIP reader resolves a genuine offset above 4 GiB in a sparse test file
  ---
  duration_ms: 40.562417
  type: 'test'
  ...
# Subtest: Segmentation configuration admits only known identity and performs no network or inference
ok 689 - Segmentation configuration admits only known identity and performs no network or inference
  ---
  duration_ms: 2.331583
  type: 'test'
  ...
# Subtest: Segmentation refuses unsupported native choices and insufficient shared memory before model fetch
ok 690 - Segmentation refuses unsupported native choices and insufficient shared memory before model fetch
  ---
  duration_ms: 4.390167
  type: 'test'
  ...
# Subtest: GPU mirror is pinned and lazy; auto honours capabilities, memory and explicit CPU
ok 691 - GPU mirror is pinned and lazy; auto honours capabilities, memory and explicit CPU
  ---
  duration_ms: 0.563958
  type: 'test'
  ...
# Subtest: CMSeg bundles are separate immutable identities, configured without fetching their child graphs
ok 692 - CMSeg bundles are separate immutable identities, configured without fetching their child graphs
  ---
  duration_ms: 0.88725
  type: 'test'
  ...
# Subtest: Repaired EffNet and source/target identities exclude the rejected original graphs
ok 693 - Repaired EffNet and source/target identities exclude the rejected original graphs
  ---
  duration_ms: 0.6525
  type: 'test'
  ...
# Subtest: CMSeg generalization accepts only repaired lazy identity and refuses the former bundle
ok 694 - CMSeg generalization accepts only repaired lazy identity and refuses the former bundle
  ---
  duration_ms: 104.192333
  type: 'test'
  ...
# Subtest: TNT shares its qualified CPU/GPU bundle and rejects the old full ONNX
ok 695 - TNT shares its qualified CPU/GPU bundle and rejects the old full ONNX
  ---
  duration_ms: 0.595584
  type: 'test'
  ...
# Subtest: VIG admits the qualified shared CPU/GPU bundle and refuses the divergent ONNX identity
ok 696 - VIG admits the qualified shared CPU/GPU bundle and refuses the divergent ONNX identity
  ---
  duration_ms: 0.782792
  type: 'test'
  ...
# Subtest: VIG auto uses shared assets and its staged GPU/CPU residency without a workload probe
ok 697 - VIG auto uses shared assets and its staged GPU/CPU residency without a workload probe
  ---
  duration_ms: 0.32925
  type: 'test'
  ...
# Subtest: Both CMSeg variants share verified GPU assets and retain explicit CPU without preloading
ok 698 - Both CMSeg variants share verified GPU assets and retain explicit CPU without preloading
  ---
  duration_ms: 0.496459
  type: 'test'
  ...
# Subtest: MGCF16 and repaired EffNet share exact pinned CPU/GPU assets with no startup work
ok 699 - MGCF16 and repaired EffNet share exact pinned CPU/GPU assets with no startup work
  ---
  duration_ms: 0.316625
  type: 'test'
  ...
# Subtest: ST automatic preference requires three distinct CPU lanes and leaves explicit choices intact
ok 700 - ST automatic preference requires three distinct CPU lanes and leaves explicit choices intact
  ---
  duration_ms: 1.65825
  type: 'test'
  ...
# Subtest: ST capacity preserves source and other active owners but recovers its own idle sessions
ok 701 - ST capacity preserves source and other active owners but recovers its own idle sessions
  ---
  duration_ms: 0.331958
  type: 'test'
  ...
# Subtest: GPU admission holds destroyed buffers until submitted work completes and rejects validation failures
ok 702 - GPU admission holds destroyed buffers until submitted work completes and rejects validation failures
  ---
  duration_ms: 2.251167
  type: 'test'
  ...
# Subtest: verified bytes are lazy, shared by identity and reclaimed before result cache
ok 703 - verified bytes are lazy, shared by identity and reclaimed before result cache
  ---
  duration_ms: 1.742666
  type: 'test'
  ...
# Subtest: a new cache entry never evicts live results or lowers admitted CPU capacity
ok 704 - a new cache entry never evicts live results or lowers admitted CPU capacity
  ---
  duration_ms: 0.202041
  type: 'test'
  ...
# Subtest: transport identity failure and cancellation never populate the cache
ok 705 - transport identity failure and cancellation never populate the cache
  ---
  duration_ms: 31.124459
  type: 'test'
  ...
# Subtest: disabled CPU mode remains lazy and never retains parameter bytes
ok 706 - disabled CPU mode remains lazy and never retains parameter bytes
  ---
  duration_ms: 0.279958
  type: 'test'
  ...
# Subtest: concurrent identical reads do not double-charge residency; shrink evicts LRU
ok 707 - concurrent identical reads do not double-charge residency; shrink evicts LRU
  ---
  duration_ms: 0.20725
  type: 'test'
  ...
# Subtest: Segmentation preparation refuses memory before allocation and releases partial admission
ok 708 - Segmentation preparation refuses memory before allocation and releases partial admission
  ---
  duration_ms: 18.999291
  type: 'test'
  ...
# Subtest: Segmentation preparation cancellation keeps source bytes and permits retry
ok 709 - Segmentation preparation cancellation keeps source bytes and permits retry
  ---
  duration_ms: 50.218125
  type: 'test'
  ...
# Subtest: Native sigmoid and source/target rules differ at exactly one half
ok 710 - Native sigmoid and source/target rules differ at exactly one half
  ---
  duration_ms: 16.431625
  type: 'test'
  ...
# Subtest: Invalid probability, cancellation and partial budget failure release reservations
ok 711 - Invalid probability, cancellation and partial budget failure release reservations
  ---
  duration_ms: 1.083583
  type: 'test'
  ...
# Subtest: only useful acquisition creates a session; warm acquisition reuses it
ok 712 - only useful acquisition creates a session; warm acquisition reuses it
  ---
  duration_ms: 1.557166
  type: 'test'
  ...
# Subtest: idle model yields to useful work before a result grid; active RPC remains protected
ok 713 - idle model yields to useful work before a result grid; active RPC remains protected
  ---
  duration_ms: 0.372125
  type: 'test'
  ...
# Subtest: failed construction rolls back reservation; CPU-style explicit retirement is reusable
ok 714 - failed construction rolls back reservation; CPU-style explicit retirement is reusable
  ---
  duration_ms: 0.134875
  type: 'test'
  ...
# Subtest: Split manifests pin unchanged complete boundaries and variant-specific CPU/GPU placement
ok 715 - Split manifests pin unchanged complete boundaries and variant-specific CPU/GPU placement
  ---
  duration_ms: 6.874875
  type: 'test'
  ...
# Subtest: Split asset reader verifies actual bytes and rejects truncation, excess and wrong SHA
ok 716 - Split asset reader verifies actual bytes and rejects truncation, excess and wrong SHA
  ---
  duration_ms: 26.997416
  type: 'test'
  ...
# Subtest: Split GPU mirror is lazy and budgets both child graphs and bridge, not just tiny manifest
ok 717 - Split GPU mirror is lazy and budgets both child graphs and bridge, not just tiny manifest
  ---
  duration_ms: 4.511917
  type: 'test'
  ...
# Subtest: concurrency uses shared live memory, source copies and useful jobs; nested pools opt out
ok 718 - concurrency uses shared live memory, source copies and useful jobs; nested pools opt out
  ---
  duration_ms: 1.311334
  type: 'test'
  ...
# Subtest: out-of-order workers retain source order and never exceed admitted lanes
ok 719 - out-of-order workers retain source order and never exceed admitted lanes
  ---
  duration_ms: 32.515375
  type: 'test'
  ...
# Subtest: real admission pressure drains active work then retries only unfinished work serially
ok 720 - real admission pressure drains active work then retries only unfinished work serially
  ---
  duration_ms: 17.997375
  type: 'test'
  ...
# Subtest: fatal error and external cancellation abort siblings and await their cleanup
ok 721 - fatal error and external cancellation abort siblings and await their cleanup
  ---
  duration_ms: 14.164709
  type: 'test'
  ...
# Subtest: analysis keeps ordered probabilities, deduplicates identical bounds and reprojects without inference
ok 722 - analysis keeps ordered probabilities, deduplicates identical bounds and reprojects without inference
  ---
  duration_ms: 22.470834
  type: 'test'
  ...
# Subtest: large projected planes reclaim idle model sessions while preserving owned raw grids
ok 723 - large projected planes reclaim idle model sessions while preserving owned raw grids
  ---
  duration_ms: 5.3325
  type: 'test'
  ...
# Subtest: hybrid sessions stay warm when results fit, yield to cached large views, and reload on later useful work
ok 724 - hybrid sessions stay warm when results fit, yield to cached large views, and reload on later useful work
  ---
  duration_ms: 1.163709
  type: 'test'
  ...
# Subtest: Unsupported native segmentation modes refuse before any spatial work
ok 725 - Unsupported native segmentation modes refuse before any spatial work
  ---
  duration_ms: 2.223292
  type: 'test'
  ...
# Subtest: A failing spatial job releases the projection and raw-grid reservations
ok 726 - A failing spatial job releases the projection and raw-grid reservations
  ---
  duration_ms: 7.626458
  type: 'test'
  ...
# Subtest: All510 native adjustment outputs preserve stage order, global equalization/CLAHE and Otsu by row bands
ok 727 - All510 native adjustment outputs preserve stage order, global equalization/CLAHE and Otsu by row bands
  ---
  duration_ms: 9306.09275
  type: 'test'
  ...
# Subtest: Adjustment orientations, asymmetric CLAHE padding and sharp halos remain exact
ok 728 - Adjustment orientations, asymmetric CLAHE padding and sharp halos remain exact
  ---
  duration_ms: 5664.15575
  type: 'test'
  ...
# Subtest: Adjustment cancels each pass without partial outputs and refuses impossible rows before reads
ok 729 - Adjustment cancels each pass without partial outputs and refuses impossible rows before reads
  ---
  duration_ms: 421.937375
  type: 'test'
  ...
# Subtest: Adjustment arithmetic rejects invalid LUT indices and global coordinate casts
ok 730 - Adjustment arithmetic rejects invalid LUT indices and global coordinate casts
  ---
  duration_ms: 0.523167
  type: 'test'
  ...
# Subtest: a real shared bank failure preserves prior data and concurrent writes at a full budget
ok 731 - a real shared bank failure preserves prior data and concurrent writes at a full budget
  ---
  duration_ms: 5.099166
  type: 'test'
  ...
# Subtest: a real ordinary bank failure preserves prior data and concurrent writes at a full budget
ok 732 - a real ordinary bank failure preserves prior data and concurrent writes at a full budget
  ---
  duration_ms: 2.086416
  type: 'test'
  ...
# Subtest: failed write during allocation recovery preserves the complete old RAM source
ok 733 - failed write during allocation recovery preserves the complete old RAM source
  ---
  duration_ms: 3.019125
  type: 'test'
  ...
# Subtest: failed flush during allocation recovery preserves the complete old RAM source
ok 734 - failed flush during allocation recovery preserves the complete old RAM source
  ---
  duration_ms: 0.749042
  type: 'test'
  ...
# Subtest: failed cancel during allocation recovery preserves the complete old RAM source
ok 735 - failed cancel during allocation recovery preserves the complete old RAM source
  ---
  duration_ms: 1.213583
  type: 'test'
  ...
# Subtest: mutable SAB materialization falls back before publishing and preserves a parallel broker
ok 736 - mutable SAB materialization falls back before publishing and preserves a parallel broker
  ---
  duration_ms: 31.281958
  type: 'test'
  ...
# Subtest: an already published mutable broker survives its backing allocation failure
ok 737 - an already published mutable broker survives its backing allocation failure
  ---
  duration_ms: 1.781125
  type: 'test'
  ...
# Subtest: without temporary storage allocation errors retain useful diagnostics and old bytes
ok 738 - without temporary storage allocation errors retain useful diagnostics and old bytes
  ---
  duration_ms: 0.345167
  type: 'test'
  ...
# Subtest: disposal waits for allocation recovery and rejects queued writes without losing ownership
ok 739 - disposal waits for allocation recovery and rejects queued writes without losing ownership
  ---
  duration_ms: 1.123
  type: 'test'
  ...
# Subtest: a published direct SAB remains pinned until every worker releases it
ok 740 - a published direct SAB remains pinned until every worker releases it
  ---
  duration_ms: 0.543125
  type: 'test'
  ...
# Subtest: allocation recovery uses its prefunded window rather than the narrow pending-write scope
ok 741 - allocation recovery uses its prefunded window rather than the narrow pending-write scope
  ---
  duration_ms: 1.46925
  type: 'test'
  ...
# Subtest: All segmented result adapters name allocation exhaustion and retain the original source after cleanup
ok 742 - All segmented result adapters name allocation exhaustion and retain the original source after cleanup
  ---
  duration_ms: 11.987917
  type: 'test'
  ...
# Subtest: Segmented RAM preserves byte ranges across every seam, holes and ownership
ok 743 - Segmented RAM preserves byte ranges across every seam, holes and ownership
  ---
  duration_ms: 44.044167
  type: 'test'
  ...
# Subtest: Segmented Blob staging is bounded, cancellable and preserves the source
ok 744 - Segmented Blob staging is bounded, cancellable and preserves the source
  ---
  duration_ms: 1.790666
  type: 'test'
  ...
# Subtest: Segmented admission requires an actual storage alternative and rejects invalid ranges
ok 745 - Segmented admission requires an actual storage alternative and rejects invalid ranges
  ---
  duration_ms: 0.2895
  type: 'test'
  ...
# Subtest: Temporary session creation is deferred until admitted RAM no longer fits
ok 746 - Temporary session creation is deferred until admitted RAM no longer fits
  ---
  duration_ms: 1.039875
  type: 'test'
  ...
# Subtest: Recomputable cached pages cannot force a live result out of otherwise admissible RAM
ok 747 - Recomputable cached pages cannot force a live result out of otherwise admissible RAM
  ---
  duration_ms: 0.448292
  type: 'test'
  ...
# Subtest: All 290 native color channels preserve complete rows across segmented seams and row-group boundaries
ok 748 - All 290 native color channels preserve complete rows across segmented seams and row-group boundaries
  ---
  duration_ms: 19054.757167
  type: 'test'
  ...
# Subtest: Eight orientations preserve the oriented vector-prefix and scalar-tail positions
ok 749 - Eight orientations preserve the oriented vector-prefix and scalar-tail positions
  ---
  duration_ms: 12836.311
  type: 'test'
  ...
# Subtest: Cancellation disposes unpublished output; retry works, and too-small budgets refuse before input reads
ok 750 - Cancellation disposes unpublished output; retry works, and too-small budgets refuse before input reads
  ---
  duration_ms: 12.575208
  type: 'test'
  ...
# Subtest: All53 native maps and159 views preserve segmented halos, black padding, extra grid row/column and cache
ok 751 - All53 native maps and159 views preserve segmented halos, black padding, extra grid row/column and cache
  ---
  duration_ms: 1308.271083
  type: 'test'
  ...
# Subtest: Contrast eight orientations and partial cells preserve native maps and cancellation ownership
ok 752 - Contrast eight orientations and partial cells preserve native maps and cancellation ownership
  ---
  duration_ms: 531.170625
  type: 'test'
  ...
# Subtest: Segmented defects match every native raster, RGB flag, mask, count and CSV across row seams
ok 753 - Segmented defects match every native raster, RGB flag, mask, count and CSV across row seams
  ---
  duration_ms: 23343.462125
  type: 'test'
  ...
# Subtest: Eight EXIF orientations preserve candidate coordinates/BGR order, flags and all three views
ok 754 - Eight EXIF orientations preserve candidate coordinates/BGR order, flags and all three views
  ---
  duration_ms: 12309.404667
  type: 'test'
  ...
# Subtest: whole-axis forward and inverse DFT preserve global scale and conjugate completion
ok 755 - whole-axis forward and inverse DFT preserve global scale and conjugate completion
  ---
  duration_ms: 983.670625
  type: 'test'
  ...
# Subtest: All 900 native Echo views preserve radius halos and global normalization over segmented stores
ok 756 - All 900 native Echo views preserve radius halos and global normalization over segmented stores
  ---
  duration_ms: 21387.290167
  type: 'test'
  ...
# Subtest: Oriented image edges and small row groups retain the native radius1/4/5/15 behavior
ok 757 - Oriented image edges and small row groups retain the native radius1/4/5/15 behavior
  ---
  duration_ms: 4837.529
  type: 'test'
  ...
# Subtest: Echo cancellation disposes derivative/output stores and admits retry; low memory refuses before reads
ok 758 - Echo cancellation disposes derivative/output stores and admits retry; low memory refuses before reads
  ---
  duration_ms: 258.029959
  type: 'test'
  ...
# Subtest: public segmented ELA publishes owned output and reuses encoded quality across render controls
ok 759 - public segmented ELA publishes owned output and reuses encoded quality across render controls
  ---
  duration_ms: 1068.852416
  type: 'test'
  ...
# Subtest: cancelled segmented ELA keeps only completed JPEG cache and permits an exact retry
ok 760 - cancelled segmented ELA keeps only completed JPEG cache and permits an exact retry
  ---
  duration_ms: 675.837916
  type: 'test'
  ...
# Subtest: zero-phase Ghost and ELA reuse the same completed global RGB JPEG
ok 761 - zero-phase Ghost and ELA reuse the same completed global RGB JPEG
  ---
  duration_ms: 77.375292
  type: 'test'
  ...
# Subtest: segmented ELA biomes preserve native complete pipelines, background and one/64 Ghost phases
ok 762 - segmented ELA biomes preserve native complete pipelines, background and one/64 Ghost phases
  ---
  duration_ms: 160305.685375
  type: 'test'
  ...
# Subtest: reference quality from sparse JPEG tables preserves original-byte estimation and PNG fallback
ok 763 - reference quality from sparse JPEG tables preserves original-byte estimation and PNG fallback
  ---
  duration_ms: 5.795417
  type: 'test'
  ...
# Subtest: segmented ELA matches native controls, odd bands and oriented source pixels
ok 764 - segmented ELA matches native controls, odd bands and oriented source pixels
  ---
  duration_ms: 994.193834
  type: 'test'
  ...
# Subtest: complete segmented energy chain matches all 51 native pipelines
ok 765 - complete segmented energy chain matches all 51 native pipelines
  ---
  duration_ms: 18899.651541
  type: 'test'
  ...
# Subtest: segmented energy caches reuse stages and retained results survive cache eviction and disposal
ok 766 - segmented energy caches reuse stages and retained results survive cache eviction and disposal
  ---
  duration_ms: 1116.91325
  type: 'test'
  ...
# Subtest: segmented energy cancellation preserves completed stages and permits exact retry
ok 767 - segmented energy cancellation preserves completed stages and permits exact retry
  ---
  duration_ms: 466.345041
  type: 'test'
  ...
# Subtest: segmented global frequency views preserve native low/high crop order, masks and display filtering
ok 768 - segmented global frequency views preserve native low/high crop order, masks and display filtering
  ---
  duration_ms: 4644.361667
  type: 'test'
  ...
# Subtest: frequency cancellation removes every intermediate and completed view without corrupting cached base
ok 769 - frequency cancellation removes every intermediate and completed view without corrupting cached base
  ---
  duration_ms: 1906.030125
  type: 'test'
  ...
# Subtest: display cache avoids transforms and retained results survive replacement, abort and cache eviction
ok 770 - display cache avoids transforms and retained results survive replacement, abort and cache eviction
  ---
  duration_ms: 220.267333
  type: 'test'
  ...
# Subtest: segmented Ghost native means, normalized cubes, all phases and palette controls retain exact values
ok 771 - segmented Ghost native means, normalized cubes, all phases and palette controls retain exact values
  ---
  duration_ms: 44934.63825
  type: 'test'
  ...
# Subtest: every circular phase crosses rows/storage seams exactly and releases window accounting
ok 772 - every circular phase crosses rows/storage seams exactly and releases window accounting
  ---
  duration_ms: 245.025375
  type: 'test'
  ...
# Subtest: All 640 native gradient variants preserve global maxima, normalization and equalization across seven-row strips
ok 773 - All 640 native gradient variants preserve global maxima, normalization and equalization across seven-row strips
  ---
  duration_ms: 18091.563333
  type: 'test'
  ...
# Subtest: All orientations and one-row halos retain whole-image gradient semantics
ok 774 - All orientations and one-row halos retain whole-image gradient semantics
  ---
  duration_ms: 2744.773416
  type: 'test'
  ...
# Subtest: Cancellation in every global stage discards partial arrays; source retry and admission refusal are clean
ok 775 - Cancellation in every global stage discards partial arrays; source retry and admission refusal are clean
  ---
  duration_ms: 427.382292
  type: 'test'
  ...
# Subtest: Segmented histogram preserves native global counts/unique colors/summaries at non-pixel-aligned seams
ok 776 - Segmented histogram preserves native global counts/unique colors/summaries at non-pixel-aligned seams
  ---
  duration_ms: 977.730375
  type: 'test'
  ...
# Subtest: All native illuminant methods/transfers/exclusions/cells/views preserve global statistics and compact mode cache
ok 777 - All native illuminant methods/transfers/exclusions/cells/views preserve global statistics and compact mode cache
  ---
  duration_ms: 13853.48325
  type: 'test'
  ...
# Subtest: Illuminant cache ownership, eight orientations, partial cells and cancellation preserve live sources
ok 778 - Illuminant cache ownership, eight orientations, partial cells and cancellation preserve live sources
  ---
  duration_ms: 1338.308125
  type: 'test'
  ...
# Subtest: segmented migration preserves sparse holes, seams and ownership without a second RAM image
ok 779 - segmented migration preserves sparse holes, seams and ownership without a second RAM image
  ---
  duration_ms: 20.405291
  type: 'test'
  ...
# Subtest: failed spill and cancelled promotion preserve the authoritative source and release destination memory
ok 780 - failed spill and cancelled promotion preserve the authoritative source and release destination memory
  ---
  duration_ms: 3.745875
  type: 'test'
  ...
# Subtest: a shared read lease freezes writes and migration, pins disposal, and is read by another worker without cloning banks
ok 781 - a shared read lease freezes writes and migration, pins disposal, and is read by another worker without cloning banks
  ---
  duration_ms: 23.378541
  type: 'test'
  ...
# Subtest: shared storage has an ordinary memory fallback and validates bank descriptors
ok 782 - shared storage has an ordinary memory fallback and validates bank descriptors
  ---
  duration_ms: 0.3725
  type: 'test'
  ...
# Subtest: migration cannot race outstanding temporary I/O and disposal waits before deleting its backing
ok 783 - migration cannot race outstanding temporary I/O and disposal waits before deleting its backing
  ---
  duration_ms: 0.225625
  type: 'test'
  ...
# Subtest: Segmented magnifier: all 440 native outputs across small storage seams
ok 784 - Segmented magnifier: all 440 native outputs across small storage seams
  ---
  duration_ms: 1400.714292
  type: 'test'
  ...
# Subtest: All eight source orientations use the selected native-resolution ROI, including clipped bounds
ok 785 - All eight source orientations use the selected native-resolution ROI, including clipped bounds
  ---
  duration_ms: 231.028875
  type: 'test'
  ...
# Subtest: A huge virtual source reads only the ROI; missing temporary storage is reported before reads
ok 786 - A huge virtual source reads only the ROI; missing temporary storage is reported before reads
  ---
  duration_ms: 24.465209
  type: 'test'
  ...
# Subtest: ROI input/result caches are bounded, owned and invalidated by source prefix
ok 787 - ROI input/result caches are bounded, owned and invalidated by source prefix
  ---
  duration_ms: 29.360375
  type: 'test'
  ...
# Subtest: Abort at window, kernel or completion publishes no cache and releases all leases; source remains usable
ok 788 - Abort at window, kernel or completion publishes no cache and releases all leases; source remains usable
  ---
  duration_ms: 92.206083
  type: 'test'
  ...
# Subtest: Segmented median preserves native block features, padding, score border, views and independent grid masks
ok 789 - Segmented median preserves native block features, padding, score border, views and independent grid masks
  ---
  duration_ms: 4655.435416
  type: 'test'
  ...
# Subtest: Median block reader respects all orientations, batch row crossings and divisible black padding
ok 790 - Median block reader respects all orientations, batch row crossings and divisible black padding
  ---
  duration_ms: 2281.216584
  type: 'test'
  ...
# Subtest: Median interpolation row cuts keep absolute native coordinates around threshold and image edges
ok 791 - Median interpolation row cuts keep absolute native coordinates around threshold and image edges
  ---
  duration_ms: 292.935542
  type: 'test'
  ...
# Subtest: Median failure/cancellation frees every unpublished surface; refusal precedes source access
ok 792 - Median failure/cancellation frees every unpublished surface; refusal precedes source access
  ---
  duration_ms: 556.064792
  type: 'test'
  ...
# Subtest: Segmented extrema match native RGB and both masks across channels, colors, density filters and row groups
ok 793 - Segmented extrema match native RGB and both masks across channels, colors, density filters and row groups
  ---
  duration_ms: 55752.133666
  type: 'test'
  ...
# Subtest: Oriented density grids preserve global anchoring, small borders and cancellation at each stage
ok 794 - Oriented density grids preserve global anchoring, small borders and cancellation at each stage
  ---
  duration_ms: 32715.704666
  type: 'test'
  ...
# Subtest: A failed temporary mask write releases every unpublished surface without losing the source
ok 795 - A failed temporary mask write releases every unpublished surface without losing the source
  ---
  duration_ms: 6.233
  type: 'test'
  ...
# Subtest: Segmented D2PRL composition preserves every native raw-grid refilter, mask, overlap and exclusion
ok 796 - Segmented D2PRL composition preserves every native raw-grid refilter, mask, overlap and exclusion
  ---
  duration_ms: 4887.735625
  type: 'test'
  ...
# Subtest: Segmented CMSeg and all qualified MGCF variants preserve native maximum/OR composition and envelope removal
ok 797 - Segmented CMSeg and all qualified MGCF variants preserve native maximum/OR composition and envelope removal
  ---
  duration_ms: 339.257584
  type: 'test'
  ...
# Subtest: Partial neural composition cancels, rejects invalid modes and protects completed owned stores
ok 798 - Partial neural composition cancels, rejects invalid modes and protects completed owned stores
  ---
  duration_ms: 31.316875
  type: 'test'
  ...
# Subtest: Segmented bit planes retain all native channels/bits/filters, raw masks and global borders across row groups
ok 799 - Segmented bit planes retain all native channels/bits/filters, raw masks and global borders across row groups
  ---
  duration_ms: 60546.211791
  type: 'test'
  ...
# Subtest: Mask/display orientation is exact and cancellation releases both unpublished arrays
ok 800 - Mask/display orientation is exact and cancellation releases both unpublished arrays
  ---
  duration_ms: 802.351625
  type: 'test'
  ...
# Subtest: segmented Wiener residual and global noise mean preserve native binary64
ok 801 - segmented Wiener residual and global noise mean preserve native binary64
  ---
  duration_ms: 23219.565334
  type: 'test'
  ...
# Subtest: PRNU cancellation removes every global temporary plane at each useful phase
ok 802 - PRNU cancellation removes every global temporary plane at each useful phase
  ---
  duration_ms: 685.473
  type: 'test'
  ...
# Subtest: public historical and quality panels use the same global segmented losses under 72 MiB
ok 803 - public historical and quality panels use the same global segmented losses under 72 MiB
  ---
  duration_ms: 6458.726208
  type: 'test'
  ...
# Subtest: direct cancellation keeps only completed quality values and resumes from them
ok 804 - direct cancellation keeps only completed quality values and resumes from them
  ---
  duration_ms: 6235.705208
  type: 'test'
  ...
# Subtest: scanline recompression equals the qualified full-frame arithmetic including Q0 and odd dimensions
ok 805 - scanline recompression equals the qualified full-frame arithmetic including Q0 and odd dimensions
  ---
  duration_ms: 206.079834
  type: 'test'
  ...
# Subtest: completed quality checkpoint survives direct cancellation and budget refusal is explicit
ok 806 - completed quality checkpoint survives direct cancellation and budget refusal is explicit
  ---
  duration_ms: 16.897125
  type: 'test'
  ...
# Subtest: all eight oriented surfaces preserve full-frame JPEG arithmetic
ok 807 - all eight oriented surfaces preserve full-frame JPEG arithmetic
  ---
  duration_ms: 250.342166
  type: 'test'
  ...
# Subtest: segmented Fourier retains native original grayscale, ROI, windows and all presentations
ok 808 - segmented Fourier retains native original grayscale, ROI, windows and all presentations
  ---
  duration_ms: 1949.703584
  type: 'test'
  ...
# Subtest: resampling view-only cache, independent table leases and cancelled strip cleanup
ok 809 - resampling view-only cache, independent table leases and cancelled strip cleanup
  ---
  duration_ms: 265.415416
  type: 'test'
  ...
# Subtest: Segmented channel ranks preserve all six native variants across arbitrary storage seams
ok 810 - Segmented channel ranks preserve all six native variants across arbitrary storage seams
  ---
  duration_ms: 24515.137875
  type: 'test'
  ...
# Subtest: Result windows retain exact orientation and owned lifetime; cancellation never publishes partial output
ok 811 - Result windows retain exact orientation and owned lifetime; cancellation never publishes partial output
  ---
  duration_ms: 171.193291
  type: 'test'
  ...
# Subtest: Paired result ownership releases the output before either source storage closes
ok 812 - Paired result ownership releases the output before either source storage closes
  ---
  duration_ms: 0.314041
  type: 'test'
  ...
# Subtest: All1680 native separation outputs retain five filters, residuals, global equalization and LUTs
ok 813 - All1680 native separation outputs retain five filters, residuals, global equalization and LUTs
  ---
  duration_ms: 15722.3015
  type: 'test'
  ...
# Subtest: Separation supports oriented row widths, minimal halos, cancellation at filter/equalization and retry
ok 814 - Separation supports oriented row widths, minimal halos, cancellation at filter/equalization and retry
  ---
  duration_ms: 3589.471459
  type: 'test'
  ...
# Subtest: segmented ZERO renders all five native views and exports native scientific arrays without full matrices
ok 815 - segmented ZERO renders all five native views and exports native scientific arrays without full matrices
  ---
  duration_ms: 1056.037917
  type: 'test'
  ...
# Subtest: NPZ limit and cancellation keep live ZERO analysis reusable
ok 816 - NPZ limit and cancellation keep live ZERO analysis reusable
  ---
  duration_ms: 19.52225
  type: 'test'
  ...
# Subtest: segmented ZERO honors the original-order reference CPU override
ok 817 - segmented ZERO honors the original-order reference CPU override
  ---
  duration_ms: 2729.33975
  type: 'test'
  ...
# Subtest: All five native denoisers keep exact full-width halos and native row tails
ok 818 - All five native denoisers keep exact full-width halos and native row tails
  ---
  duration_ms: 3556.598
  type: 'test'
  ...
# Subtest: All five cached filters preserve gray/color, denoised/residual and global display; levels do not refilter
ok 819 - All five cached filters preserve gray/color, denoised/residual and global display; levels do not refilter
  ---
  duration_ms: 1602.60475
  type: 'test'
  ...
# Subtest: Cache cancellation restores only complete private bases; pressure can evict cache without changing owned outputs
ok 820 - Cache cancellation restores only complete private bases; pressure can evict cache without changing owned outputs
  ---
  duration_ms: 16.122667
  type: 'test'
  ...
# Subtest: RAM-only admission does not let optional cache force unavailable temporary output
ok 821 - RAM-only admission does not let optional cache force unavailable temporary output
  ---
  duration_ms: 25.097916
  type: 'test'
  ...
# Subtest: Separation admits only useful workers and owned windows; all filters and global histograms remain exact
ok 822 - Separation admits only useful workers and owned windows; all filters and global histograms remain exact
  ---
  duration_ms: 474.562708
  type: 'test'
  ...
# Subtest: Separation retries only resource failures once and cancels before releasing windows/stores
ok 823 - Separation retries only resource failures once and cancels before releasing windows/stores
  ---
  duration_ms: 163.413625
  type: 'test'
  ...
# Subtest: G2NN native oracle: global
ok 824 - G2NN native oracle: global
  ---
  duration_ms: 12.081875
  type: 'test'
  ...
# Subtest: G2NN native oracle: spatial-before-neighbours
ok 825 - G2NN native oracle: spatial-before-neighbours
  ---
  duration_ms: 2.384666
  type: 'test'
  ...
# Subtest: G2NN native oracle: overlapping-contexts
ok 826 - G2NN native oracle: overlapping-contexts
  ---
  duration_ms: 2.1205
  type: 'test'
  ...
# Subtest: G2NN native oracle: compare-gap
ok 827 - G2NN native oracle: compare-gap
  ---
  duration_ms: 3.727667
  type: 'test'
  ...
# Subtest: G2NN native oracle: reflection-cross-frame
ok 828 - G2NN native oracle: reflection-cross-frame
  ---
  duration_ms: 4.279542
  type: 'test'
  ...
# Subtest: G2NN native oracle: compact-coordinates
ok 829 - G2NN native oracle: compact-coordinates
  ---
  duration_ms: 1.641875
  type: 'test'
  ...
# Subtest: G2NN native oracle: stable-ties
ok 830 - G2NN native oracle: stable-ties
  ---
  duration_ms: 1.373667
  type: 'test'
  ...
# Subtest: G2NN native oracle: empty
ok 831 - G2NN native oracle: empty
  ---
  duration_ms: 3.956541
  type: 'test'
  ...
# Subtest: G2NN native oracle: one-neighbour
ok 832 - G2NN native oracle: one-neighbour
  ---
  duration_ms: 1.555042
  type: 'test'
  ...
# Subtest: G2NN native oracle: native-sift-texture
ok 833 - G2NN native oracle: native-sift-texture
  ---
  duration_ms: 3.599292
  type: 'test'
  ...
# Subtest: G2NN cancellation, shared admission, invalid representation and pair budget
ok 834 - G2NN cancellation, shared admission, invalid representation and pair budget
  ---
  duration_ms: 4.326709
  type: 'test'
  ...
# Subtest: reflection remaps real extracted points without mutating their frame
ok 835 - reflection remaps real extracted points without mutating their frame
  ---
  duration_ms: 0.139041
  type: 'test'
  ...
# Subtest: SIFT independent ROIs keep crop, scale, exclusion and budget semantics
ok 836 - SIFT independent ROIs keep crop, scale, exclusion and budget semantics
  ---
  duration_ms: 1.868708
  type: 'test'
  ...
# Subtest: SIFT reflected frame crops pixels and maps feature provenance back
ok 837 - SIFT reflected frame crops pixels and maps feature provenance back
  ---
  duration_ms: 0.304667
  type: 'test'
  ...
# Subtest: SIFT centre uniqueness and response priority match NumPy float32 rounding
ok 838 - SIFT centre uniqueness and response priority match NumPy float32 rounding
  ---
  duration_ms: 5.570375
  type: 'test'
  ...
# Subtest: native packed float64 centres and ROI additions retain double precision
ok 839 - native packed float64 centres and ROI additions retain double precision
  ---
  duration_ms: 3.124875
  type: 'test'
  ...
# Subtest: Blob API preserves the existing full-memory path and returns exact owned windows with stale-handle rejection
ok 840 - Blob API preserves the existing full-memory path and returns exact owned windows with stale-handle rejection
  ---
  duration_ms: 35.096625
  type: 'test'
  ...
# Subtest: A RAM-admitted segmented JPEG keeps all pixels and global histogram while validating each adapter parameters
ok 841 - A RAM-admitted segmented JPEG keeps all pixels and global histogram while validating each adapter parameters
  ---
  duration_ms: 135.966541
  type: 'test'
  ...
# Subtest: Only recognized full-memory allocation failure tries the exact row path once
ok 842 - Only recognized full-memory allocation failure tries the exact row path once
  ---
  duration_ms: 50.028209
  type: 'test'
  ...
# Subtest: Segmented result surfaces stay owned until release and are invalidated with their source
ok 843 - Segmented result surfaces stay owned until release and are invalidated with their source
  ---
  duration_ms: 91.181375
  type: 'test'
  ...
# Subtest: Bit-plane mask handles preserve raw evidence separately from the filtered display
ok 844 - Bit-plane mask handles preserve raw evidence separately from the filtered display
  ---
  duration_ms: 131.467458
  type: 'test'
  ...
# Subtest: Segmented extrema publish two independently owned masks and preserve all live evidence
ok 845 - Segmented extrema publish two independently owned masks and preserve all live evidence
  ---
  duration_ms: 261.991417
  type: 'test'
  ...
# Subtest: Segmented defect evidence exposes owned typed flags, paged rows and CSV with strict lifetime
ok 846 - Segmented defect evidence exposes owned typed flags, paged rows and CSV with strict lifetime
  ---
  duration_ms: 174.081917
  type: 'test'
  ...
# Subtest: Original Blob hashing/hex windows preserve ten independent digests, seams, EOF and cancellation
ok 847 - Original Blob hashing/hex windows preserve ten independent digests, seams, EOF and cancellation
  ---
  duration_ms: 215.469708
  type: 'test'
  ...
# Subtest: Public segmented byte operations allow explicit visual-hash opt-out, cache immutable data and retain source bytes
ok 848 - Public segmented byte operations allow explicit visual-hash opt-out, cache immutable data and retain source bytes
  ---
  duration_ms: 113.742917
  type: 'test'
  ...
# Subtest: native filename naming hints preserve regex boundaries and Unicode folding
ok 849 - native filename naming hints preserve regex boundaries and Unicode folding
  ---
  duration_ms: 10.6155
  type: 'test'
  ...
# Subtest: bytes and File input retain supplied metadata separately from signature evidence
ok 850 - bytes and File input retain supplied metadata separately from signature evidence
  ---
  duration_ms: 52.976167
  type: 'test'
  ...
# Subtest: small streamed chunks identify signatures without pixels; unknown stat remains absent
ok 851 - small streamed chunks identify signatures without pixels; unknown stat remains absent
  ---
  duration_ms: 1.126208
  type: 'test'
  ...
# Subtest: Immutable Blob original: bounded progressive SHA256, cancellation, ownership and byte ranges
ok 852 - Immutable Blob original: bounded progressive SHA256, cancellation, ownership and byte ranges
  ---
  duration_ms: 128.77125
  type: 'test'
  ...
# Subtest: Full-resolution window reads preserve all eight EXIF transforms, segmented seams and owned results
ok 853 - Full-resolution window reads preserve all eight EXIF transforms, segmented seams and owned results
  ---
  duration_ms: 40.967125
  type: 'test'
  ...
# Subtest: Window scratch admission failure releases its output reservation without shrinking the request
ok 854 - Window scratch admission failure releases its output reservation without shrinking the request
  ---
  duration_ms: 0.558417
  type: 'test'
  ...
# Subtest: computed stage keeps exactly its existing reservation, then becomes cache without a copied buffer
ok 855 - computed stage keeps exactly its existing reservation, then becomes cache without a copied buffer
  ---
  duration_ms: 0.977917
  type: 'test'
  ...
# Subtest: cache hits are pinned once while in use and eviction cannot unaccount borrowed values
ok 856 - cache hits are pinned once while in use and eviction cannot unaccount borrowed values
  ---
  duration_ms: 0.811125
  type: 'test'
  ...
# Subtest: cancellation keeps only completed admitted stages, disposal drops all cache references
ok 857 - cancellation keeps only completed admitted stages, disposal drops all cache references
  ---
  duration_ms: 0.204292
  type: 'test'
  ...
# Subtest: real sparse grouping/matching preserves results across cache borrow, eviction and caller mutation
ok 858 - real sparse grouping/matching preserves results across cache borrow, eviction and caller mutation
  ---
  duration_ms: 11.863875
  type: 'test'
  ...
# { searches: 27, flows: 25, peak: 87490560 }
# Subtest: bounded half-height search and streamed gray-pair Farneback preserve native output
ok 859 - bounded half-height search and streamed gray-pair Farneback preserve native output
  ---
  duration_ms: 6100.8775
  type: 'test'
  ...
# { nativeViews: 100, searches: 28 }
# Subtest: segmented stereo preserves all searches, four views, raw flow and absence
ok 860 - segmented stereo preserves all searches, four views, raw flow and absence
  ---
  duration_ms: 11859.970541
  type: 'test'
  ...
# Subtest: stereo cancellation cleans incomplete work and old published views survive cache release
ok 861 - stereo cancellation cleans incomplete work and old published views survive cache release
  ---
  duration_ms: 282.779791
  type: 'test'
  ...
# Subtest: Stereo arithmetic shortcuts match software FMA on signed random bits, halfway traps and IEEE boundary cases
ok 862 - Stereo arithmetic shortcuts match software FMA on signed random bits, halfway traps and IEEE boundary cases
  ---
  duration_ms: 217.453541
  type: 'test'
  ...
# Subtest: Stereogram native periodicity, lazy flow, all views and absent-period outcomes are exact
ok 863 - Stereogram native periodicity, lazy flow, all views and absent-period outcomes are exact
  ---
  duration_ms: 6847.569708
  type: 'test'
  ...
# Subtest: Stereo original arithmetic remains selectable independently of the optimized engine
ok 864 - Stereo original arithmetic remains selectable independently of the optimized engine
  ---
  duration_ms: 44.891333
  type: 'test'
  ...
# Subtest: concurrent source-window leases are admitted outside worker reservations
ok 865 - concurrent source-window leases are admitted outside worker reservations
  ---
  duration_ms: 9.185791
  type: 'test'
  ...
# Subtest: bounded rows and windows preserve native OCR support and exact PGM grayscale bytes
ok 866 - bounded rows and windows preserve native OCR support and exact PGM grayscale bytes
  ---
  duration_ms: 7.186375
  type: 'test'
  ...
# Subtest: invalid windows, visitor failures and cancellation release every borrowed source strip
ok 867 - invalid windows, visitor failures and cancellation release every borrowed source strip
  ---
  duration_ms: 0.563875
  type: 'test'
  ...
# Subtest: Tesseract TSV rules, flat support and trimming equal native
ok 868 - Tesseract TSV rules, flat support and trimming equal native
  ---
  duration_ms: 5.103291
  type: 'test'
  ...
# Subtest: OCR tiled coverage retains full resolution and exact right/bottom edge
ok 869 - OCR tiled coverage retains full resolution and exact right/bottom edge
  ---
  duration_ms: 0.136084
  type: 'test'
  ...
# Subtest: OCR duplicates use inclusive smaller-area overlap, confidence then coordinate order
ok 870 - OCR duplicates use inclusive smaller-area overlap, confidence then coordinate order
  ---
  duration_ms: 0.205375
  type: 'test'
  ...
# Subtest: OCR filters honor shared admission and cancellation
ok 871 - OCR filters honor shared admission and cancellation
  ---
  duration_ms: 0.590708
  type: 'test'
  ...
# Subtest: native Lanczos4 thumbnail resize and segmented difference match ten independent native cases
ok 872 - native Lanczos4 thumbnail resize and segmented difference match ten independent native cases
  ---
  duration_ms: 483.569292
  type: 'test'
  ...
# Subtest: thumbnail cancellation, consumer failure and admission remove every unpublished store
ok 873 - thumbnail cancellation, consumer failure and admission remove every unpublished store
  ---
  duration_ms: 37.095584
  type: 'test'
  ...
# Subtest: Classic TIFF extended native RGB corpus with precise retained refusals
ok 874 - Classic TIFF extended native RGB corpus with precise retained refusals
  ---
  duration_ms: 476.394792
  type: 'test'
  ...
# Subtest: Mapped TIFF grayscale used by analysis reserves its decoder before starting
ok 875 - Mapped TIFF grayscale used by analysis reserves its decoder before starting
  ---
  duration_ms: 50.885292
  type: 'test'
  ...
# Subtest: classic and BigTIFF late IFDs skip strip/ICC bytes in either byte order
ok 876 - classic and BigTIFF late IFDs skip strip/ICC bytes in either byte order
  ---
  duration_ms: 74.217792
  type: 'test'
  ...
# Subtest: all TIFF/BigTIFF corpus structural values and original offsets agree with contiguous parsing
ok 877 - all TIFF/BigTIFF corpus structural values and original offsets agree with contiguous parsing
  ---
  duration_ms: 251.647542
  type: 'test'
  ...
# Subtest: unsafe BigTIFF fields, truncated IFDs, cycles and cancellation fail without retained reservations
ok 878 - unsafe BigTIFF fields, truncated IFDs, cycles and cancellation fail without retained reservations
  ---
  duration_ms: 17.816625
  type: 'test'
  ...
# Subtest: sparse TIFF follows GPS/thumbnail directories and matches first duplicate-pointer semantics
ok 879 - sparse TIFF follows GPS/thumbnail directories and matches first duplicate-pointer semantics
  ---
  duration_ms: 16.358792
  type: 'test'
  ...
# Subtest: metadata admission refuses large directory trees before staging and remains reusable
ok 880 - metadata admission refuses large directory trees before staging and remains reusable
  ---
  duration_ms: 314.863
  type: 'test'
  ...
# Subtest: BigTIFF sparse addressing preserves an IFD offset beyond uint32 without allocating a full source
ok 881 - BigTIFF sparse addressing preserves an IFD offset beyond uint32 without allocating a full source
  ---
  duration_ms: 2.195959
  type: 'test'
  ...
# Subtest: 22MP TIFF strips and BigTIFF tiles preserve native RGB/hash and never stage whole encoded Blob
ok 882 - 22MP TIFF strips and BigTIFF tiles preserve native RGB/hash and never stage whole encoded Blob
  ---
  duration_ms: 8702.728875
  type: 'test'
  ...
# Subtest: cancelled block load discards unpublished pixels and permits reload
ok 883 - cancelled block load discards unpublished pixels and permits reload
  ---
  duration_ms: 2065.718667
  type: 'test'
  ...
# Subtest: bounded libtiff strips/tiles preserve the classic and BigTIFF native RGB corpus
ok 884 - bounded libtiff strips/tiles preserve the classic and BigTIFF native RGB corpus
  ---
  duration_ms: 758.615333
  type: 'test'
  ...
# Subtest: truncated tile refusal, async read cancellation and oversized block admission stay explicit
ok 885 - truncated tile refusal, async read cancellation and oversized block admission stay explicit
  ---
  duration_ms: 16.367458
  type: 'test'
  ...
# Subtest: TNT rejects a modified architecture and rolls back a refused heap before parameter fetch
ok 886 - TNT rejects a modified architecture and rolls back a refused heap before parameter fetch
  ---
  duration_ms: 4.471958
  type: 'test'
  ...
# Subtest: TNT parameter transport, wrong verified-byte type and cancellation preserve retry and free admission
ok 887 - TNT parameter transport, wrong verified-byte type and cancellation preserve retry and free admission
  ---
  duration_ms: 14.029917
  type: 'test'
  ...
# Subtest: TNT refuses its fixed staging reservation without retaining a partial result
ok 888 - TNT refuses its fixed staging reservation without retaining a partial result
  ---
  duration_ms: 3.859958
  type: 'test'
  ...
# Subtest: TNT linear pool drops admitted worker heaps after initialization failure and can be disposed
ok 889 - TNT linear pool drops admitted worker heaps after initialization failure and can be disposed
  ---
  duration_ms: 1.775125
  type: 'test'
  ...
# Subtest: TNT patch unfolding, padded stride4 convolution and layout are native exact
ok 890 - TNT patch unfolding, padded stride4 convolution and layout are native exact
  ---
  duration_ms: 105.113292
  type: 'test'
  ...
# Subtest: TNT native linear channels remain exact across partition boundaries
ok 891 - TNT native linear channels remain exact across partition boundaries
  ---
  duration_ms: 1585.997958
  type: 'test'
  ...
# Subtest: TNT Welford norms and attention outputs match independent native fixtures
ok 892 - TNT Welford norms and attention outputs match independent native fixtures
  ---
  duration_ms: 336.558125
  type: 'test'
  ...
# Subtest: TNT GELU retains declared finite error and sign of zero; never advertised as bit-exact
ok 893 - TNT GELU retains declared finite error and sign of zero; never advertised as bit-exact
  ---
  duration_ms: 8.8705
  type: 'test'
  ...
# {"maxAbs":1.1920928955078125e-7,"different":8,"elements":16384}
# Subtest: split-value admission bounds padded scores and banks at 96MP geometry
ok 894 - split-value admission bounds padded scores and banks at 96MP geometry
  ---
  duration_ms: 0.9215
  type: 'test'
  ...
# Subtest: original assets, CPU fallback and small key banks retain original query graph
ok 895 - original assets, CPU fallback and small key banks retain original query graph
  ---
  duration_ms: 0.171458
  type: 'test'
  ...
# Subtest: Native TruFor renderer: random
ok 896 - Native TruFor renderer: random
  ---
  duration_ms: 7.110042
  type: 'test'
  ...
# Subtest: Native TruFor renderer: constant
ok 897 - Native TruFor renderer: constant
  ---
  duration_ms: 3.932083
  type: 'test'
  ...
# Subtest: Native TruFor renderer: bins
ok 898 - Native TruFor renderer: bins
  ---
  duration_ms: 4.371042
  type: 'test'
  ...
# Subtest: global radix quantiles exactly match native float32 interpolation including signed values
ok 899 - global radix quantiles exactly match native float32 interpolation including signed values
  ---
  duration_ms: 131.331875
  type: 'test'
  ...
# Subtest: all segmented TruFor views match full rendering at arbitrary source coordinates
ok 900 - all segmented TruFor views match full rendering at arbitrary source coordinates
  ---
  duration_ms: 16.1985
  type: 'test'
  ...
# Subtest: image pooling preserves one global weight normalizer under extreme confidences
ok 901 - image pooling preserves one global weight normalizer under extreme confidences
  ---
  duration_ms: 0.319167
  type: 'test'
  ...
# Subtest: qualification reader checks complete ZIP32 and ZIP64 scientific arrays
ok 902 - qualification reader checks complete ZIP32 and ZIP64 scientific arrays
  ---
  duration_ms: 16.3835
  type: 'test'
  ...
# Subtest: reader rejects a damaged scientific payload and streams the original bytes in order
ok 903 - reader rejects a damaged scientific payload and streams the original bytes in order
  ---
  duration_ms: 6.204208
  type: 'test'
  ...
# Subtest: VIG rejects a modified architecture and rolls back a refused heap before parameter fetch
ok 904 - VIG rejects a modified architecture and rolls back a refused heap before parameter fetch
  ---
  duration_ms: 6.292334
  type: 'test'
  ...
# Subtest: VIG parameter transport, wrong verified-byte type and cancellation preserve retry and free admission
ok 905 - VIG parameter transport, wrong verified-byte type and cancellation preserve retry and free admission
  ---
  duration_ms: 20.049375
  type: 'test'
  ...
# Subtest: VIG refuses its fixed staging reservation without retaining a partial result
ok 906 - VIG refuses its fixed staging reservation without retaining a partial result
  ---
  duration_ms: 5.279917
  type: 'test'
  ...
# Subtest: VIG linear pool drops admitted worker heaps after initialization failure and can be disposed
ok 907 - VIG linear pool drops admitted worker heaps after initialization failure and can be disposed
  ---
  duration_ms: 1.406541
  type: 'test'
  ...
# Subtest: VIG exp and GELU reproduce independent native arithmetic, including signed zero
ok 908 - VIG exp and GELU reproduce independent native arithmetic, including signed zero
  ---
  duration_ms: 92.65025
  type: 'test'
  ...
# Subtest: VIG stem, grouped convolution and FFN preserve arithmetic through irregular job boundaries
ok 909 - VIG stem, grouped convolution and FFN preserve arithmetic through irregular job boundaries
  ---
  duration_ms: 1145.333834
  type: 'test'
  ...
# Subtest: VIG distances, tied TopK, dilation and max-relative packing are native exact
ok 910 - VIG distances, tied TopK, dilation and max-relative packing are native exact
  ---
  duration_ms: 188.74275
  type: 'test'
  ...
# Subtest: bounded WebAssembly keeps instructions while enforcing admitted pages
ok 911 - bounded WebAssembly keeps instructions while enforcing admitted pages
  ---
  duration_ms: 3.348
  type: 'test'
  ...
# Subtest: invalid memory layouts and insufficient admission are explicit
ok 912 - invalid memory layouts and insufficient admission are explicit
  ---
  duration_ms: 0.305
  type: 'test'
  ...
# Subtest: complete-axis strips preserve all 59 native wavelets and all threshold modes
ok 913 - complete-axis strips preserve all 59 native wavelets and all threshold modes
  ---
  duration_ms: 42128.319083
  type: 'test'
  ...
# Subtest: odd reconstruction cropping, zero threshold and cancellation clean temporary planes
ok 914 - odd reconstruction cropping, zero threshold and cancellation clean temporary planes
  ---
  duration_ms: 450.030333
  type: 'test'
  ...
# Subtest: sibling failure settles delayed strip reads before releasing shared admission
ok 915 - sibling failure settles delayed strip reads before releasing shared admission
  ---
  duration_ms: 19.519917
  type: 'test'
  ...
# Subtest: abort terminates busy strip workers and releases workspace
ok 916 - abort terminates busy strip workers and releases workspace
  ---
  duration_ms: 0.986875
  type: 'test'
  ...
# Subtest: a tight-memory local strip gains worker lanes when a peer returns memory mid-stage
ok 917 - a tight-memory local strip gains worker lanes when a peer returns memory mid-stage
  ---
  duration_ms: 4.20125
  type: 'test'
  ...
# Subtest: more free RAM does not bypass a ceiling learned from an actual worker failure
ok 918 - more free RAM does not bypass a ceiling learned from an actual worker failure
  ---
  duration_ms: 5.610292
  type: 'test'
  ...
# Subtest: slower completed useful strips still reduce the learned worker ceiling
ok 919 - slower completed useful strips still reduce the learned worker ceiling
  ---
  duration_ms: 3.614292
  type: 'test'
  ...
# Subtest: 59 wavelets and five thresholds preserve native reconstruction; threshold views reuse immutable coefficients
ok 920 - 59 wavelets and five thresholds preserve native reconstruction; threshold views reuse immutable coefficients
  ---
  duration_ms: 10468.705959
  type: 'test'
  ...
# Subtest: public worker preserves allocation and recovery diagnostics without destroying the session
ok 921 - public worker preserves allocation and recovery diagnostics without destroying the session
  ---
  duration_ms: 3.609
  type: 'test'
  ...
# {"i":0,"grayMax":0.0000457763671875,"normalizedMax":0.0000019073486328125,"stats":{"width":1312,"height":768,"mean":127.53336334228516,"inverseStd":0.0351768359541893,"reads":13,"normalization":"one global InstanceNorm; float64 moment reduction, float32 tensor"}}
# Subtest: XFeat native global preparation 1317x789
ok 922 - XFeat native global preparation 1317x789
  ---
  duration_ms: 53.666375
  type: 'test'
  ...
# {"i":1,"grayMax":0,"normalizedMax":3.5762786865234375e-7,"stats":{"width":128,"height":96,"mean":127.01543426513672,"inverseStd":0.023393873125314713,"reads":2,"normalization":"one global InstanceNorm; float64 moment reduction, float32 tensor"}}
# Subtest: XFeat native global preparation 128x96
ok 923 - XFeat native global preparation 128x96
  ---
  duration_ms: 4.425625
  type: 'test'
  ...
# {"i":2,"grayMax":0.000030517578125,"normalizedMax":0.0000014603137969970703,"stats":{"width":96,"height":128,"mean":126.6103286743164,"inverseStd":0.03513143211603165,"reads":3,"normalization":"one global InstanceNorm; float64 moment reduction, float32 tensor"}}
# Subtest: XFeat native global preparation 97x131
ok 924 - XFeat native global preparation 97x131
  ---
  duration_ms: 3.143917
  type: 'test'
  ...
# Subtest: XFeat preparation releases native allocations after source failure
ok 925 - XFeat preparation releases native allocations after source failure
  ---
  duration_ms: 1.45375
  type: 'test'
  ...
# Subtest: global paged components, significance, native ordering and closing match the 76 native ZERO cases
ok 926 - global paged components, significance, native ordering and closing match the 76 native ZERO cases
  ---
  duration_ms: 7213.915
  type: 'test'
  ...
# Subtest: separate components restore x-major native order and retain edge/halo closing
ok 927 - separate components restore x-major native order and retain edge/halo closing
  ---
  duration_ms: 81.915333
  type: 'test'
  ...
# Subtest: region refusal and consumer failure release all unpublished stores
ok 928 - region refusal and consumer failure release all unpublished stores
  ---
  duration_ms: 43.479458
  type: 'test'
  ...
# Subtest: native ZERO luminance/votes and global significance survive row halos, phases and compact storage
ok 929 - native ZERO luminance/votes and global significance survive row halos, phases and compact storage
  ---
  duration_ms: 4565.164791
  type: 'test'
  ...
# Subtest: JPEG99 global4:4:4 matches every native companion and remains distinct from4:2:0 cache entries
ok 930 - JPEG99 global4:4:4 matches every native companion and remains distinct from4:2:0 cache entries
  ---
  duration_ms: 3955.242708
  type: 'test'
  ...
# Subtest: global vote ties follow native x-major arrival, not numeric grid order
ok 931 - global vote ties follow native x-major arrival, not numeric grid order
  ---
  duration_ms: 0.396417
  type: 'test'
  ...
# Subtest: ZERO staged memory refusal and cancellation remove unpublished planes and keep the source usable
ok 932 - ZERO staged memory refusal and cancellation remove unpublished planes and keep the source usable
  ---
  duration_ms: 60.424625
  type: 'test'
  ...
# Subtest: ZERO votes, detected/regularized masks and five views match native; significance preserves every decision
ok 933 - ZERO votes, detected/regularized masks and five views match native; significance preserves every decision
  ---
  duration_ms: 3429.827375
  type: 'test'
  ...
# Subtest: ZERO original-order CPU override agrees with the optimized threshold filter on a native positive case
ok 934 - ZERO original-order CPU override agrees with the optimized threshold filter on a native positive case
  ---
  duration_ms: 2389.443708
  type: 'test'
  ...
# Subtest: ZERO significance retains native threshold decisions on 413 boundary samples
ok 935 - ZERO significance retains native threshold decisions on 413 boundary samples
  ---
  duration_ms: 8.15875
  type: 'test'
  ...
# Subtest: ZERO refuses an excessive working set before allocation and leaves a constrained engine usable
ok 936 - ZERO refuses an excessive working set before allocation and leaves a constrained engine usable
  ---
  duration_ms: 3.840584
  type: 'test'
  ...
# Subtest: Compact RGB8 luminance conversion matches the native rounding of all 16,777,216 colors
ok 937 - Compact RGB8 luminance conversion matches the native rounding of all 16,777,216 colors
  ---
  duration_ms: 537.934292
  type: 'test'
  ...
1..937
# tests 937
# suites 0
# pass 933
# fail 0
# cancelled 0
# skipped 4
# todo 0
# duration_ms 244621.855709
