TAP version 13
# Subtest: Immediate concurrency uses the highest admitted capacity, evicts only cache and counts no preflight work
ok 1 - Immediate concurrency uses the highest admitted capacity, evicts only cache and counts no preflight work
  ---
  duration_ms: 1.043416
  type: 'test'
  ...
# Subtest: Concurrency decreases from actual slow work or resource failure and recovers from actual successful work
ok 2 - Concurrency decreases from actual slow work or resource failure and recovers from actual successful work
  ---
  duration_ms: 0.23
  type: 'test'
  ...
# Subtest: Large browser memory hints are not capped at an arbitrary global four GiB
ok 3 - Large browser memory hints are not capped at an arbitrary global four GiB
  ---
  duration_ms: 0.285
  type: 'test'
  ...
# Subtest: useful observations preserve decisions for other operation shapes and remain bounded
ok 4 - useful observations preserve decisions for other operation shapes and remain bounded
  ---
  duration_ms: 0.208166
  type: 'test'
  ...
# Subtest: Adjustment prefix caches skip source/local/global work for Otsu, fixed thresholds and inversion
ok 5 - Adjustment prefix caches skip source/local/global work for Otsu, fixed thresholds and inversion
  ---
  duration_ms: 619.42625
  type: 'test'
  ...
# Subtest: Adjustment cache is complete, private and evictable; cancelling cached or cold passes cleans partial output
ok 6 - Adjustment cache is complete, private and evictable; cancelling cached or cold passes cleans partial output
  ---
  duration_ms: 132.353334
  type: 'test'
  ...
# Subtest: Adjustment admits only useful workers and owned windows; all equalization modes and global histograms remain exact
ok 7 - Adjustment admits only useful workers and owned windows; all equalization modes and global histograms remain exact
  ---
  duration_ms: 1212.974583
  type: 'test'
  ...
# Subtest: Adjustment retries only resource failures once and cancels before releasing windows/stores
ok 8 - Adjustment retries only resource failures once and cancels before releasing windows/stores
  ---
  duration_ms: 383.829
  type: 'test'
  ...
# Subtest: AKAZE complete native PNG/mask and original JPEG/TIFF pipelines are exact
ok 9 - AKAZE complete native PNG/mask and original JPEG/TIFF pipelines are exact
  ---
  duration_ms: 45304.7705
  type: 'test'
  ...
# Subtest: AKAZE cache identity, explicit detector choice, owned outputs, budget and cancellation
ok 10 - AKAZE cache identity, explicit detector choice, owned outputs, budget and cancellation
  ---
  duration_ms: 5786.157791
  type: 'test'
  ...
# Subtest: ALIKED support rows preserve native preparation 131x97
ok 11 - ALIKED support rows preserve native preparation 131x97
  ---
  duration_ms: 231.815459
  type: 'test'
  ...
# Subtest: ALIKED support rows preserve native preparation 1537x1031
ok 12 - ALIKED support rows preserve native preparation 1537x1031
  ---
  duration_ms: 521.865625
  type: 'test'
  ...
# Subtest: ALIKED support rows preserve native preparation 1024x1024
ok 13 - ALIKED support rows preserve native preparation 1024x1024
  ---
  duration_ms: 377.467667
  type: 'test'
  ...
# Subtest: ALIKED support rows preserve native preparation 37x113
ok 14 - ALIKED support rows preserve native preparation 37x113
  ---
  duration_ms: 184.267708
  type: 'test'
  ...
# Subtest: ALIKED support rows preserve native preparation 2049x79
ok 15 - ALIKED support rows preserve native preparation 2049x79
  ---
  duration_ms: 39.601208
  type: 'test'
  ...
# Subtest: ALIKED row read failure and second admission failure release all working memory
ok 16 - ALIKED row read failure and second admission failure release all working memory
  ---
  duration_ms: 2.675041
  type: 'test'
  ...
# Subtest: ArrayBuffer refusal retires the optional backing before idle Wasm credit and waits for ownership ACK
ok 17 - ArrayBuffer refusal retires the optional backing before idle Wasm credit and waits for ownership ACK
  ---
  duration_ms: 8.138541
  type: 'test'
  ...
# Subtest: cold owners of the same backing domain precede unrelated accounting reclamation
ok 18 - cold owners of the same backing domain precede unrelated accounting reclamation
  ---
  duration_ms: 0.267958
  type: 'test'
  ...
# Subtest: logical MEMORY_LIMIT keeps ordinary admission reclamation and preserves optional cache
ok 19 - logical MEMORY_LIMIT keeps ordinary admission reclamation and preserves optional cache
  ---
  duration_ms: 0.386666
  type: 'test'
  ...
# Subtest: allocation kind is explicit and GPU or Wasm faults are never tagged as ArrayBuffer pressure
ok 20 - allocation kind is explicit and GPU or Wasm faults are never tagged as ArrayBuffer pressure
  ---
  duration_ms: 0.259959
  type: 'test'
  ...
# Subtest: cancellation during ownership retirement never publishes premature backing credit or retries useful allocation
ok 21 - cancellation during ownership retirement never publishes premature backing credit or retries useful allocation
  ---
  duration_ms: 0.604041
  type: 'test'
  ...
# Subtest: serialized allocation reclaims report their own domain and ownership result
ok 22 - serialized allocation reclaims report their own domain and ownership result
  ---
  duration_ms: 0.278834
  type: 'test'
  ...
# Subtest: Whole-image scope cancels detection, clears exclusions and rejects all old generations; automatic mode can return
ok 23 - Whole-image scope cancels detection, clears exclusions and rejects all old generations; automatic mode can return
  ---
  duration_ms: 2.22375
  type: 'test'
  ...
# Subtest: Empty or failed detection does not silently run whole-image branches; unavailable adapters remain explicit
ok 24 - Empty or failed detection does not silently run whole-image branches; unavailable adapters remain explicit
  ---
  duration_ms: 0.592209
  type: 'test'
  ...
# Subtest: Cancellation and disposal suppress late errors as well as progress/results
ok 25 - Cancellation and disposal suppress late errors as well as progress/results
  ---
  duration_ms: 0.158875
  type: 'test'
  ...
# Subtest: A scope action dispatched synchronously by a UI event cannot reuse the previous generation
ok 26 - A scope action dispatched synchronously by a UI event cannot reuse the previous generation
  ---
  duration_ms: 0.152042
  type: 'test'
  ...
# Subtest: segmented palette, morphology, global components and borders match all 144 native panel cases
ok 27 - segmented palette, morphology, global components and borders match all 144 native panel cases
  ---
  duration_ms: 15239.837125
  type: 'test'
  ...
# Subtest: panel cancellation in sampling/growing and consumer failure leave no temporary results
ok 28 - panel cancellation in sampling/growing and consumer failure leave no temporary results
  ---
  duration_ms: 621.450584
  type: 'test'
  ...
# Subtest: Panel polygons equal the native original-byte oracle across palette, morphology, geometry and codec boundaries
ok 29 - Panel polygons equal the native original-byte oracle across palette, morphology, geometry and codec boundaries
  ---
  duration_ms: 2544.357625
  type: 'test'
  ...
# Subtest: Detector checks initial admission and admits cancellation events during useful flat and coloured work
ok 30 - Detector checks initial admission and admits cancellation events during useful flat and coloured work
  ---
  duration_ms: 19.313542
  type: 'test'
  ...
# Subtest: Original PNG/JPEG/TIFF decode, original-byte provenance, polygons, half-open bounds and JSON are exact
ok 31 - Original PNG/JPEG/TIFF decode, original-byte provenance, polygons, half-open bounds and JSON are exact
  ---
  duration_ms: 6444.597209
  type: 'test'
  ...
# Subtest: Owned cache, resource refusals, cancelled useful work and actual scope detector adapter preserve explicit boundaries
ok 32 - Owned cache, resource refusals, cancelled useful work and actual scope detector adapter preserve explicit boundaries
  ---
  duration_ms: 801.839375
  type: 'test'
  ...
# Subtest: native half-open boxes and blackened crops preserve original RGB
ok 33 - native half-open boxes and blackened crops preserve original RGB
  ---
  duration_ms: 26.924625
  type: 'test'
  ...
# Subtest: D2PRL receives only native rectangles and output exclusions; disabled jobs have no request
ok 34 - D2PRL receives only native rectangles and output exclusions; disabled jobs have no request
  ---
  duration_ms: 0.780708
  type: 'test'
  ...
# Subtest: real analyzer boundary releases crops and partial outputs on failure, cancellation and invalid result
ok 35 - real analyzer boundary releases crops and partial outputs on failure, cancellation and invalid result
  ---
  duration_ms: 8.404417
  type: 'test'
  ...
# Subtest: AI archive preserves native mask/role types and ordered raw D2PRL grids across chunks
ok 36 - AI archive preserves native mask/role types and ordered raw D2PRL grids across chunks
  ---
  duration_ms: 147.40975
  type: 'test'
  ...
# Subtest: AI snapshots reject mixed analyses, reordered grids, missing data and lossy role conversion
ok 37 - AI snapshots reject mixed analyses, reordered grids, missing data and lossy role conversion
  ---
  duration_ms: 56.480333
  type: 'test'
  ...
# Subtest: segmented D2PRL snapshot exports the same complete scientific archive and rejects mixed layouts
ok 38 - segmented D2PRL snapshot exports the same complete scientific archive and rejects mixed layouts
  ---
  duration_ms: 208.458291
  type: 'test'
  ...
# Subtest: native panel fallback, ordered identity, disabled zones and four real submissions
ok 39 - native panel fallback, ordered identity, disabled zones and four real submissions
  ---
  duration_ms: 4.50475
  type: 'test'
  ...
# Subtest: complete analysis adds only ELA; M3/M4 receive independent native settings
ok 40 - complete analysis adds only ELA; M3/M4 receive independent native settings
  ---
  duration_ms: 0.208167
  type: 'test'
  ...
# Subtest: selection and plan own coordinates; empty manual selection never becomes whole-image
ok 41 - selection and plan own coordinates; empty manual selection never becomes whole-image
  ---
  duration_ms: 0.482583
  type: 'test'
  ...
# Subtest: a provider resumes on admission credit while the producer still owns live work
ok 42 - a provider resumes on admission credit while the producer still owns live work
  ---
  duration_ms: 9.889375
  type: 'test'
  ...
# Subtest: memory retry resumes after a peer releases its workspace while the long group still runs
ok 43 - memory retry resumes after a peer releases its workspace while the long group still runs
  ---
  duration_ms: 28.269292
  type: 'test'
  ...
# Subtest: persistent memory failure waits for peers and stops after five comparable failures even when alone
ok 44 - persistent memory failure waits for peers and stops after five comparable failures even when alone
  ---
  duration_ms: 267.277458
  type: 'test'
  ...
# Subtest: real allocation failure waits for a peer and retains already completed scientific results
ok 45 - real allocation failure waits for a peer and retains already completed scientific results
  ---
  duration_ms: 31.244
  type: 'test'
  ...
# Subtest: persistent allocator refusal stops after bounded peer-settlement retries and preserves its cause
ok 46 - persistent allocator refusal stops after bounded peer-settlement retries and preserves its cause
  ---
  duration_ms: 256.636125
  type: 'test'
  ...
# Subtest: useful parallel admission retries only failed groups; independent view caches retain owned frames
ok 47 - useful parallel admission retries only failed groups; independent view caches retain owned frames
  ---
  duration_ms: 32.464208
  type: 'test'
  ...
# Subtest: cancel retains completed groups and disposes late provider results; partial inspection remains available
ok 48 - cancel retains completed groups and disposes late provider results; partial inspection remains available
  ---
  duration_ms: 2.980208
  type: 'test'
  ...
# Subtest: disabled selections invoke no providers; missing engines stay explicit failures
ok 49 - disabled selections invoke no providers; missing engines stay explicit failures
  ---
  duration_ms: 0.964875
  type: 'test'
  ...
# Subtest: disposing during an asynchronous entry preparation disposes its late owner
ok 50 - disposing during an asynchronous entry preparation disposes its late owner
  ---
  duration_ms: 0.654083
  type: 'test'
  ...
# Subtest: real selected ELA composition stays alive through cached frames and session disposal
ok 51 - real selected ELA composition stays alive through cached frames and session disposal
  ---
  duration_ms: 229.028583
  type: 'test'
  ...
# Subtest: scientific snapshot holds raw and prepared owners and excludes concurrent refilters
ok 52 - scientific snapshot holds raw and prepared owners and excludes concurrent refilters
  ---
  duration_ms: 1.158791
  type: 'test'
  ...
# Subtest: disposal cancels the snapshot consumer and waits for all of its owners
ok 53 - disposal cancels the snapshot consumer and waits for all of its owners
  ---
  duration_ms: 0.567375
  type: 'test'
  ...
# Subtest: completed raw planes release RAM under pressure without rerunning their provider or losing export ownership
ok 54 - completed raw planes release RAM under pressure without rerunning their provider or losing export ownership
  ---
  duration_ms: 2.804708
  type: 'test'
  ...
# Subtest: a lone raw allocator failure resumes at full configured capacity and preserves its output
ok 55 - a lone raw allocator failure resumes at full configured capacity and preserves its output
  ---
  duration_ms: 28.190041
  type: 'test'
  ...
# Subtest: more than five successive incidents with committed high-water progress can finish without a lifetime cap
ok 56 - more than five successive incidents with committed high-water progress can finish without a lifetime cap
  ---
  duration_ms: 207.502625
  type: 'test'
  ...
# Subtest: replayed provider progress does not evade the five-failure guard and keeps original diagnostics
ok 57 - replayed provider progress does not evade the five-failure guard and keeps original diagnostics
  ---
  duration_ms: 256.260916
  type: 'test'
  ...
# Subtest: an exhausted inner recovery loop is terminal to the session instead of five fresh provider starts
ok 58 - an exhausted inner recovery loop is terminal to the session instead of five fresh provider starts
  ---
  duration_ms: 0.987417
  type: 'test'
  ...
# Subtest: recovery does not lower admission of other useful providers or replay their completed results
ok 59 - recovery does not lower admission of other useful providers or replay their completed results
  ---
  duration_ms: 26.973167
  type: 'test'
  ...
# Subtest: cancelling a recovery delay releases pressure and never launches the next attempt
ok 60 - cancelling a recovery delay releases pressure and never launches the next attempt
  ---
  duration_ms: 0.5575
  type: 'test'
  ...
# Subtest: entry preparation retries preserve scientific raw and the previous display owner until successful replacement
ok 61 - entry preparation retries preserve scientific raw and the previous display owner until successful replacement
  ---
  duration_ms: 27.168458
  type: 'test'
  ...
# Subtest: a reclaimer allocation failure stays within the same five-failure guard without replaying the provider
ok 62 - a reclaimer allocation failure stays within the same five-failure guard without replaying the provider
  ---
  duration_ms: 0.8905
  type: 'test'
  ...
# Subtest: unrelated provider defects are terminal immediately with their original stack preserved
ok 63 - unrelated provider defects are terminal immediately with their original stack preserved
  ---
  duration_ms: 0.282708
  type: 'test'
  ...
# Subtest: a suspended provider resumes on backing retirement while an admitted peer continues
ok 64 - a suspended provider resumes on backing retirement while an admitted peer continues
  ---
  duration_ms: 4.328333
  type: 'test'
  ...
# Subtest: a provider ignores peer publication until its allocation domain actually retires backing
ok 65 - a provider ignores peer publication until its allocation domain actually retires backing
  ---
  duration_ms: 2.813875
  type: 'test'
  ...
# Subtest: matching domain retirement does not reset an unresolved provider five-failure streak
ok 66 - matching domain retirement does not reset an unresolved provider five-failure streak
  ---
  duration_ms: 7.014542
  type: 'test'
  ...
# Subtest: explicit resume preserves completed groups and stable checkpoint identities after the terminal guard
ok 67 - explicit resume preserves completed groups and stable checkpoint identities after the terminal guard
  ---
  duration_ms: 255.921333
  type: 'test'
  ...
# Subtest: nested recovery attempts remain visible independently from group attempts
ok 68 - nested recovery attempts remain visible independently from group attempts
  ---
  duration_ms: 0.321708
  type: 'test'
  ...
# Subtest: public integration facade preserves explicit missing engines and caller-owned source
ok 69 - public integration facade preserves explicit missing engines and caller-owned source
  ---
  duration_ms: 50.927916
  type: 'test'
  ...
# Subtest: all-disabled complete selection allocates no ELA provider or fallback analysis
ok 70 - all-disabled complete selection allocates no ELA provider or fallback analysis
  ---
  duration_ms: 1.3405
  type: 'test'
  ...
# (node:5373) ExperimentalWarning: Module mocking is an experimental feature and might change at any time
# (Use `node --trace-warnings ...` to show where the warning was created)
# Subtest: public cancellation preserves real session checkpoints until explicit resume or destruction
    # Subtest: before-first
    ok 1 - before-first
      ---
      duration_ms: 8.005167
      type: 'test'
      ...
    # Subtest: after-done
    ok 2 - after-done
      ---
      duration_ms: 2.589167
      type: 'test'
      ...
    # Subtest: frame-prepare
    ok 3 - frame-prepare
      ---
      duration_ms: 1.239584
      type: 'test'
      ...
    # Subtest: frame-owned
    ok 4 - frame-owned
      ---
      duration_ms: 1.348417
      type: 'test'
      ...
    # Subtest: frame-release
    ok 5 - frame-release
      ---
      duration_ms: 1.195958
      type: 'test'
      ...
    # Subtest: explicit dispose during a useful run drains and destroys its checkpoint
    ok 6 - explicit dispose during a useful run drains and destroys its checkpoint
      ---
      duration_ms: 1.589875
      type: 'test'
      ...
    # Subtest: new scope explicitly replaces a cancelled analysis and releases old checkpoints
    ok 7 - new scope explicitly replaces a cancelled analysis and releases old checkpoints
      ---
      duration_ms: 1.41525
      type: 'test'
      ...
    # Subtest: already cancelled calls create no analysis or checkpoint
    ok 8 - already cancelled calls create no analysis or checkpoint
      ---
      duration_ms: 2.765167
      type: 'test'
      ...
    1..8
ok 71 - public cancellation preserves real session checkpoints until explicit resume or destruction
  ---
  duration_ms: 157.3505
  type: 'test'
  ...
# Subtest: complete native cell/Ghost/background and energy selections preserve global references
ok 72 - complete native cell/Ghost/background and energy selections preserve global references
  ---
  duration_ms: 1082.552042
  type: 'test'
  ...
# Subtest: selection/segmentation cancellation, consumer errors and invalid parameters release partial state
ok 73 - selection/segmentation cancellation, consumer errors and invalid parameters release partial state
  ---
  duration_ms: 77.120959
  type: 'test'
  ...
# Subtest: global automatic archive adds native method/context counts, deduplicated pairs and exact mask/cell arrays
ok 74 - global automatic archive adds native method/context counts, deduplicated pairs and exact mask/cell arrays
  ---
  duration_ms: 93.476417
  type: 'test'
  ...
# Subtest: corroboration-stage abort, output-stage abort and metadata failures clean all owned scratch data
ok 75 - corroboration-stage abort, output-stage abort and metadata failures clean all owned scratch data
  ---
  duration_ms: 150.503083
  type: 'test'
  ...
# Subtest: export admission reports its full scratch envelope without leaving a partial reservation
ok 76 - export admission reports its full scratch envelope without leaving a partial reservation
  ---
  duration_ms: 0.294916
  type: 'test'
  ...
# Subtest: translated M2 source crops preserve native black exclusions and borrowed source
ok 77 - translated M2 source crops preserve native black exclusions and borrowed source
  ---
  duration_ms: 26.582291
  type: 'test'
  ...
# Subtest: global segmented AI fields, analyzed exclusions and NPZ match contiguous assembly across overlapping zones
ok 78 - global segmented AI fields, analyzed exclusions and NPZ match contiguous assembly across overlapping zones
  ---
  duration_ms: 61.835
  type: 'test'
  ...
# Subtest: paged automatic source failures and cancellation leave no output/window leases
ok 79 - paged automatic source failures and cancellation leave no output/window leases
  ---
  duration_ms: 11.644458
  type: 'test'
  ...
# (node:5385) ExperimentalWarning: Module mocking is an experimental feature and might change at any time
# (Use `node --trace-warnings ...` to show where the warning was created)
# Subtest: presentation allocation and storage failures preserve committed detector owners for update and export
ok 80 - presentation allocation and storage failures preserve committed detector owners for update and export
  ---
  duration_ms: 107.188084
  type: 'test'
  ...
# Subtest: native automatic snapshot recursively exports all dtypes, shapes and Python scientific scalars
ok 81 - native automatic snapshot recursively exports all dtypes, shapes and Python scientific scalars
  ---
  duration_ms: 95.338291
  type: 'test'
  ...
# Subtest: invalid snapshots, path collisions, boolean payloads and cancellation cannot publish partial archives
ok 82 - invalid snapshots, path collisions, boolean payloads and cancellation cannot publish partial archives
  ---
  duration_ms: 32.855791
  type: 'test'
  ...
# Subtest: native BGR byte view preserves partial-pixel windows, exact source hash and source immutability
ok 83 - native BGR byte view preserves partial-pixel windows, exact source hash and source immutability
  ---
  duration_ms: 48.642459
  type: 'test'
  ...
# Subtest: classical snapshots retain native array types, int64 biome indices and full dense fields
ok 84 - classical snapshots retain native array types, int64 biome indices and full dense fields
  ---
  duration_ms: 94.522167
  type: 'test'
  ...
# Subtest: classical snapshot rejects ambiguous arrays and preserves empty native matrices
ok 85 - classical snapshot rejects ambiguous arrays and preserves empty native matrices
  ---
  duration_ms: 11.817875
  type: 'test'
  ...
# Subtest: paged dense fields export every native byte and reject unmarked or truncated stores
ok 86 - paged dense fields export every native byte and reject unmarked or truncated stores
  ---
  duration_ms: 135.218208
  type: 'test'
  ...
# Subtest: public complete analysis preserves all-disabled scope, cached identity, explicit views and independent export lifetime
ok 87 - public complete analysis preserves all-disabled scope, cached identity, explicit views and independent export lifetime
  ---
  duration_ms: 62.571708
  type: 'test'
  ...
# Subtest: invalid automatic configuration and early cancellation never leak or fabricate completed detectors
ok 88 - invalid automatic configuration and early cancellation never leak or fabricate completed detectors
  ---
  duration_ms: 2.468583
  type: 'test'
  ...
# Subtest: partial automatic archive records unavailable engines and real original BGR identity without fabricating results
ok 89 - partial automatic archive records unavailable engines and real original BGR identity without fabricating results
  ---
  duration_ms: 38.660916
  type: 'test'
  ...
# Subtest: export refuses inconsistent view filters and cleans snapshot owners after missing source
ok 90 - export refuses inconsistent view filters and cleans snapshot owners after missing source
  ---
  duration_ms: 1.4175
  type: 'test'
  ...
# Subtest: automatic sparse adapter forwards lazy source storage and leaves borrowed session ownership with the source
ok 91 - automatic sparse adapter forwards lazy source storage and leaves borrowed session ownership with the source
  ---
  duration_ms: 14.404625
  type: 'test'
  ...
# Subtest: automatic SIFT consumes bounded source rows and windows without retaining full RGB
ok 92 - automatic SIFT consumes bounded source rows and windows without retaining full RGB
  ---
  duration_ms: 261.7535
  type: 'test'
  ...
# Subtest: complete display selections match actual native widget methods
ok 93 - complete display selections match actual native widget methods
  ---
  duration_ms: 1.904625
  type: 'test'
  ...
# Subtest: view and export share global source/branch/family controls and restore per-tab presentation
ok 94 - view and export share global source/branch/family controls and restore per-tab presentation
  ---
  duration_ms: 1.08025
  type: 'test'
  ...
# Subtest: BigTIFF native RGB/grayscale, first frame, byte order and mapped tiles
ok 95 - BigTIFF native RGB/grayscale, first frame, byte order and mapped tiles
  ---
  duration_ms: 159.231458
  type: 'test'
  ...
# Subtest: BigTIFF keeps non-safe scalar integers exact and refuses unsafe offsets/counts
ok 96 - BigTIFF keeps non-safe scalar integers exact and refuses unsafe offsets/counts
  ---
  duration_ms: 2.169666
  type: 'test'
  ...
# Subtest: original grayscale db8 axes, medians and rendered maps match native across orientation and block sizes
ok 97 - original grayscale db8 axes, medians and rendered maps match native across orientation and block sizes
  ---
  duration_ms: 800.398708
  type: 'test'
  ...
# Subtest: fallback loaded grayscale and cancellation retain global boundaries and clean stores
ok 98 - fallback loaded grayscale and cancellation retain global boundaries and clean stores
  ---
  duration_ms: 842.728917
  type: 'test'
  ...
# Subtest: Wavelet blocking preserves original-file grayscale, exact 1094 noise maps/displays and cache ownership
ok 99 - Wavelet blocking preserves original-file grayscale, exact 1094 noise maps/displays and cache ownership
  ---
  duration_ms: 5018.227917
  type: 'test'
  ...
# Subtest: recovery tokens are concurrent, reentrant, idempotent, and leave the policy budget unchanged
ok 100 - recovery tokens are concurrent, reentrant, idempotent, and leave the policy budget unchanged
  ---
  duration_ms: 3.824292
  type: 'test'
  ...
# Subtest: a cancelled asynchronous reclaim releases its recovery token in finally
ok 101 - a cancelled asynchronous reclaim releases its recovery token in finally
  ---
  duration_ms: 0.599833
  type: 'test'
  ...
# Subtest: shared pages remain readable while concurrent recovery protects reclaimed RAM for a useful retry
ok 102 - shared pages remain readable while concurrent recovery protects reclaimed RAM for a useful retry
  ---
  duration_ms: 31.7375
  type: 'test'
  ...
# Subtest: new optional cache metadata is deferred during recovery and a later reader can connect
ok 103 - new optional cache metadata is deferred during recovery and a later reader can connect
  ---
  duration_ms: 1.049458
  type: 'test'
  ...
# Subtest: mutable byte pages flush eviction, preserve prepared windows, and have synchronous hits
ok 104 - mutable byte pages flush eviction, preserve prepared windows, and have synchronous hits
  ---
  duration_ms: 2.946458
  type: 'test'
  ...
# Subtest: page I/O errors, abort, and refusal release the bounded cache
ok 105 - page I/O errors, abort, and refusal release the bounded cache
  ---
  duration_ms: 0.335125
  type: 'test'
  ...
# Subtest: bounded official SDK and native state policy match current c2patool offline cases
ok 106 - bounded official SDK and native state policy match current c2patool offline cases
  ---
  duration_ms: 184.471541
  type: 'test'
  ...
# Subtest: trust configuration admits inline PEM only; unknown and failure remain distinct
ok 107 - trust configuration admits inline PEM only; unknown and failure remain distinct
  ---
  duration_ms: 0.507416
  type: 'test'
  ...
# Subtest: cache transfer pins the same owner without reporting retired backing
ok 108 - cache transfer pins the same owner without reporting retired backing
  ---
  duration_ms: 1.021959
  type: 'test'
  ...
# Subtest: cache eviction, rejected insertion and replacement each settle their owner once
ok 109 - cache eviction, rejected insertion and replacement each settle their owner once
  ---
  duration_ms: 0.880208
  type: 'test'
  ...
# Subtest: Candidate radix sorting stays exact beyond a uint32 image key in both RAM and bounded external paths
ok 110 - Candidate radix sorting stays exact beyond a uint32 image key in both RAM and bounded external paths
  ---
  duration_ms: 77.321916
  type: 'test'
  ...
# Subtest: External sort cancellation disposes its extra arrays and leaves input ownership with the caller
ok 111 - External sort cancellation disposes its extra arrays and leaves input ownership with the caller
  ---
  duration_ms: 3.5655
  type: 'test'
  ...
# Subtest: CSV pages handle empty tables and release reservations on cancellation or failed reads
ok 112 - CSV pages handle empty tables and release reservations on cancellation or failed reads
  ---
  duration_ms: 0.385959
  type: 'test'
  ...
# Subtest: CAT-Net crops stored padding before all eight native EXIF orientations
ok 113 - CAT-Net crops stored padding before all eight native EXIF orientations
  ---
  duration_ms: 4.167209
  type: 'test'
  ...
# Subtest: segmented CAT-Net cropping/orientation equals dense mapping across internal tiles
ok 114 - segmented CAT-Net cropping/orientation equals dense mapping across internal tiles
  ---
  duration_ms: 147.704
  type: 'test'
  ...
# Subtest: native annotations and pair ownership before hull construction
ok 115 - native annotations and pair ownership before hull construction
  ---
  duration_ms: 2.73675
  type: 'test'
  ...
# Subtest: uint32 method/context counts and holes match native through stripe boundaries
ok 116 - uint32 method/context counts and holes match native through stripe boundaries
  ---
  duration_ms: 1768.485875
  type: 'test'
  ...
# Subtest: D2PRL votes once across arbitrary pass contexts; counts do not saturate at display six
ok 117 - D2PRL votes once across arbitrary pass contexts; counts do not saturate at display six
  ---
  duration_ms: 407.806041
  type: 'test'
  ...
# Subtest: almost identical endpoint pairs deduplicate only presentation, retaining AI separately
ok 118 - almost identical endpoint pairs deduplicate only presentation, retaining AI separately
  ---
  duration_ms: 17.291708
  type: 'test'
  ...
# Subtest: relation filtering affects classical layers only and ELA never enters corroboration
ok 119 - relation filtering affects classical layers only and ELA never enters corroboration
  ---
  duration_ms: 0.350959
  type: 'test'
  ...
# Subtest: cancellation and consumer failures release stripe workspaces and guard reentrance
ok 120 - cancellation and consumer failures release stripe workspaces and guard reentrance
  ---
  duration_ms: 42.480416
  type: 'test'
  ...
# Subtest: tab/mode preferences restore ELA and relations without scheduling inference
ok 121 - tab/mode preferences restore ELA and relations without scheduling inference
  ---
  duration_ms: 2.41675
  type: 'test'
  ...
# Subtest: native float32 hulls, Python JSON stable ids and BGR colors
ok 122 - native float32 hulls, Python JSON stable ids and BGR colors
  ---
  duration_ms: 68.192084
  type: 'test'
  ...
# Subtest: native D2PRL exact masks, holes, external contours, component order and stable identities
ok 123 - native D2PRL exact masks, holes, external contours, component order and stable identities
  ---
  duration_ms: 1155.428125
  type: 'test'
  ...
# Subtest: native Forgeryscope filtering, display polygons, duplicate identities and source offsets
ok 124 - native Forgeryscope filtering, display polygons, duplicate identities and source offsets
  ---
  duration_ms: 68.088834
  type: 'test'
  ...
# Subtest: D2PRL threshold changes require real cached-grid refilter, with cleanup on cancellation
ok 125 - D2PRL threshold changes require real cached-grid refilter, with cleanup on cancellation
  ---
  duration_ms: 437.19
  type: 'test'
  ...
# Subtest: ORB32 and AKAZE61 Hamming include the final byte and preserve native tie order across batches
ok 126 - ORB32 and AKAZE61 Hamming include the final byte and preserve native tie order across batches
  ---
  duration_ms: 119.420583
  type: 'test'
  ...
# Subtest: AKAZE selection keeps all 61 descriptor bytes and refuses mismatched strides
ok 127 - AKAZE selection keeps all 61 descriptor bytes and refuses mismatched strides
  ---
  duration_ms: 2.339167
  type: 'test'
  ...
# Subtest: endpoint index preserves every native geometry row, duplicate rule and order
ok 128 - endpoint index preserves every native geometry row, duplicate rule and order
  ---
  duration_ms: 254.570625
  type: 'test'
  ...
# Subtest: endpoint index matches direct predicates around cell/norm boundaries and reversed pairs
ok 129 - endpoint index matches direct predicates around cell/norm boundaries and reversed pairs
  ---
  duration_ms: 161.618042
  type: 'test'
  ...
# {"rows":100000,"outputIndices":199900,"metrics":{"cloningGroupWorkers":1,"cloningGroupCandidateRows":149800,"cloningGroupAllPairRows":4999950000},"workspacePeakBytes":64861424,"borrowedInputBytes":13600000}
# Subtest: 100000 historical correspondences retain all ordered local groups without a quadratic scan
ok 130 - 100000 historical correspondences retain all ordered local groups without a quadratic scan
  ---
  duration_ms: 589.687292
  type: 'test'
  ...
# Subtest: ORB native arithmetic primitives and reference identities
ok 131 - ORB native arithmetic primitives and reference identities
  ---
  duration_ms: 231.973625
  type: 'test'
  ...
# Subtest: ORB PNG, binary-mask, geometry and rendering pipelines match native
ok 132 - ORB PNG, binary-mask, geometry and rendering pipelines match native
  ---
  duration_ms: 78847.574208
  type: 'test'
  ...
# Subtest: ORB caches, owned results, mask invalidation, admission and cancellation
ok 133 - ORB caches, owned results, mask invalidation, admission and cancellation
  ---
  duration_ms: 342.765833
  type: 'test'
  ...
# Subtest: ORB geometry resource retry preserves native groups and monotonic progress
ok 134 - ORB geometry resource retry preserves native groups and monotonic progress
  ---
  duration_ms: 2.21575
  type: 'test'
  ...
# Subtest: Backbone rejects invalid structure before admission and rolls back partial helper setup
ok 135 - Backbone rejects invalid structure before admission and rolls back partial helper setup
  ---
  duration_ms: 10.832292
  type: 'test'
  ...
# Subtest: Backbone read failure and malformed verified bytes release temporary input leases and permit retry
ok 136 - Backbone read failure and malformed verified bytes release temporary input leases and permit retry
  ---
  duration_ms: 12.598709
  type: 'test'
  ...
# Subtest: Backbone cancellation during parameter fetch frees borrowed input and read reservations
ok 137 - Backbone cancellation during parameter fetch frees borrowed input and read reservations
  ---
  duration_ms: 4.197708
  type: 'test'
  ...
# Subtest: The staged postprocessor admits every supported largest tile within a real32MiB heap ceiling
ok 138 - The staged postprocessor admits every supported largest tile within a real32MiB heap ceiling
  ---
  duration_ms: 22.4925
  type: 'test'
  ...
# Subtest: Hybrid refuses geometry, pre-abort and missing worker headroom before creating a worker or GPU
ok 139 - Hybrid refuses geometry, pre-abort and missing worker headroom before creating a worker or GPU
  ---
  duration_ms: 5.0065
  type: 'test'
  ...
# Subtest: Resident correlation constructor releases every buffer and reservation when bind group construction fails
ok 140 - Resident correlation constructor releases every buffer and reservation when bind group construction fails
  ---
  duration_ms: 3.341
  type: 'test'
  ...
# Subtest: Native depthwise Winograd float32 order preserves complete tensors, odd borders and bias
ok 141 - Native depthwise Winograd float32 order preserves complete tensors, odd borders and bias
  ---
  duration_ms: 33.7725
  type: 'test'
  ...
# {"source":{"different":0,"max":0,"mae":0},"recompression":{"different":0,"max":0,"mae":0}}
# Subtest: JPEG source and recompression measured independently
ok 142 - JPEG source and recompression measured independently
  ---
  duration_ms: 21.912458
  type: 'test'
  ...
# Subtest: Rejects unsupported format and malformed source without canvas conversion
ok 143 - Rejects unsupported format and malformed source without canvas conversion
  ---
  duration_ms: 0.334166
  type: 'test'
  ...
# Subtest: JPEG parity one.jpg: all declared qualities
ok 144 - JPEG parity one.jpg: all declared qualities
  ---
  duration_ms: 16.279708
  type: 'test'
  ...
# Subtest: JPEG parity odd.jpg: all declared qualities
ok 145 - JPEG parity odd.jpg: all declared qualities
  ---
  duration_ms: 15.51
  type: 'test'
  ...
# Subtest: JPEG parity gray.jpg: all declared qualities
ok 146 - JPEG parity gray.jpg: all declared qualities
  ---
  duration_ms: 20.123167
  type: 'test'
  ...
# Subtest: JPEG parity progressive.jpg: all declared qualities
ok 147 - JPEG parity progressive.jpg: all declared qualities
  ---
  duration_ms: 18.077125
  type: 'test'
  ...
# Subtest: JPEG parity large-pattern.jpg: all declared qualities
ok 148 - JPEG parity large-pattern.jpg: all declared qualities
  ---
  duration_ms: 28.883375
  type: 'test'
  ...
# Subtest: JPEG parity bench-512.jpg: all declared qualities
ok 149 - JPEG parity bench-512.jpg: all declared qualities
  ---
  duration_ms: 83.807292
  type: 'test'
  ...
# Subtest: JPEG parity bench-1024.jpg: all declared qualities
ok 150 - JPEG parity bench-1024.jpg: all declared qualities
  ---
  duration_ms: 265.407167
  type: 'test'
  ...
# Subtest: Comparison histograms retain exact integer populations beyond 2^24
ok 151 - Comparison histograms retain exact integer populations beyond 2^24
  ---
  duration_ms: 1320.00175
  type: 'test'
  ...
# comparison reference passed: tiny
# comparison reference passed: small
# comparison reference passed: zero
# comparison reference passed: constant
# comparison reference passed: same
# comparison reference passed: shift
# comparison reference passed: brightness
# comparison reference passed: noise
# comparison reference passed: random
# comparison reference passed: gamma
# comparison reference passed: large
# comparison reference passed: row
# comparison reference passed: column
# comparison reference passed: narrow
# comparison reference passed: inverse
# comparison reference passed: impulse
# comparison reference passed: gradient
# comparison reference passed: checker
# comparison reference passed: saturated
# comparison reference passed: edge8
# comparison reference passed: edge9
# comparison reference passed: edge10
# comparison reference passed: edge11
# comparison reference passed: edge17
# comparison reference passed: edge31
# comparison reference passed: edge33
# comparison reference passed: edge79
# comparison reference passed: edge80
# comparison reference passed: edge81
# comparison reference passed: edge175
# comparison reference passed: edge176
# comparison reference passed: edge177
# comparison reference passed: megapixel
# Subtest: comparison segmented input preserves all twenty metrics and four rendered views
ok 152 - comparison segmented input preserves all twenty metrics and four rendered views
  ---
  duration_ms: 72465.719625
  type: 'test'
  ...
# Subtest: comparison cancellation disposes output and preserves metric caches transactionally
ok 153 - comparison cancellation disposes output and preserves metric caches transactionally
  ---
  duration_ms: 48.723333
  type: 'test'
  ...
# Subtest: Comparison guarded binary64 arithmetic equals software FMA on IEEE boundaries and rounding traps
ok 154 - Comparison guarded binary64 arithmetic equals software FMA on IEEE boundaries and rounding traps
  ---
  duration_ms: 2462.765583
  type: 'test'
  ...
# Subtest: Comparison optimized Sewar scores are bit-identical to the selectable software FMA reference
ok 155 - Comparison optimized Sewar scores are bit-identical to the selectable software FMA reference
  ---
  duration_ms: 88595.147625
  type: 'test'
  ...
# Subtest: Comparison exposes all 20 native measures and all 528 exact display variants
ok 156 - Comparison exposes all 20 native measures and all 528 exact display variants
  ---
  duration_ms: 38652.944583
  type: 'test'
  ...
# Subtest: Pair cache tracks both image lifetimes, including reused IDs with identical original bytes
ok 157 - Pair cache tracks both image lifetimes, including reused IDs with identical original bytes
  ---
  duration_ms: 25.544792
  type: 'test'
  ...
# Subtest: Comparison rejects invalid pairs, budgets and parameters; cancellation is recoverable
ok 158 - Comparison rejects invalid pairs, budgets and parameters; cancellation is recoverable
  ---
  duration_ms: 338.8365
  type: 'test'
  ...
# Subtest: qualification records every recovery transition and observes surviving peers after a detector failure
ok 159 - qualification records every recovery transition and observes surviving peers after a detector failure
  ---
  duration_ms: 1.501458
  type: 'test'
  ...
# Subtest: periodic diagnostics use only accounting and cancel their read without cancelling useful work
ok 160 - periodic diagnostics use only accounting and cancel their read without cancelling useful work
  ---
  duration_ms: 0.609292
  type: 'test'
  ...
# Subtest: post-analysis failure exports retained science before disposing its owner
ok 161 - post-analysis failure exports retained science before disposing its owner
  ---
  duration_ms: 0.258875
  type: 'test'
  ...
# Subtest: post-unload failure reuses committed archive and reports cleanup as secondary
ok 162 - post-unload failure reuses committed archive and reports cleanup as secondary
  ---
  duration_ms: 0.2245
  type: 'test'
  ...
# Subtest: emergency cleanup selects only the launched browser profile and its descendants
ok 163 - emergency cleanup selects only the launched browser profile and its descendants
  ---
  duration_ms: 59.650291
  type: 'test'
  ...
# Subtest: Composite policy and selected-model counters survive dense and windowed NPZ
ok 164 - Composite policy and selected-model counters survive dense and windowed NPZ
  ---
  duration_ms: 10.85425
  type: 'test'
  ...
# Subtest: Contrast core rows preserve native derivatives/padded block maps and all159 median/nearest displays
ok 165 - Contrast core rows preserve native derivatives/padded block maps and all159 median/nearest displays
  ---
  duration_ms: 753.182708
  type: 'test'
  ...
# Subtest: Contrast maps and three views preserve all native block sizes, padding and indicator arithmetic
ok 166 - Contrast maps and three views preserve all native block sizes, padding and indicator arithmetic
  ---
  duration_ms: 858.809667
  type: 'test'
  ...
# Subtest: Native paired biomes: translation
ok 167 - Native paired biomes: translation
  ---
  duration_ms: 4.386334
  type: 'test'
  ...
# Subtest: Native paired biomes: reversed
ok 168 - Native paired biomes: reversed
  ---
  duration_ms: 1.733542
  type: 'test'
  ...
# Subtest: Native paired biomes: independent-contexts
ok 169 - Native paired biomes: independent-contexts
  ---
  duration_ms: 1.487084
  type: 'test'
  ...
# Subtest: Native paired biomes: disjoint-small-groups
ok 170 - Native paired biomes: disjoint-small-groups
  ---
  duration_ms: 0.672666
  type: 'test'
  ...
# Subtest: Native paired biomes: large-connected-no-area-cap
ok 171 - Native paired biomes: large-connected-no-area-cap
  ---
  duration_ms: 0.735958
  type: 'test'
  ...
# Subtest: Native paired biomes: empty
ok 172 - Native paired biomes: empty
  ---
  duration_ms: 0.065542
  type: 'test'
  ...
# Subtest: Native paired biomes: duplicate-zero-tolerance
ok 173 - Native paired biomes: duplicate-zero-tolerance
  ---
  duration_ms: 0.229708
  type: 'test'
  ...
# Subtest: Native paired biomes: boundary
ok 174 - Native paired biomes: boundary
  ---
  duration_ms: 0.343875
  type: 'test'
  ...
# Subtest: paired biomes cancellation, invalid endpoints and admission
ok 175 - paired biomes cancellation, invalid endpoints and admission
  ---
  duration_ms: 0.817875
  type: 'test'
  ...
# Subtest: translation
ok 176 - translation
  ---
  duration_ms: 31.107791
  type: 'test'
  ...
# Subtest: similarity
ok 177 - similarity
  ---
  duration_ms: 10.417416
  type: 'test'
  ...
# Subtest: reflection
ok 178 - reflection
  ---
  duration_ms: 10.652584
  type: 'test'
  ...
# Subtest: two-models
ok 179 - two-models
  ---
  duration_ms: 19.254333
  type: 'test'
  ...
# Subtest: outliers
ok 180 - outliers
  ---
  duration_ms: 8.868666
  type: 'test'
  ...
# Subtest: homography
ok 181 - homography
  ---
  duration_ms: 11.820667
  type: 'test'
  ...
# Subtest: insufficient-centres
ok 182 - insufficient-centres
  ---
  duration_ms: 8.513292
  type: 'test'
  ...
# Subtest: self-overlap
ok 183 - self-overlap
  ---
  duration_ms: 8.804958
  type: 'test'
  ...
# Subtest: near-identity
ok 184 - near-identity
  ---
  duration_ms: 12.510292
  type: 'test'
  ...
# Subtest: none
ok 185 - none
  ---
  duration_ms: 8.538375
  type: 'test'
  ...
# Subtest: independent-groups
ok 186 - independent-groups
  ---
  duration_ms: 14.696417
  type: 'test'
  ...
# Subtest: cancellation and mandatory memory admission
ok 187 - cancellation and mandatory memory admission
  ---
  duration_ms: 1.381083
  type: 'test'
  ...
# Subtest: SIFT model scale/anisotropy filters
ok 188 - SIFT model scale/anisotropy filters
  ---
  duration_ms: 0.271541
  type: 'test'
  ...
# Subtest: unverified normal groups remain aligned with verified reflected groups
ok 189 - unverified normal groups remain aligned with verified reflected groups
  ---
  duration_ms: 21.744
  type: 'test'
  ...
# Subtest: Homography and global hull accept 100001 correspondences without a count cutoff
ok 190 - Homography and global hull accept 100001 correspondences without a count cutoff
  ---
  duration_ms: 111.641625
  type: 'test'
  ...
# Subtest: geometric verification terminates by exhausted matches beyond 2000 models
ok 191 - geometric verification terminates by exhausted matches beyond 2000 models
  ---
  duration_ms: 2606.0225
  type: 'test'
  ...
# Subtest: float-global
ok 192 - float-global
  ---
  duration_ms: 17.395833
  type: 'test'
  ...
# Subtest: float-zones
ok 193 - float-zones
  ---
  duration_ms: 14.727334
  type: 'test'
  ...
# Subtest: float-compare
ok 194 - float-compare
  ---
  duration_ms: 3.786709
  type: 'test'
  ...
# Subtest: float-gap
ok 195 - float-gap
  ---
  duration_ms: 25.944583
  type: 'test'
  ...
# Subtest: float-compact
ok 196 - float-compact
  ---
  duration_ms: 2.998083
  type: 'test'
  ...
# Subtest: binary-global
ok 197 - binary-global
  ---
  duration_ms: 2.586
  type: 'test'
  ...
# Subtest: binary-zones
ok 198 - binary-zones
  ---
  duration_ms: 29.087792
  type: 'test'
  ...
# Subtest: binary-compare
ok 199 - binary-compare
  ---
  duration_ms: 2.049209
  type: 'test'
  ...
# Subtest: binary-gap
ok 200 - binary-gap
  ---
  duration_ms: 1.80275
  type: 'test'
  ...
# Subtest: binary-compact
ok 201 - binary-compact
  ---
  duration_ms: 2.016958
  type: 'test'
  ...
# Subtest: native SIFT and RootSIFT descriptor normalization
ok 202 - native SIFT and RootSIFT descriptor normalization
  ---
  duration_ms: 31.0375
  type: 'test'
  ...
# Subtest: normalization cancelled before useful work
ok 203 - normalization cancelled before useful work
  ---
  duration_ms: 0.530125
  type: 'test'
  ...
# Subtest: native cKDTree leaf order 0-random
ok 204 - native cKDTree leaf order 0-random
  ---
  duration_ms: 7.304542
  type: 'test'
  ...
# Subtest: native cKDTree leaf order 0-ties
ok 205 - native cKDTree leaf order 0-ties
  ---
  duration_ms: 0.880916
  type: 'test'
  ...
# Subtest: native cKDTree leaf order 0-identical
ok 206 - native cKDTree leaf order 0-identical
  ---
  duration_ms: 0.718
  type: 'test'
  ...
# Subtest: native cKDTree leaf order 1-random
ok 207 - native cKDTree leaf order 1-random
  ---
  duration_ms: 1.44175
  type: 'test'
  ...
# Subtest: native cKDTree leaf order 1-ties
ok 208 - native cKDTree leaf order 1-ties
  ---
  duration_ms: 0.54875
  type: 'test'
  ...
# Subtest: native cKDTree leaf order 1-identical
ok 209 - native cKDTree leaf order 1-identical
  ---
  duration_ms: 0.488167
  type: 'test'
  ...
# Subtest: native cKDTree leaf order 16-random
ok 210 - native cKDTree leaf order 16-random
  ---
  duration_ms: 0.4865
  type: 'test'
  ...
# Subtest: native cKDTree leaf order 16-ties
ok 211 - native cKDTree leaf order 16-ties
  ---
  duration_ms: 0.826875
  type: 'test'
  ...
# Subtest: native cKDTree leaf order 16-identical
ok 212 - native cKDTree leaf order 16-identical
  ---
  duration_ms: 2.103291
  type: 'test'
  ...
# Subtest: native cKDTree leaf order 17-random
ok 213 - native cKDTree leaf order 17-random
  ---
  duration_ms: 1.709791
  type: 'test'
  ...
# Subtest: native cKDTree leaf order 17-ties
ok 214 - native cKDTree leaf order 17-ties
  ---
  duration_ms: 0.770042
  type: 'test'
  ...
# Subtest: native cKDTree leaf order 17-identical
ok 215 - native cKDTree leaf order 17-identical
  ---
  duration_ms: 1.956167
  type: 'test'
  ...
# Subtest: native cKDTree leaf order 40-random
ok 216 - native cKDTree leaf order 40-random
  ---
  duration_ms: 2.226167
  type: 'test'
  ...
# Subtest: native cKDTree leaf order 40-ties
ok 217 - native cKDTree leaf order 40-ties
  ---
  duration_ms: 0.592459
  type: 'test'
  ...
# Subtest: native cKDTree leaf order 40-identical
ok 218 - native cKDTree leaf order 40-identical
  ---
  duration_ms: 2.896
  type: 'test'
  ...
# Subtest: native cKDTree leaf order 801-random
ok 219 - native cKDTree leaf order 801-random
  ---
  duration_ms: 0.7605
  type: 'test'
  ...
# Subtest: native cKDTree leaf order 801-ties
ok 220 - native cKDTree leaf order 801-ties
  ---
  duration_ms: 1.855209
  type: 'test'
  ...
# Subtest: native cKDTree leaf order 801-identical
ok 221 - native cKDTree leaf order 801-identical
  ---
  duration_ms: 0.784208
  type: 'test'
  ...
# Subtest: native cKDTree leaf order 4096-random
ok 222 - native cKDTree leaf order 4096-random
  ---
  duration_ms: 4.042875
  type: 'test'
  ...
# Subtest: native cKDTree leaf order 4096-ties
ok 223 - native cKDTree leaf order 4096-ties
  ---
  duration_ms: 3.201625
  type: 'test'
  ...
# Subtest: native cKDTree leaf order 4096-identical
ok 224 - native cKDTree leaf order 4096-identical
  ---
  duration_ms: 1.184667
  type: 'test'
  ...
# Subtest: native cKDTree leaf order ORB/positive/Affine
ok 225 - native cKDTree leaf order ORB/positive/Affine
  ---
  duration_ms: 1.600167
  type: 'test'
  ...
# Subtest: native cKDTree leaf order AKAZE/positive/Affine
ok 226 - native cKDTree leaf order AKAZE/positive/Affine
  ---
  duration_ms: 1.662583
  type: 'test'
  ...
# Subtest: D2PRL rejects unqualified identities and relative URLs before fetching or reserving
ok 227 - D2PRL rejects unqualified identities and relative URLs before fetching or reserving
  ---
  duration_ms: 1.8125
  type: 'test'
  ...
# Subtest: D2PRL verifies actual manifest bytes and releases failed admissions for retry
ok 228 - D2PRL verifies actual manifest bytes and releases failed admissions for retry
  ---
  duration_ms: 32.545666
  type: 'test'
  ...
# Subtest: D2PRL manifest respects the shared budget before any network allocation
ok 229 - D2PRL manifest respects the shared budget before any network allocation
  ---
  duration_ms: 0.235375
  type: 'test'
  ...
# Subtest: An evicted D2PRL raw grid cannot trigger inference through refilter or raw export
ok 230 - An evicted D2PRL raw grid cannot trigger inference through refilter or raw export
  ---
  duration_ms: 9.857
  type: 'test'
  ...
# Subtest: Memory pressure reclaims idle helper heaps before cached scientific results
ok 231 - Memory pressure reclaims idle helper heaps before cached scientific results
  ---
  duration_ms: 0.344625
  type: 'test'
  ...
# Subtest: owned candidate workspace matches pinned Torch propagation and RNG at the full 448 grid
ok 232 - owned candidate workspace matches pinned Torch propagation and RNG at the full 448 grid
  ---
  duration_ms: 1493.058917
  type: 'test'
  ...
# Subtest: a partial candidate growth stays owned for retry, and subsequent useful work reuses both banks
ok 233 - a partial candidate growth stays owned for retry, and subsequent useful work reuses both banks
  ---
  duration_ms: 2.859292
  type: 'test'
  ...
# Subtest: candidate wrapping never publishes a partially mutated committed input on cancellation
ok 234 - candidate wrapping never publishes a partially mutated committed input on cancellation
  ---
  duration_ms: 1.247209
  type: 'test'
  ...
# Subtest: D2 reclaims the explicitly failed domain with exact constructor bytes and one refusal event
ok 235 - D2 reclaims the explicitly failed domain with exact constructor bytes and one refusal event
  ---
  duration_ms: 6.247083
  type: 'test'
  ...
# Subtest: UNet terminal preserves validated nodes; explicit resume does not replay them
ok 236 - UNet terminal preserves validated nodes; explicit resume does not replay them
  ---
  duration_ms: 11.831667
  type: 'test'
  ...
# Subtest: changing a checkpoint identity discards prior owned graph values
ok 237 - changing a checkpoint identity discards prior owned graph values
  ---
  duration_ms: 7.175083
  type: 'test'
  ...
# Subtest: PatchMatch terminal at evaluation keeps exact candidate/RNG cursor and completed evaluations
ok 238 - PatchMatch terminal at evaluation keeps exact candidate/RNG cursor and completed evaluations
  ---
  duration_ms: 49.092916
  type: 'test'
  ...
# Subtest: analysis retains completed zones through terminal resume and releases the active pipeline key
ok 239 - analysis retains completed zones through terminal resume and releases the active pipeline key
  ---
  duration_ms: 4.276417
  type: 'test'
  ...
# Subtest: cancellation discards checkpoints rather than retaining cancelled output
ok 240 - cancellation discards checkpoints rather than retaining cancelled output
  ---
  duration_ms: 6.671209
  type: 'test'
  ...
# Subtest: descriptor checkpoint preserves previously completed convolutions and descriptor planes
ok 241 - descriptor checkpoint preserves previously completed convolutions and descriptor planes
  ---
  duration_ms: 346.706166
  type: 'test'
  ...
# Subtest: union checkpoint keeps completed DLF/convolutions and held weights at refusal
ok 242 - union checkpoint keeps completed DLF/convolutions and held weights at refusal
  ---
  duration_ms: 24.67775
  type: 'test'
  ...
# Subtest: a changed RNG identity invalidates the previous PatchMatch checkpoint
ok 243 - a changed RNG identity invalidates the previous PatchMatch checkpoint
  ---
  duration_ms: 8.328583
  type: 'test'
  ...
# Subtest: an already cancelled explicit graph resume discards the retained checkpoint
ok 244 - an already cancelled explicit graph resume discards the retained checkpoint
  ---
  duration_ms: 5.701875
  type: 'test'
  ...
# Subtest: cancelled queued analysis releases the preceding terminal checkpoint
ok 245 - cancelled queued analysis releases the preceding terminal checkpoint
  ---
  duration_ms: 2.195584
  type: 'test'
  ...
# Subtest: cancelled queued analysis preserves the following resume checkpoint
ok 246 - cancelled queued analysis preserves the following resume checkpoint
  ---
  duration_ms: 1.870292
  type: 'test'
  ...
# Subtest: D2PRL admits its large workspace only when the shared CPU lane is available
ok 247 - D2PRL admits its large workspace only when the shared CPU lane is available
  ---
  duration_ms: 5.485958
  type: 'test'
  ...
# Subtest: D2PRL cancellation before admission creates no worker and preserves source ownership
ok 248 - D2PRL cancellation before admission creates no worker and preserves source ownership
  ---
  duration_ms: 1.828125
  type: 'test'
  ...
# Subtest: general GPU convolution admits its entire useful peak before splitting ownership
ok 249 - general GPU convolution admits its entire useful peak before splitting ownership
  ---
  duration_ms: 7.300208
  type: 'test'
  ...
# Subtest: ordered GPU convolution admits its entire useful peak before splitting ownership
ok 250 - ordered GPU convolution admits its entire useful peak before splitting ownership
  ---
  duration_ms: 1.182125
  type: 'test'
  ...
# Subtest: mapped GPU output survives engine disposal without a copied backing and releases idempotently
ok 251 - mapped GPU output survives engine disposal without a copied backing and releases idempotently
  ---
  duration_ms: 0.733833
  type: 'test'
  ...
# Subtest: one owned GPU output feeds another convolution and device lifetime covers every outstanding result
ok 252 - one owned GPU output feeds another convolution and device lifetime covers every outstanding result
  ---
  duration_ms: 2.029083
  type: 'test'
  ...
# Subtest: mapping and range recovery preserve the completed dispatch and release its transient resources before reclaim
ok 253 - mapping and range recovery preserve the completed dispatch and release its transient resources before reclaim
  ---
  duration_ms: 8.386125
  type: 'test'
  ...
# Subtest: cancellation after mapping frees unpublished output and does not keep a device lease
ok 254 - cancellation after mapping frees unpublished output and does not keep a device lease
  ---
  duration_ms: 0.835042
  type: 'test'
  ...
# Subtest: pending GPU readback stays visible until its useful mapping completes
ok 255 - pending GPU readback stays visible until its useful mapping completes
  ---
  duration_ms: 0.886708
  type: 'test'
  ...
# Subtest: pending GPU readback stays visible until cancelled mapping settles
ok 256 - pending GPU readback stays visible until cancelled mapping settles
  ---
  duration_ms: 1.157875
  type: 'test'
  ...
# (node:5465) ExperimentalWarning: Module mocking is an experimental feature and might change at any time
# (Use `node --trace-warnings ...` to show where the warning was created)
# Subtest: adapter-owned projected outputs and raw grid copies survive adapter disposal
ok 257 - adapter-owned projected outputs and raw grid copies survive adapter disposal
  ---
  duration_ms: 255.822666
  type: 'test'
  ...
# Subtest: weights stream to stable Wasm, reuse retained parameters, release exact ownership
ok 258 - weights stream to stable Wasm, reuse retained parameters, release exact ownership
  ---
  duration_ms: 150.750458
  type: 'test'
  ...
# Subtest: two network refusals preserve hashed prefix with validated Range
ok 259 - two network refusals preserve hashed prefix with validated Range
  ---
  duration_ms: 331.96675
  type: 'test'
  ...
# Subtest: two network refusals preserve hashed prefix with 200 fallback
ok 260 - two network refusals preserve hashed prefix with 200 fallback
  ---
  duration_ms: 334.970625
  type: 'test'
  ...
# Subtest: allocation retry does not re-read committed data; terminal keeps prefix for explicit resume
ok 261 - allocation retry does not re-read committed data; terminal keeps prefix for explicit resume
  ---
  duration_ms: 381.454
  type: 'test'
  ...
# Subtest: wrong size/hash/range never publish a parameter and cancellation clears incomplete banks
ok 262 - wrong size/hash/range never publish a parameter and cancellation clears incomplete banks
  ---
  duration_ms: 428.386917
  type: 'test'
  ...
# Subtest: initial Wasm refusal is retried without fetching and int64 offsets stay exact
ok 263 - initial Wasm refusal is retried without fetching and int64 offsets stay exact
  ---
  duration_ms: 28.184
  type: 'test'
  ...
# Subtest: different live parameter extents share one bank and one SHA instance without whole-heap views
ok 264 - different live parameter extents share one bank and one SHA instance without whole-heap views
  ---
  duration_ms: 4.464584
  type: 'test'
  ...
# Subtest: an EOF network fault resumes at the final byte without hashing the prefix twice
ok 265 - an EOF network fault resumes at the final byte without hashing the prefix twice
  ---
  duration_ms: 220.747792
  type: 'test'
  ...
# Subtest: chunk admission refusal holds the received bytes and retries admission without reopening HTTP
ok 266 - chunk admission refusal holds the received bytes and retries admission without reopening HTTP
  ---
  duration_ms: 135.340209
  type: 'test'
  ...
# Subtest: large interrupted responses continue in bounded closed ranges accepted by the production host
ok 267 - large interrupted responses continue in bounded closed ranges accepted by the production host
  ---
  duration_ms: 460.762042
  type: 'test'
  ...
# Subtest: D2 recovery forwards the real operation graph and recovery stage as serializable diagnostics
ok 268 - D2 recovery forwards the real operation graph and recovery stage as serializable diagnostics
  ---
  duration_ms: 4.955833
  type: 'test'
  ...
# Subtest: D2 policy refusal requests admission credit with 0 bytes of its own returned prefix
ok 269 - D2 policy refusal requests admission credit with 0 bytes of its own returned prefix
  ---
  duration_ms: 2.186166
  type: 'test'
  ...
# Subtest: D2 policy refusal requests admission credit with 128 bytes of its own returned prefix
ok 270 - D2 policy refusal requests admission credit with 128 bytes of its own returned prefix
  ---
  duration_ms: 1.745291
  type: 'test'
  ...
# Subtest: feature admission includes borrowed inputs and native heap growth atomically
ok 271 - feature admission includes borrowed inputs and native heap growth atomically
  ---
  duration_ms: 1.117125
  type: 'test'
  ...
# Subtest: neural admission includes borrowed inputs and native heap growth atomically
ok 272 - neural admission includes borrowed inputs and native heap growth atomically
  ---
  duration_ms: 2.4055
  type: 'test'
  ...
# Subtest: prepare admission includes borrowed inputs and native heap growth atomically
ok 273 - prepare admission includes borrowed inputs and native heap growth atomically
  ---
  duration_ms: 0.665125
  type: 'test'
  ...
# Subtest: D2 PatchMatch preserves committed evaluations and exact RNG across repeated later allocation incidents
ok 274 - D2 PatchMatch preserves committed evaluations and exact RNG across repeated later allocation incidents
  ---
  duration_ms: 34.218292
  type: 'test'
  ...
# Subtest: five failures without progress stop locally while more separated incidents remain recoverable
ok 275 - five failures without progress stop locally while more separated incidents remain recoverable
  ---
  duration_ms: 16.241791
  type: 'test'
  ...
# Subtest: feature copy recovery retains completed native work and releases all ownership
ok 276 - feature copy recovery retains completed native work and releases all ownership
  ---
  duration_ms: 5.983667
  type: 'test'
  ...
# Subtest: cancelled local recovery immediately releases pressure and does not retry
ok 277 - cancelled local recovery immediately releases pressure and does not retry
  ---
  duration_ms: 0.68225
  type: 'test'
  ...
# Subtest: two evaluator lanes refusing every useful tile stop without leaking work or pressure
ok 278 - two evaluator lanes refusing every useful tile stop without leaking work or pressure
  ---
  duration_ms: 13.301417
  type: 'test'
  ...
# Subtest: concurrent useful tiles do not combine independent first refusals into a loop
ok 279 - concurrent useful tiles do not combine independent first refusals into a loop
  ---
  duration_ms: 2.08425
  type: 'test'
  ...
# Subtest: guarded stages retain dynamic getters and original method ownership
ok 280 - guarded stages retain dynamic getters and original method ownership
  ---
  duration_ms: 0.317209
  type: 'test'
  ...
# Subtest: a refused optional evaluator preserves the ready pool and grows again after external release
ok 281 - a refused optional evaluator preserves the ready pool and grows again after external release
  ---
  duration_ms: 2.419167
  type: 'test'
  ...
# Subtest: parameter digest recovery retains already fetched useful model bytes
ok 282 - parameter digest recovery retains already fetched useful model bytes
  ---
  duration_ms: 26.47725
  type: 'test'
  ...
# Subtest: cancellation at a successful bootstrap boundary cannot create optional evaluator workers
ok 283 - cancellation at a successful bootstrap boundary cannot create optional evaluator workers
  ---
  duration_ms: 2.04225
  type: 'test'
  ...
# Subtest: paged D2 regions preserve complete native masks, contours, order, counts and identities
ok 284 - paged D2 regions preserve complete native masks, contours, order, counts and identities
  ---
  duration_ms: 78.090166
  type: 'test'
  ...
# Subtest: global run traversal agrees with native block CCL for random8-connected topology
ok 285 - global run traversal agrees with native block CCL for random8-connected topology
  ---
  duration_ms: 5418.071708
  type: 'test'
  ...
# Subtest: paged region abort, storage failure and consumer exceptions release scratch and entry leases
ok 286 - paged region abort, storage failure and consumer exceptions release scratch and entry leases
  ---
  duration_ms: 2.753542
  type: 'test'
  ...
# Subtest: automatic segmented refilter waits for borrowed result release and leaves independent entries
ok 287 - automatic segmented refilter waits for borrowed result release and leaves independent entries
  ---
  duration_ms: 8.598833
  type: 'test'
  ...
# Subtest: unscoped recovery null parent creates a root activity without accepting expired tickets
ok 288 - unscoped recovery null parent creates a root activity without accepting expired tickets
  ---
  duration_ms: 2.021584
  type: 'test'
  ...
# Subtest: autonomous initialization retains its ticket until owned success settles
ok 289 - autonomous initialization retains its ticket until owned success settles
  ---
  duration_ms: 0.255542
  type: 'test'
  ...
# Subtest: autonomous initialization retains its ticket until rejection settles
ok 290 - autonomous initialization retains its ticket until rejection settles
  ---
  duration_ms: 0.182833
  type: 'test'
  ...
# Subtest: real D2 model factory is visible during deferred native initialization and releases after failure
ok 291 - real D2 model factory is visible during deferred native initialization and releases after failure
  ---
  duration_ms: 1.135417
  type: 'test'
  ...
# Subtest: deferred SHA initialization is a productive child until publication
ok 292 - deferred SHA initialization is a productive child until publication
  ---
  duration_ms: 44.6745
  type: 'test'
  ...
# Subtest: deferred SHA initialization is a productive child until cancellation settles
ok 293 - deferred SHA initialization is a productive child until cancellation settles
  ---
  duration_ms: 0.766084
  type: 'test'
  ...
# Subtest: parameter fetch remains visible until bytes arrive
ok 294 - parameter fetch remains visible until bytes arrive
  ---
  duration_ms: 6.455709
  type: 'test'
  ...
# Subtest: parameter fetch remains visible until cancelled IO settles
ok 295 - parameter fetch remains visible until cancelled IO settles
  ---
  duration_ms: 9.051542
  type: 'test'
  ...
# Subtest: parameter read remains visible until bytes arrive
ok 296 - parameter read remains visible until bytes arrive
  ---
  duration_ms: 0.801375
  type: 'test'
  ...
# Subtest: parameter read remains visible until cancelled IO settles
ok 297 - parameter read remains visible until cancelled IO settles
  ---
  duration_ms: 1.074583
  type: 'test'
  ...
# Subtest: D2 waits for independent work without retrying or treating GPU retirement as ArrayBuffer backing
ok 298 - D2 waits for independent work without retrying or treating GPU retirement as ArrayBuffer backing
  ---
  duration_ms: 9.501042
  type: 'test'
  ...
# Subtest: scheduled D2 worker calls carry one owner and cannot be mistaken for an independent producer
ok 299 - scheduled D2 worker calls carry one owner and cannot be mistaken for an independent producer
  ---
  duration_ms: 0.591333
  type: 'test'
  ...
# Subtest: native D2 work is visible to peers but its parent does not manufacture progress during output recovery
ok 300 - native D2 work is visible to peers but its parent does not manufacture progress during output recovery
  ---
  duration_ms: 6.57
  type: 'test'
  ...
# Subtest: guarded concurrent invocations forward distinct tickets without mutating caller options
ok 301 - guarded concurrent invocations forward distinct tickets without mutating caller options
  ---
  duration_ms: 0.677875
  type: 'test'
  ...
# Subtest: opaque role model is verified in a bounded owned Wasm byte view with symmetric child ledger
ok 302 - opaque role model is verified in a bounded owned Wasm byte view with symmetric child ledger
  ---
  duration_ms: 149.660459
  type: 'test'
  ...
# Subtest: model identity rejection releases every announced backing
ok 303 - model identity rejection releases every announced backing
  ---
  duration_ms: 4.906583
  type: 'test'
  ...
# Subtest: evaluator null retires only its worker and resumes the same tile
ok 304 - evaluator null retires only its worker and resumes the same tile
  ---
  duration_ms: 13.549542
  type: 'test'
  ...
# Subtest: evaluator messageerror retires only its worker and resumes the same tile
ok 305 - evaluator messageerror retires only its worker and resumes the same tile
  ---
  duration_ms: 3.464542
  type: 'test'
  ...
# Subtest: evaluator endpoint retires only its worker and resumes the same tile
ok 306 - evaluator endpoint retires only its worker and resumes the same tile
  ---
  duration_ms: 2.589375
  type: 'test'
  ...
# Subtest: evaluator wrong-id retires only its worker and resumes the same tile
ok 307 - evaluator wrong-id retires only its worker and resumes the same tile
  ---
  duration_ms: 1.771625
  type: 'test'
  ...
# Subtest: five unreadable evaluator attempts stop locally with no orphaned scheduler lease
ok 308 - five unreadable evaluator attempts stop locally with no orphaned scheduler lease
  ---
  duration_ms: 6.070833
  type: 'test'
  ...
# Subtest: cancellation after unreadable evaluator data cannot recreate the failed worker
ok 309 - cancellation after unreadable evaluator data cannot recreate the failed worker
  ---
  duration_ms: 2.039541
  type: 'test'
  ...
# Subtest: optional evaluator bootstrap retries transport without reducing the healthy pool
ok 310 - optional evaluator bootstrap retries transport without reducing the healthy pool
  ---
  duration_ms: 2.80775
  type: 'test'
  ...
# Subtest: CPU convolution reuses an admitted arena output at exact remaining input and copy credit
ok 311 - CPU convolution reuses an admitted arena output at exact remaining input and copy credit
  ---
  duration_ms: 50.762416
  type: 'test'
  ...
# Subtest: CPU convolution retry includes retired previous-worker credit but not a retained arena bank
ok 312 - CPU convolution retry includes retired previous-worker credit but not a retained arena bank
  ---
  duration_ms: 22.346917
  type: 'test'
  ...
# Subtest: CPU convolution null preserves completed tiles and worker capacity
ok 313 - CPU convolution null preserves completed tiles and worker capacity
  ---
  duration_ms: 26.368458
  type: 'test'
  ...
# Subtest: CPU convolution messageerror preserves completed tiles and worker capacity
ok 314 - CPU convolution messageerror preserves completed tiles and worker capacity
  ---
  duration_ms: 26.884209
  type: 'test'
  ...
# Subtest: CPU convolution endpoint preserves completed tiles and worker capacity
ok 315 - CPU convolution endpoint preserves completed tiles and worker capacity
  ---
  duration_ms: 24.184917
  type: 'test'
  ...
# Subtest: unreadable convolution clear retains completed output and recreates only the idle slot on next layer
ok 316 - unreadable convolution clear retains completed output and recreates only the idle slot on next layer
  ---
  duration_ms: 26.508166
  type: 'test'
  ...
# Subtest: spatial transport retry retires its lease before retry and preserves input
ok 317 - spatial transport retry retires its lease before retry and preserves input
  ---
  duration_ms: 1.635916
  type: 'test'
  ...
# Subtest: bounded roles transport retry preserves prior inputs and releases each failed worker
ok 318 - bounded roles transport retry preserves prior inputs and releases each failed worker
  ---
  duration_ms: 4.199416
  type: 'test'
  ...
# Subtest: postprocess retries unreadable transport after retiring its workspace
ok 319 - postprocess retries unreadable transport after retiring its workspace
  ---
  duration_ms: 2.162458
  type: 'test'
  ...
# Subtest: evaluator terminal upload drains a companion retry before releasing shared buffers
ok 320 - evaluator terminal upload drains a companion retry before releasing shared buffers
  ---
  duration_ms: 1.285792
  type: 'test'
  ...
# Subtest: convolution terminal upload drains a companion retry before releasing shared buffers
ok 321 - convolution terminal upload drains a companion retry before releasing shared buffers
  ---
  duration_ms: 7.414875
  type: 'test'
  ...
# Subtest: five unreadable convolution tiles stop without reducing future configured parallelism or orphaning CPU
ok 322 - five unreadable convolution tiles stop without reducing future configured parallelism or orphaning CPU
  ---
  duration_ms: 12.732708
  type: 'test'
  ...
# Subtest: role child backing ledger is covered by the existing lease and follows growth, release and cancellation
ok 323 - role child backing ledger is covered by the existing lease and follows growth, release and cancellation
  ---
  duration_ms: 3.42325
  type: 'test'
  ...
# (node:5480) ExperimentalWarning: Module mocking is an experimental feature and might change at any time
# (Use `node --trace-warnings ...` to show where the warning was created)
# Subtest: explicit resume retains validated dense work after five terminal compute transport failures
ok 324 - explicit resume retains validated dense work after five terminal compute transport failures
  ---
  duration_ms: 60.799375
  type: 'test'
  ...
# Subtest: explicit resume retains validated dense work after five terminal cold transport failures
ok 325 - explicit resume retains validated dense work after five terminal cold transport failures
  ---
  duration_ms: 16.246958
  type: 'test'
  ...
# Subtest: completed coherence selections survive the failure of the next selection
ok 326 - completed coherence selections survive the failure of the next selection
  ---
  duration_ms: 10.002584
  type: 'test'
  ...
# Subtest: a cancelled checkpoint retains completed hypotheses until explicit cleanup
ok 327 - a cancelled checkpoint retains completed hypotheses until explicit cleanup
  ---
  duration_ms: 8.33075
  type: 'test'
  ...
# Subtest: changing checkpoint parameters retires the old incomplete owners
ok 328 - changing checkpoint parameters retires the old incomplete owners
  ---
  duration_ms: 5.4185
  type: 'test'
  ...
# { cases: 20, heap: 33554432 }
# Subtest: compact SIFT reconstructs every float32 and global field for paired mirrors and quarter frames
ok 329 - compact SIFT reconstructs every float32 and global field for paired mirrors and quarter frames
  ---
  duration_ms: 1491.9115
  type: 'test'
  ...
# (node:5482) ExperimentalWarning: Module mocking is an experimental feature and might change at any time
# (Use `node --trace-warnings ...` to show where the warning was created)
# Subtest: geometry failure retains fully filtered evidence and releases it after both checkpoint and result owners close
ok 330 - geometry failure retains fully filtered evidence and releases it after both checkpoint and result owners close
  ---
  duration_ms: 43.446417
  type: 'test'
  ...
# Subtest: Integer GPU bound stays below the unchanged float32 evaluator across normal/subnormal and extreme values
ok 331 - Integer GPU bound stays below the unchanged float32 evaluator across normal/subnormal and extreme values
  ---
  duration_ms: 77.49125
  type: 'test'
  ...
# Subtest: Prefixes are valid full-distance bounds and nonfinite inputs cannot prove a rejection
ok 332 - Prefixes are valid full-distance bounds and nonfinite inputs cannot prove a rejection
  ---
  duration_ms: 0.125459
  type: 'test'
  ...
# (node:5484) ExperimentalWarning: Module mocking is an experimental feature and might change at any time
# (Use `node --trace-warnings ...` to show where the warning was created)
# Subtest: field recovery retains completed hypotheses and descriptors, and retries storage without recomputing the field
ok 333 - field recovery retains completed hypotheses and descriptors, and retries storage without recomputing the field
  ---
  duration_ms: 198.032625
  type: 'test'
  ...
# Subtest: partial free memory adds every fitting kernel and accounts for retained idle heaps
ok 334 - partial free memory adds every fitting kernel and accounts for retained idle heaps
  ---
  duration_ms: 4.302166
  type: 'test'
  ...
# Subtest: a bootstrap progress exception rejects the field and terminates its kernel
ok 335 - a bootstrap progress exception rejects the field and terminates its kernel
  ---
  duration_ms: 0.516542
  type: 'test'
  ...
# Subtest: a refused extra kernel preserves the ready field without repeated allocation attempts
ok 336 - a refused extra kernel preserves the ready field without repeated allocation attempts
  ---
  duration_ms: 1.627708
  type: 'test'
  ...
# Subtest: real recovered memory permits full width again without changing the budget limit
ok 337 - real recovered memory permits full width again without changing the budget limit
  ---
  duration_ms: 0.991625
  type: 'test'
  ...
# Subtest: a later release reopens a previously refused expansion
ok 338 - a later release reopens a previously refused expansion
  ---
  duration_ms: 1.115458
  type: 'test'
  ...
# Subtest: a failed bootstrap retries locally only after concrete memory recovery
ok 339 - a failed bootstrap retries locally only after concrete memory recovery
  ---
  duration_ms: 2.974542
  type: 'test'
  ...
# Subtest: allocation failures during a useful task remain fatal and retain their evidence
ok 340 - allocation failures during a useful task remain fatal and retain their evidence
  ---
  duration_ms: 0.564417
  type: 'test'
  ...
# Subtest: returning uncreated reservations does not itself retry a refused allocation
ok 341 - returning uncreated reservations does not itself retry a refused allocation
  ---
  duration_ms: 1.61925
  type: 'test'
  ...
# Subtest: dense output migration windows fit before a kernel fills the remaining workspace
ok 342 - dense output migration windows fit before a kernel fills the remaining workspace
  ---
  duration_ms: 13.32725
  type: 'test'
  ...
# Subtest: a field receives a partial memory grant and yields only its GPU coordinator CPU
ok 343 - a field receives a partial memory grant and yields only its GPU coordinator CPU
  ---
  duration_ms: 14.158625
  type: 'test'
  ...
# Subtest: unused kernel workspace is returned and a later useful grant can grow it again
ok 344 - unused kernel workspace is returned and a later useful grant can grow it again
  ---
  duration_ms: 1.488958
  type: 'test'
  ...
# Subtest: memory RPC hides blocked field activity without surrendering its CPU quota
ok 345 - memory RPC hides blocked field activity without surrendering its CPU quota
  ---
  duration_ms: 3.845583
  type: 'test'
  ...
# Subtest: two live fields acknowledge every immutable reader before a transactional migration
ok 346 - two live fields acknowledge every immutable reader before a transactional migration
  ---
  duration_ms: 42.159
  type: 'test'
  ...
# Subtest: allocation-domain pressure changes automatic storage only for that live recovery
ok 347 - allocation-domain pressure changes automatic storage only for that live recovery
  ---
  duration_ms: 0.420417
  type: 'test'
  ...
# Subtest: allocation reclamation negotiates a safe boundary independently of detector identity
ok 348 - allocation reclamation negotiates a safe boundary independently of detector identity
  ---
  duration_ms: 6.272041
  type: 'test'
  ...
# Subtest: busy peer refuses immediate migration and already paused peers regain their authoritative banks
ok 349 - busy peer refuses immediate migration and already paused peers regain their authoritative banks
  ---
  duration_ms: 1.26225
  type: 'test'
  ...
# Subtest: allocation reclaim never waits for a reader without immediate boundary negotiation
ok 350 - allocation reclaim never waits for a reader without immediate boundary negotiation
  ---
  duration_ms: 1.638917
  type: 'test'
  ...
# Subtest: immediate pause refuses live kernels but pins the existing recovery boundary before restarting work
ok 351 - immediate pause refuses live kernels but pins the existing recovery boundary before restarting work
  ---
  duration_ms: 0.943333
  type: 'test'
  ...
# Subtest: failed io migration restores all live readers on the old authoritative bank
ok 352 - failed io migration restores all live readers on the old authoritative bank
  ---
  duration_ms: 5.383208
  type: 'test'
  ...
# Subtest: failed cancel migration restores all live readers on the old authoritative bank
ok 353 - failed cancel migration restores all live readers on the old authoritative bank
  ---
  duration_ms: 5.805208
  type: 'test'
  ...
# Subtest: an unrevocable reader prevents active migration rather than invalidating its SAB
ok 354 - an unrevocable reader prevents active migration rather than invalidating its SAB
  ---
  duration_ms: 1.298125
  type: 'test'
  ...
# Subtest: input gate drains native work, supports overlapping stores, and returns CPU admission during I/O
ok 355 - input gate drains native work, supports overlapping stores, and returns CPU admission during I/O
  ---
  duration_ms: 2.765833
  type: 'test'
  ...
# Subtest: input gate cancellation releases blocked dispatcher and reader acknowledgements
ok 356 - input gate cancellation releases blocked dispatcher and reader acknowledgements
  ---
  duration_ms: 0.67675
  type: 'test'
  ...
# Subtest: final publication waits for a migration that first reaches its barrier during kernel shutdown
ok 357 - final publication waits for a migration that first reaches its barrier during kernel shutdown
  ---
  duration_ms: 1.501542
  type: 'test'
  ...
# Subtest: an ordinary reclaim queued behind migration exposes its already idle native boundary
ok 358 - an ordinary reclaim queued behind migration exposes its already idle native boundary
  ---
  duration_ms: 0.177625
  type: 'test'
  ...
# Subtest: field queued-start releases immutable publications without waiting for blocked CPU or a terminated worker
ok 359 - field queued-start releases immutable publications without waiting for blocked CPU or a terminated worker
  ---
  duration_ms: 9.788208
  type: 'test'
  ...
# Subtest: field cancel-ack releases immutable publications without waiting for blocked CPU or a terminated worker
ok 360 - field cancel-ack releases immutable publications without waiting for blocked CPU or a terminated worker
  ---
  duration_ms: 2.537041
  type: 'test'
  ...
# Subtest: retired SAB wrappers are collectible while old publications and reader objects remain alive
ok 361 - retired SAB wrappers are collectible while old publications and reader objects remain alive
  ---
  duration_ms: 130.032541
  type: 'test'
  ...
# Subtest: remote worker backing reports transfer adopted banks without a second policy charge
ok 362 - remote worker backing reports transfer adopted banks without a second policy charge
  ---
  duration_ms: 1.151708
  type: 'test'
  ...
# Subtest: native optional cache failure preserves the field and retries only on a memory recovery epoch
ok 363 - native optional cache failure preserves the field and retries only on a memory recovery epoch
  ---
  duration_ms: 1030.990417
  type: 'test'
  ...
# Subtest: actual linear-memory growth beyond planned vectors is charged and released
ok 364 - actual linear-memory growth beyond planned vectors is charged and released
  ---
  duration_ms: 1.045417
  type: 'test'
  ...
# Subtest: shared peer pressure prevents growth before the VM allocates the memory
ok 365 - shared peer pressure prevents growth before the VM allocates the memory
  ---
  duration_ms: 0.384083
  type: 'test'
  ...
# Subtest: VM-rejected growth does not leak a reservation
ok 366 - VM-rejected growth does not leak a reservation
  ---
  duration_ms: 0.191708
  type: 'test'
  ...
# Subtest: physical growth failures retain allocator evidence and release speculative capacity
ok 367 - physical growth failures retain allocator evidence and release speculative capacity
  ---
  duration_ms: 5.241833
  type: 'test'
  ...
# Subtest: initial physical allocation failure is distinct from a logical budget refusal
ok 368 - initial physical allocation failure is distinct from a logical budget refusal
  ---
  duration_ms: 0.165792
  type: 'test'
  ...
# Subtest: uses admitted RAM beyond the old16MiB descriptor cache without changing work
ok 369 - uses admitted RAM beyond the old16MiB descriptor cache without changing work
  ---
  duration_ms: 1.280416
  type: 'test'
  ...
# Subtest: real96MP and larger shapes fit the module and shared workspace
ok 370 - real96MP and larger shapes fit the module and shared workspace
  ---
  duration_ms: 1.689666
  type: 'test'
  ...
# Subtest: budget occupied by real source and peers reduces caches; no probe allocations
ok 371 - budget occupied by real source and peers reduces caches; no probe allocations
  ---
  duration_ms: 0.360792
  type: 'test'
  ...
# Subtest: explicit cache and batch choices remain exact and cannot overrun heap
ok 372 - explicit cache and batch choices remain exact and cannot overrun heap
  ---
  duration_ms: 0.325833
  type: 'test'
  ...
# Subtest: small cases allocate no initialization batch and explicit zero is honored
ok 373 - small cases allocate no initialization batch and explicit zero is honored
  ---
  duration_ms: 0.084792
  type: 'test'
  ...
# Subtest: 96MP propagation caches reuse initialization RAM without shrinking the native-sized batch
ok 374 - 96MP propagation caches reuse initialization RAM without shrinking the native-sized batch
  ---
  duration_ms: 0.082375
  type: 'test'
  ...
# Subtest: 96MP non-isolated admission includes every native and cloned candidate pool
ok 375 - 96MP non-isolated admission includes every native and cloned candidate pool
  ---
  duration_ms: 1.254917
  type: 'test'
  ...
# Subtest: dense preparation reclaims a completed plane before committing its hot descriptors to disk
ok 376 - dense preparation reclaims a completed plane before committing its hot descriptors to disk
  ---
  duration_ms: 10.561417
  type: 'test'
  ...
# Subtest: an impossible explicit in-memory preparation returns its layout lease without creating a worker
ok 377 - an impossible explicit in-memory preparation returns its layout lease without creating a worker
  ---
  duration_ms: 1.223375
  type: 'test'
  ...
# Subtest: only the missing shared migration capacity affects a resident preparation decision
ok 378 - only the missing shared migration capacity affects a resident preparation decision
  ---
  duration_ms: 1.076458
  type: 'test'
  ...
# Subtest: external preparation remains admissible when its worker fits but RAM and migration do not
ok 379 - external preparation remains admissible when its worker fits but RAM and migration do not
  ---
  duration_ms: 0.07475
  type: 'test'
  ...
# Subtest: native Zernike completes with exactly the planned source, descriptors, workspace and I/O budget
ok 380 - native Zernike completes with exactly the planned source, descriptors, workspace and I/O budget
  ---
  duration_ms: 55.961
  type: 'test'
  ...
# Subtest: native compact SIFT completes every preparation stage at its exact planned I/O budget
ok 381 - native compact SIFT completes every preparation stage at its exact planned I/O budget
  ---
  duration_ms: 38.889917
  type: 'test'
  ...
# Subtest: native texture eligibility transfers its input window out of the planned allowance
ok 382 - native texture eligibility transfers its input window out of the planned allowance
  ---
  duration_ms: 41.223625
  type: 'test'
  ...
# Subtest: a transferred window keeps its output charged after the original allowance closes
ok 383 - a transferred window keeps its output charged after the original allowance closes
  ---
  duration_ms: 1.721084
  type: 'test'
  ...
# Subtest: failed window I/O returns transferred output and scratch ownership
ok 384 - failed window I/O returns transferred output and scratch ownership
  ---
  duration_ms: 0.629792
  type: 'test'
  ...
# Subtest: cancelling CPU admission returns the transferred window and its originating lane allowance
ok 385 - cancelling CPU admission returns the transferred window and its originating lane allowance
  ---
  duration_ms: 2.43575
  type: 'test'
  ...
# Subtest: resident null releases CPU and preserves only validated hypotheses for explicit resume
ok 386 - resident null releases CPU and preserves only validated hypotheses for explicit resume
  ---
  duration_ms: 6.889791
  type: 'test'
  ...
# Subtest: resident messageerror releases CPU and preserves only validated hypotheses for explicit resume
ok 387 - resident messageerror releases CPU and preserves only validated hypotheses for explicit resume
  ---
  duration_ms: 1.381625
  type: 'test'
  ...
# Subtest: resident retainResult refusal returns the split reservation exactly once
ok 388 - resident retainResult refusal returns the split reservation exactly once
  ---
  duration_ms: 0.608791
  type: 'test'
  ...
# Subtest: clearing a resident checkpoint before-clear cannot publish a late worker result
ok 389 - clearing a resident checkpoint before-clear cannot publish a late worker result
  ---
  duration_ms: 1.511625
  type: 'test'
  ...
# Subtest: clearing a resident checkpoint after-clear cannot publish a late worker result
ok 390 - clearing a resident checkpoint after-clear cannot publish a late worker result
  ---
  duration_ms: 0.551875
  type: 'test'
  ...
# Subtest: the real resident worker handler reports null once and rejects subsequent commands
ok 391 - the real resident worker handler reports null once and rejects subsequent commands
  ---
  duration_ms: 1.056417
  type: 'test'
  ...
# Subtest: the real resident worker handler reports messageerror once and rejects subsequent commands
ok 392 - the real resident worker handler reports messageerror once and rejects subsequent commands
  ---
  duration_ms: 0.834042
  type: 'test'
  ...
# Subtest: actual resident lanes keep D2 waiting and return the first retired lane credit before the last finishes
ok 393 - actual resident lanes keep D2 waiting and return the first retired lane credit before the last finishes
  ---
  duration_ms: 11.13975
  type: 'test'
  ...
# Subtest: resident lane identity and dependencies survive the CPU gap between two hypotheses
ok 394 - resident lane identity and dependencies survive the CPU gap between two hypotheses
  ---
  duration_ms: 0.844709
  type: 'test'
  ...
# Subtest: resident cancel drains all lane credits, tickets and backing owners
ok 395 - resident cancel drains all lane credits, tickets and backing owners
  ---
  duration_ms: 1.730208
  type: 'test'
  ...
# Subtest: resident transport drains all lane credits, tickets and backing owners
ok 396 - resident transport drains all lane credits, tickets and backing owners
  ---
  duration_ms: 1.296792
  type: 'test'
  ...
# Subtest: resident planner counts Wasm linear growth and page rounding without changing the native ceiling
ok 397 - resident planner counts Wasm linear growth and page rounding without changing the native ceiling
  ---
  duration_ms: 1.082292
  type: 'test'
  ...
# Subtest: real resident native worker reports its grown capacity within the same admitted plan and matches an independent native reference
ok 398 - real resident native worker reports its grown capacity within the same admitted plan and matches an independent native reference
  ---
  duration_ms: 446.246666
  type: 'test'
  ...
# Subtest: surface admission includes all retained fields, source materialization and the real Wasm ceiling
ok 399 - surface admission includes all retained fields, source materialization and the real Wasm ceiling
  ---
  duration_ms: 2.726833
  type: 'test'
  ...
# Subtest: persistent worker admission retains the largest Wasm heap across unlike following jobs
ok 400 - persistent worker admission retains the largest Wasm heap across unlike following jobs
  ---
  duration_ms: 0.118625
  type: 'test'
  ...
# Subtest: disposing a resident pool cancels queued CPU admission and never creates a late worker
ok 401 - disposing a resident pool cancels queued CPU admission and never creates a late worker
  ---
  duration_ms: 4.171
  type: 'test'
  ...
# Subtest: a persistent resident worker yields its CPU lease to a queued GPU task between hypotheses
ok 402 - a persistent resident worker yields its CPU lease to a queued GPU task between hypotheses
  ---
  duration_ms: 1.449625
  type: 'test'
  ...
# Subtest: preparation keeps a fitting hot representation instead of spending its RAM on extra workers
ok 403 - preparation keeps a fitting hot representation instead of spending its RAM on extra workers
  ---
  duration_ms: 0.261833
  type: 'test'
  ...
# Subtest: cold result admission accounts for filtered fields and global coherence scratch
ok 404 - cold result admission accounts for filtered fields and global coherence scratch
  ---
  duration_ms: 0.35
  type: 'test'
  ...
# Subtest: worker transport pins and aliases immutable shared inputs without duplicating descriptor banks
ok 405 - worker transport pins and aliases immutable shared inputs without duplicating descriptor banks
  ---
  duration_ms: 4.37
  type: 'test'
  ...
# Subtest: failed field worker startup releases reservations and all shared input pins
ok 406 - failed field worker startup releases reservations and all shared input pins
  ---
  duration_ms: 4.901208
  type: 'test'
  ...
# Subtest: completed worker fields move to cold storage without discarding or recounting borrowed inputs
ok 407 - completed worker fields move to cold storage without discarding or recounting borrowed inputs
  ---
  duration_ms: 0.679458
  type: 'test'
  ...
# Subtest: SIMD independent pixels preserve scalar descriptor bits and global candidate decisions
ok 408 - SIMD independent pixels preserve scalar descriptor bits and global candidate decisions
  ---
  duration_ms: 2393.483958
  type: 'test'
  ...
# Subtest: compatibility fallback compiles the real scalar job without a capability probe
ok 409 - compatibility fallback compiles the real scalar job without a capability probe
  ---
  duration_ms: 5.879625
  type: 'test'
  ...
# Subtest: allocation and download failures are not hidden by a scalar fallback
ok 410 - allocation and download failures are not hidden by a scalar fallback
  ---
  duration_ms: 1.544292
  type: 'test'
  ...
# Subtest: every asynchronously completed row segment respects all first and second order predecessors
ok 411 - every asynchronously completed row segment respects all first and second order predecessors
  ---
  duration_ms: 90.247916
  type: 'test'
  ...
# Subtest: elastic null retires only the bad lane and preserves committed tiles
ok 412 - elastic null retires only the bad lane and preserves committed tiles
  ---
  duration_ms: 11.724125
  type: 'test'
  ...
# Subtest: elastic messageerror retires only the bad lane and preserves committed tiles
ok 413 - elastic messageerror retires only the bad lane and preserves committed tiles
  ---
  duration_ms: 4.382459
  type: 'test'
  ...
# Subtest: elastic unexpected retires only the bad lane and preserves committed tiles
ok 414 - elastic unexpected retires only the bad lane and preserves committed tiles
  ---
  duration_ms: 3.910125
  type: 'test'
  ...
# Subtest: five unreadable messages stop one elastic tile without holding CPU or replaying peers
ok 415 - five unreadable messages stop one elastic tile without holding CPU or replaying peers
  ---
  duration_ms: 6.6255
  type: 'test'
  ...
# Subtest: dense kernel null during bootstrap terminates pending native commands
ok 416 - dense kernel null during bootstrap terminates pending native commands
  ---
  duration_ms: 0.744
  type: 'test'
  ...
# Subtest: dense kernel null during compute terminates pending native commands
ok 417 - dense kernel null during compute terminates pending native commands
  ---
  duration_ms: 0.602208
  type: 'test'
  ...
# Subtest: dense kernel messageerror during bootstrap terminates pending native commands
ok 418 - dense kernel messageerror during bootstrap terminates pending native commands
  ---
  duration_ms: 0.211417
  type: 'test'
  ...
# Subtest: dense kernel messageerror during compute terminates pending native commands
ok 419 - dense kernel messageerror during compute terminates pending native commands
  ---
  duration_ms: 0.256333
  type: 'test'
  ...
# Subtest: dense kernel unexpected during bootstrap terminates pending native commands
ok 420 - dense kernel unexpected during bootstrap terminates pending native commands
  ---
  duration_ms: 0.234375
  type: 'test'
  ...
# Subtest: dense kernel unexpected during compute terminates pending native commands
ok 421 - dense kernel unexpected during compute terminates pending native commands
  ---
  duration_ms: 0.43825
  type: 'test'
  ...
# Subtest: dense field null returns its parent CPU and storage ownership
ok 422 - dense field null returns its parent CPU and storage ownership
  ---
  duration_ms: 5.261792
  type: 'test'
  ...
# Subtest: dense field messageerror returns its parent CPU and storage ownership
ok 423 - dense field messageerror returns its parent CPU and storage ownership
  ---
  duration_ms: 0.477667
  type: 'test'
  ...
# Subtest: dense field unexpected returns its parent CPU and storage ownership
ok 424 - dense field unexpected returns its parent CPU and storage ownership
  ---
  duration_ms: 0.620791
  type: 'test'
  ...
# Subtest: SIFT null retries only detached input tile at unchanged width
ok 425 - SIFT null retries only detached input tile at unchanged width
  ---
  duration_ms: 7.019041
  type: 'test'
  ...
# Subtest: SIFT messageerror retries only detached input tile at unchanged width
ok 426 - SIFT messageerror retries only detached input tile at unchanged width
  ---
  duration_ms: 3.783458
  type: 'test'
  ...
# Subtest: SIFT unexpected retries only detached input tile at unchanged width
ok 427 - SIFT unexpected retries only detached input tile at unchanged width
  ---
  duration_ms: 3.782708
  type: 'test'
  ...
# Subtest: SIFT allocation retries only detached input tile at unchanged width
ok 428 - SIFT allocation retries only detached input tile at unchanged width
  ---
  duration_ms: 5.721542
  type: 'test'
  ...
# Subtest: SIFT transport guard terminates after five unreadable replies without global replay
ok 429 - SIFT transport guard terminates after five unreadable replies without global replay
  ---
  duration_ms: 5.082084
  type: 'test'
  ...
# Subtest: SIFT unavailable distinguishes local GPU fallback from numerical failure
ok 430 - SIFT unavailable distinguishes local GPU fallback from numerical failure
  ---
  duration_ms: 1.03025
  type: 'test'
  ...
# Subtest: SIFT lost distinguishes local GPU fallback from numerical failure
ok 431 - SIFT lost distinguishes local GPU fallback from numerical failure
  ---
  duration_ms: 0.413417
  type: 'test'
  ...
# Subtest: SIFT numeric distinguishes local GPU fallback from numerical failure
ok 432 - SIFT numeric distinguishes local GPU fallback from numerical failure
  ---
  duration_ms: 0.485
  type: 'test'
  ...
# Subtest: SIFT cancellation during a broken lane retry settles admission and retains committed output
ok 433 - SIFT cancellation during a broken lane retry settles admission and retains committed output
  ---
  duration_ms: 0.976083
  type: 'test'
  ...
# { cases: 6, heap: 33554432 }
# Subtest: haloed resident Zernike reproduces full descriptors and global fields including seams/mirrors
ok 434 - haloed resident Zernike reproduces full descriptors and global fields including seams/mirrors
  ---
  duration_ms: 2857.37825
  type: 'test'
  ...
# Subtest: six native profiles preserve base duo and append scale/reflection hypotheses
ok 435 - six native profiles preserve base duo and append scale/reflection hypotheses
  ---
  duration_ms: 1.830541
  type: 'test'
  ...
# Subtest: ROI identity survives coincident and overlapping polygons, with owned coordinates
ok 436 - ROI identity survives coincident and overlapping polygons, with owned coordinates
  ---
  duration_ms: 0.364333
  type: 'test'
  ...
# Subtest: support and normalization preserve descriptor grids and zero vectors
ok 437 - support and normalization preserve descriptor grids and zero vectors
  ---
  duration_ms: 1.088375
  type: 'test'
  ...
# Subtest: real WASM respects masks, distances, deterministic candidate pools and empty outcome
ok 438 - real WASM respects masks, distances, deterministic candidate pools and empty outcome
  ---
  duration_ms: 25.8575
  type: 'test'
  ...
# Subtest: reciprocal links deduplicate by distance and source tie, then sample native ranks
ok 439 - reciprocal links deduplicate by distance and source tie, then sample native ranks
  ---
  duration_ms: 0.357583
  type: 'test'
  ...
# Subtest: paired SIFT supports use integer centers and preserve reflected target order
ok 440 - paired SIFT supports use integer centers and preserve reflected target order
  ---
  duration_ms: 0.405667
  type: 'test'
  ...
# Subtest: coherence evaluates all pixels, rejects incomplete disks and removes small components
ok 441 - coherence evaluates all pixels, rejects incomplete disks and removes small components
  ---
  duration_ms: 4.193416
  type: 'test'
  ...
# Subtest: image jobs retain overlapping contexts and native crop halo and distance compaction
ok 442 - image jobs retain overlapping contexts and native crop halo and distance compaction
  ---
  duration_ms: 2.342917
  type: 'test'
  ...
# Subtest: overwrite, insertion, deletion and EOF insertion use original coordinates and own input snapshots
ok 443 - overwrite, insertion, deletion and EOF insertion use original coordinates and own input snapshots
  ---
  duration_ms: 4.334583
  type: 'test'
  ...
# Subtest: invalid edits, memory refusal and cancellation release reservations
ok 444 - invalid edits, memory refusal and cancellation release reservations
  ---
  duration_ms: 3.761291
  type: 'test'
  ...
# Subtest: large immutable Blob is sliced without arrayBuffer materialization
ok 445 - large immutable Blob is sliced without arrayBuffer materialization
  ---
  duration_ms: 2.251667
  type: 'test'
  ...
# Subtest: public engine preserves source and caches and can reuse after cancellation
ok 446 - public engine preserves source and caches and can reuse after cancellation
  ---
  duration_ms: 14.961917
  type: 'test'
  ...
# Subtest: segmented JPEG uses original Blob under its existing small budget
ok 447 - segmented JPEG uses original Blob under its existing small budget
  ---
  duration_ms: 64.342167
  type: 'test'
  ...
# Subtest: Color moments and Marr-Hildreth match all existing native fixtures and original-byte downsampling cases
ok 448 - Color moments and Marr-Hildreth match all existing native fixtures and original-byte downsampling cases
  ---
  duration_ms: 1093.914875
  type: 'test'
  ...
# Subtest: extra hashes refuse unadmitted memory and stop between useful kernels
ok 449 - extra hashes refuse unadmitted memory and stop between useful kernels
  ---
  duration_ms: 45.874208
  type: 'test'
  ...
# Subtest: public segmented digest returns six exact image hashes, immutable cache and JSON
ok 450 - public segmented digest returns six exact image hashes, immutable cache and JSON
  ---
  duration_ms: 2486.331625
  type: 'test'
  ...
# Subtest: public cancellation during image hashing retains source and leaves no partial result cache
ok 451 - public cancellation during image hashing retains source and leaves no partial result cache
  ---
  duration_ms: 2675.723
  type: 'test'
  ...
# Subtest: six bounded perceptual hashes match the existing native RGB corpus
ok 452 - six bounded perceptual hashes match the existing native RGB corpus
  ---
  duration_ms: 2565.019125
  type: 'test'
  ...
# Subtest: six bounded hashes match native downsampling, 2x resize and 3.52 MP JPEG
ok 453 - six bounded hashes match native downsampling, 2x resize and 3.52 MP JPEG
  ---
  duration_ms: 7377.383208
  type: 'test'
  ...
# Subtest: memory refusal and cancellation release all row and native reservations
ok 454 - memory refusal and cancellation release all row and native reservations
  ---
  duration_ms: 11.236667
  type: 'test'
  ...
# Subtest: all eight oriented surface mappings match independently oriented native hashes
ok 455 - all eight oriented surface mappings match independently oriented native hashes
  ---
  duration_ms: 3194.965958
  type: 'test'
  ...
# Subtest: All ten native cryptographic algorithms match independent streaming digests
ok 456 - All ten native cryptographic algorithms match independent streaming digests
  ---
  duration_ms: 168.488292
  type: 'test'
  ...
# Subtest: File digest cancellation stops between chunks
ok 457 - File digest cancellation stops between chunks
  ---
  duration_ms: 28.67225
  type: 'test'
  ...
# Subtest: public segmented DCT adapter preserves the native evidence and owned cache
ok 458 - public segmented DCT adapter preserves the native evidence and owned cache
  ---
  duration_ms: 964.9665
  type: 'test'
  ...
# Premature end of JPEG file
# Subtest: Stored JPEG coefficients and lattice decisions match 13 native files and 335 histogram cases; cache and JSON preserve evidence
ok 459 - Stored JPEG coefficients and lattice decisions match 13 native files and 335 histogram cases; cache and JSON preserve evidence
  ---
  duration_ms: 780.106083
  type: 'test'
  ...
# Subtest: Staged Echo arithmetic preserves all 900 native radius/contrast/gray outputs
ok 460 - Staged Echo arithmetic preserves all 900 native radius/contrast/gray outputs
  ---
  duration_ms: 1425.902875
  type: 'test'
  ...
# Subtest: Echo starts only useful row jobs; transferred windows preserve source ownership and global extrema
ok 461 - Echo starts only useful row jobs; transferred windows preserve source ownership and global extrema
  ---
  duration_ms: 118.728292
  type: 'test'
  ...
# Subtest: Echo cancels workers before releasing partial stores and retries only resource failures once
ok 462 - Echo cancels workers before releasing partial stores and retries only resource failures once
  ---
  duration_ms: 160.91675
  type: 'test'
  ...
# Subtest: 27 streamed cell descriptors retain native profiles, background and support across arbitrary bands
ok 463 - 27 streamed cell descriptors retain native profiles, background and support across arbitrary bands
  ---
  duration_ms: 2739.468375
  type: 'test'
  ...
# Subtest: partial bottom cells and halo boundaries match the qualified contiguous descriptor exactly
ok 464 - partial bottom cells and halo boundaries match the qualified contiguous descriptor exactly
  ---
  duration_ms: 227.66575
  type: 'test'
  ...
# Subtest: streamed descriptor error, memory, cancellation and reuse retain ownership rules
ok 465 - streamed descriptor error, memory, cancellation and reuse retain ownership rules
  ---
  duration_ms: 142.27575
  type: 'test'
  ...
# Subtest: bounded descriptor windows preserve native full-width halo arithmetic and distant cell identities
ok 466 - bounded descriptor windows preserve native full-width halo arithmetic and distant cell identities
  ---
  duration_ms: 1834.338333
  type: 'test'
  ...
# {"width":12003,"key":"content","maximum":0,"mean":0}
# {"width":12003,"key":"profiles","maximum":0,"mean":0}
# {"width":12003,"key":"background","maximum":0,"mean":0}
# {"width":12003,"key":"usable","maximum":0,"mean":0}
# {"width":6001,"key":"content","maximum":0,"mean":0}
# {"width":6001,"key":"profiles","maximum":0,"mean":0}
# {"width":6001,"key":"background","maximum":2.384185791015625e-7,"mean":1.4100023495253697e-8}
# {"width":6001,"key":"usable","maximum":0,"mean":0}
# Subtest: ELA quality/spatial coherence and seeded legacy/Ghost/background segmentation match native
ok 467 - ELA quality/spatial coherence and seeded legacy/Ghost/background segmentation match native
  ---
  duration_ms: 2467.765375
  type: 'test'
  ...
# Subtest: Ghost area integration exactly registers fractional phases and invalid incomplete cells
ok 468 - Ghost area integration exactly registers fractional phases and invalid incomplete cells
  ---
  duration_ms: 112.626083
  type: 'test'
  ...
# Subtest: coherence cannot seed a new region; only retained legacy/Ghost/background components can
ok 469 - coherence cannot seed a new region; only retained legacy/Ghost/background components can
  ---
  duration_ms: 29.776167
  type: 'test'
  ...
# Subtest: cell preparation validates inputs and responds to cancellation
ok 470 - cell preparation validates inputs and responds to cancellation
  ---
  duration_ms: 1.626459
  type: 'test'
  ...
# {
#   status: 'passed',
#   preparations: 27,
#   scoreGroups: 9,
#   segmentations: 27,
#   values: 195486,
#   maximumContentError: 0,
#   peakAccountedBytes: 134705916
# }
# Subtest: original RGB, real JPEG, descriptor bands, native content peers and cell regions
ok 471 - original RGB, real JPEG, descriptor bands, native content peers and cell regions
  ---
  duration_ms: 3607.148166
  type: 'test'
  ...
# Subtest: descriptor memory refusal and cancellation release admission
ok 472 - descriptor memory refusal and cancellation release admission
  ---
  duration_ms: 53.97925
  type: 'test'
  ...
# Subtest: Native tail-knee quantiles and prominence match across generated images and sampling boundaries
ok 473 - Native tail-knee quantiles and prominence match across generated images and sampling boundaries
  ---
  duration_ms: 308.865416
  type: 'test'
  ...
# Subtest: Independent one-sided native Otsu deviations match generated score distributions
ok 474 - Independent one-sided native Otsu deviations match generated score distributions
  ---
  duration_ms: 119.781666
  type: 'test'
  ...
# Subtest: Named scientific profiles and decimal rounding preserve native settings, Conservative defaults remain1/99 and5/5
ok 475 - Named scientific profiles and decimal rounding preserve native settings, Conservative defaults remain1/99 and5/5
  ---
  duration_ms: 14.482459
  type: 'test'
  ...
# Subtest: Automatic scientific estimation rejects invalid scope and budget and accepts cancellation
ok 476 - Automatic scientific estimation rejects invalid scope and budget and accepts cancellation
  ---
  duration_ms: 0.659875
  type: 'test'
  ...
# Subtest: Each manual energy edit preserves the other three values and never reapplies automatic or standard settings
ok 477 - Each manual energy edit preserves the other three values and never reapplies automatic or standard settings
  ---
  duration_ms: 1.642833
  type: 'test'
  ...
# Subtest: Manual intent at an unchanged endpoint invalidates a pending profile estimate and its stale render
ok 478 - Manual intent at an unchanged endpoint invalidates a pending profile estimate and its stale render
  ---
  duration_ms: 0.152959
  type: 'test'
  ...
# Subtest: Explicit profile requests may update all four controls once; snapshots remain independent and partial estimates are rejected
ok 479 - Explicit profile requests may update all four controls once; snapshots remain independent and partial estimates are rejected
  ---
  duration_ms: 0.419708
  type: 'test'
  ...
# Subtest: Completing an estimate invalidates renders for its old values; another profile request rejects the previous response
ok 480 - Completing an estimate invalidates renders for its old values; another profile request rejects the previous response
  ---
  duration_ms: 0.083167
  type: 'test'
  ...
# Subtest: Bounded float32 energy log matches all184549377 native values with sparse static corrections
ok 481 - Bounded float32 energy log matches all184549377 native values with sparse static corrections
  ---
  duration_ms: 2732.266083
  type: 'test'
  ...
# Subtest: 51 actual API original-byte energy pipelines reproduce every native plane, score, label and region
ok 482 - 51 actual API original-byte energy pipelines reproduce every native plane, score, label and region
  ---
  duration_ms: 11299.817834
  type: 'test'
  ...
# Subtest: Energy stage caches reuse recompressions and scores, results/NPZ/JSON retain owned exact arrays
ok 483 - Energy stage caches reuse recompressions and scores, results/NPZ/JSON retain owned exact arrays
  ---
  duration_ms: 354.400708
  type: 'test'
  ...
# Subtest: Energy calculation cancels during useful work, releases reservations and succeeds after retry
ok 484 - Energy calculation cancels during useful work, releases reservations and succeeds after retry
  ---
  duration_ms: 2423.136834
  type: 'test'
  ...
# Subtest: Shared engine budget refuses energy workspace without altering or losing the original
ok 485 - Shared engine budget refuses energy workspace without altering or losing the original
  ---
  duration_ms: 8.030375
  type: 'test'
  ...
# Subtest: 84 energy preparations reproduce native score/scope bytes and percentile statistics
ok 486 - 84 energy preparations reproduce native score/scope bytes and percentile statistics
  ---
  duration_ms: 932.800542
  type: 'test'
  ...
# Subtest: Energy preparation rejects invalid quantiles/domain, refuses admission, and cancels before returning maps
ok 487 - Energy preparation rejects invalid quantiles/domain, refuses admission, and cancels before returning maps
  ---
  duration_ms: 20.097959
  type: 'test'
  ...
# Subtest: Float32 residual luminance is exact for all RGB8 colours in native vector and scalar-tail orders
ok 488 - Float32 residual luminance is exact for all RGB8 colours in native vector and scalar-tail orders
  ---
  duration_ms: 134.942708
  type: 'test'
  ...
# Subtest: Sixty native residual gray and 7x7 energy blur pairs are bit exact including tails and tiny reflected borders
ok 489 - Sixty native residual gray and 7x7 energy blur pairs are bit exact including tails and tiny reflected borders
  ---
  duration_ms: 172.673958
  type: 'test'
  ...
# Subtest: Energy primitive input/budget checks and cooperative cancellation do not produce a partial scientific result
ok 490 - Energy primitive input/budget checks and cooperative cancellation do not produce a partial scientific result
  ---
  duration_ms: 11.8375
  type: 'test'
  ...
# Subtest: Energy hysteresis labels and region summaries match all generated native cases including zero/weak/strong boundaries
ok 491 - Energy hysteresis labels and region summaries match all generated native cases including zero/weak/strong boundaries
  ---
  duration_ms: 971.852
  type: 'test'
  ...
# Subtest: Energy colours use reference panel/class identity for all 512 native cases
ok 492 - Energy colours use reference panel/class identity for all 512 native cases
  ---
  duration_ms: 0.681667
  type: 'test'
  ...
# Subtest: Energy mask generation validates parameters, admits memory and supports cancellation
ok 493 - Energy mask generation validates parameters, admits memory and supports cancellation
  ---
  duration_ms: 12.214458
  type: 'test'
  ...
# Subtest: native cKDTree peers, robust legacy/background and 71-quality Ghost deficits
ok 494 - native cKDTree peers, robust legacy/background and 71-quality Ghost deficits
  ---
  duration_ms: 547.977792
  type: 'test'
  ...
# Subtest: peer scorer reserves before allocation and releases failures/cancellation
ok 495 - peer scorer reserves before allocation and releases failures/cancellation
  ---
  duration_ms: 145.438
  type: 'test'
  ...
# Subtest: native ELA cell operation, background, one/64 Ghost phases, caches and NPZ
ok 496 - native ELA cell operation, background, one/64 Ghost phases, caches and NPZ
  ---
  duration_ms: 24932.531167
  type: 'test'
  ...
# Subtest: cell operation cancellation and subsequent useful recovery
ok 497 - cell operation cancellation and subsequent useful recovery
  ---
  duration_ms: 239.940125
  type: 'test'
  ...
# Subtest: Native reference: synthetic
ok 498 - Native reference: synthetic
  ---
  duration_ms: 48.64775
  type: 'test'
  ...
# Subtest: Native reference: all-byte-pairs
ok 499 - Native reference: all-byte-pairs
  ---
  duration_ms: 51.719042
  type: 'test'
  ...
# Subtest: Parameters and cancellation
ok 500 - Parameters and cancellation
  ---
  duration_ms: 2.483958
  type: 'test'
  ...
# Subtest: Fused lookup output matches all 40 native expectations
ok 501 - Fused lookup output matches all 40 native expectations
  ---
  duration_ms: 223.785916
  type: 'test'
  ...
# Subtest: qualities grow from one to four workers after real competing CPU and RAM are returned
ok 502 - qualities grow from one to four workers after real competing CPU and RAM are returned
  ---
  duration_ms: 5.276666
  type: 'test'
  ...
# Subtest: bounded heaps persist between low-memory batches and are released only after termination
ok 503 - bounded heaps persist between low-memory batches and are released only after termination
  ---
  duration_ms: 0.968667
  type: 'test'
  ...
# Subtest: running useful streams are not retired to satisfy memory pressure
ok 504 - running useful streams are not retired to satisfy memory pressure
  ---
  duration_ms: 0.359958
  type: 'test'
  ...
# Subtest: more workers can be admitted by spilling cold data without re-running any stream
ok 505 - more workers can be admitted by spilling cold data without re-running any stream
  ---
  duration_ms: 0.178666
  type: 'test'
  ...
# Subtest: a first quality waits for admitted competing memory without occupying a CPU
ok 506 - a first quality waits for admitted competing memory without occupying a CPU
  ---
  duration_ms: 3.450833
  type: 'test'
  ...
# Subtest: cancelled memory admission never constructs a late quality worker
ok 507 - cancelled memory admission never constructs a late quality worker
  ---
  duration_ms: 2.691167
  type: 'test'
  ...
# Subtest: persistent workers grow their active concurrency when another detector returns CPUs
ok 508 - persistent workers grow their active concurrency when another detector returns CPUs
  ---
  duration_ms: 19.539958
  type: 'test'
  ...
# Subtest: idle native instances release real ownership under memory pressure and are recreated only for real work
ok 509 - idle native instances release real ownership under memory pressure and are recreated only for real work
  ---
  duration_ms: 2.209584
  type: 'test'
  ...
# Subtest: preparation and output writes do not retain CPU admission
ok 510 - preparation and output writes do not retain CPU admission
  ---
  duration_ms: 0.611042
  type: 'test'
  ...
# Subtest: disposing while CPU admission is queued does not start a late worker job
ok 511 - disposing while CPU admission is queued does not start a late worker job
  ---
  duration_ms: 1.854541
  type: 'test'
  ...
# Subtest: reservation split preserves ownership after its originating execution ends
ok 512 - reservation split preserves ownership after its originating execution ends
  ---
  duration_ms: 0.337333
  type: 'test'
  ...
# Subtest: tight memory reuses one native worker instead of repeatedly evicting it for queued lanes
ok 513 - tight memory reuses one native worker instead of repeatedly evicting it for queued lanes
  ---
  duration_ms: 3.818875
  type: 'test'
  ...
# Subtest: released peer memory starts additional useful lanes during the same preparation
ok 514 - released peer memory starts additional useful lanes during the same preparation
  ---
  duration_ms: 4.209958
  type: 'test'
  ...
# Subtest: multiple failed tile computations reprepare detached inputs without repeating completed tiles
ok 515 - multiple failed tile computations reprepare detached inputs without repeating completed tiles
  ---
  duration_ms: 86.599958
  type: 'test'
  ...
# Subtest: idempotent partial publication retains its result and never repeats preparation or computation
ok 516 - idempotent partial publication retains its result and never repeats preparation or computation
  ---
  duration_ms: 155.034708
  type: 'test'
  ...
# Subtest: failed source preparation retries only its tile and keeps the healthy worker
ok 517 - failed source preparation retries only its tile and keeps the healthy worker
  ---
  duration_ms: 90.340208
  type: 'test'
  ...
# Subtest: a consumer without an idempotent contract is never replayed
ok 518 - a consumer without an idempotent contract is never replayed
  ---
  duration_ms: 9.801333
  type: 'test'
  ...
# Subtest: five comparable failures of one tile stop without resetting the guard after repeated preparation
ok 519 - five comparable failures of one tile stop without resetting the guard after repeated preparation
  ---
  duration_ms: 256.246959
  type: 'test'
  ...
# Subtest: cancellation during local recovery releases its input scope, worker and pressure token
ok 520 - cancellation during local recovery releases its input scope, worker and pressure token
  ---
  duration_ms: 2.414458
  type: 'test'
  ...
# Subtest: segmented scientific profile sampling preserves every native estimate and one-sided Otsu threshold
ok 521 - segmented scientific profile sampling preserves every native estimate and one-sided Otsu threshold
  ---
  duration_ms: 394.625583
  type: 'test'
  ...
# Subtest: profile sample errors, refusal and cancellation release all owned buffers
ok 522 - profile sample errors, refusal and cancellation release all owned buffers
  ---
  duration_ms: 1.688042
  type: 'test'
  ...
# Subtest: progressive energy NPZ is byte-identical to contiguous scientific export across quality boundaries
ok 523 - progressive energy NPZ is byte-identical to contiguous scientific export across quality boundaries
  ---
  duration_ms: 82.439791
  type: 'test'
  ...
# Subtest: segmented preparation reproduces all 84 native energy maps, scopes and summaries with explicit panels
ok 524 - segmented preparation reproduces all 84 native energy maps, scopes and summaries with explicit panels
  ---
  duration_ms: 1196.408375
  type: 'test'
  ...
# Subtest: overlapping panels keep native overwrite order, skipped identities, and final median
ok 525 - overlapping panels keep native overwrite order, skipped identities, and final median
  ---
  duration_ms: 56.974917
  type: 'test'
  ...
# Subtest: preparation validates invalid values even outside panels and cleans every cancelled stage
ok 526 - preparation validates invalid values even outside panels and cleans every cancelled stage
  ---
  duration_ms: 56.599542
  type: 'test'
  ...
# Subtest: paged global energy hysteresis preserves every native label and region summary
ok 527 - paged global energy hysteresis preserves every native label and region summary
  ---
  duration_ms: 3100.589709
  type: 'test'
  ...
# Subtest: exact float32 rank selection retains wide domain, duplicate ranks and native even-median rounding
ok 528 - exact float32 rank selection retains wide domain, duplicate ranks and native even-median rounding
  ---
  duration_ms: 2.474542
  type: 'test'
  ...
# Subtest: invalid maps, admission, cancellation and consumer errors leave no unpublished region stores
ok 529 - invalid maps, admission, cancellation and consumer errors leave no unpublished region stores
  ---
  duration_ms: 1.973458
  type: 'test'
  ...
# Subtest: bounded order statistics and ordered reductions match native panel summaries for 84 energy preparations
ok 530 - bounded order statistics and ordered reductions match native panel summaries for 84 energy preparations
  ---
  duration_ms: 345.004084
  type: 'test'
  ...
# Subtest: quantile endpoints, empty central selection, reduction boundaries and failures are exact
ok 531 - quantile endpoints, empty central selection, reduction boundaries and failures are exact
  ---
  duration_ms: 1.315291
  type: 'test'
  ...
# Subtest: multi-read external-order quantiles preserve NumPy statistics at a million values
ok 532 - multi-read external-order quantiles preserve NumPy statistics at a million values
  ---
  duration_ms: 118.093333
  type: 'test'
  ...
# Subtest: all60 native energy planes remain exact across variable row bands and tiny reflected edges
ok 533 - all60 native energy planes remain exact across variable row bands and tiny reflected edges
  ---
  duration_ms: 77.751125
  type: 'test'
  ...
# Subtest: incomplete, misordered, cancelled and failing energy consumers release their bounded workspace
ok 534 - incomplete, misordered, cancelled and failing energy consumers release their bounded workspace
  ---
  duration_ms: 1.038625
  type: 'test'
  ...
# Subtest: global JPEG to segmented energy reuses completed encoded qualities and cleans failed output
ok 535 - global JPEG to segmented energy reuses completed encoded qualities and cleans failed output
  ---
  duration_ms: 131.266792
  type: 'test'
  ...
# Subtest: End-to-end native parity, defensive ownership, caches and lifecycle
ok 536 - End-to-end native parity, defensive ownership, caches and lifecycle
  ---
  duration_ms: 33.287125
  type: 'test'
  ...
# Subtest: Admission, unsupported modes, cancellation and no half-loaded image
ok 537 - Admission, unsupported modes, cancellation and no half-loaded image
  ---
  duration_ms: 18.265083
  type: 'test'
  ...
# Subtest: Concurrent work rejected, quality invalidates recompression
ok 538 - Concurrent work rejected, quality invalidates recompression
  ---
  duration_ms: 16.290958
  type: 'test'
  ...
# Subtest: Measured large-image lookup path stays byte-exact and reuses JPEG on gain change
ok 539 - Measured large-image lookup path stays byte-exact and reuses JPEG on gain change
  ---
  duration_ms: 203.479625
  type: 'test'
  ...
# Subtest: Native equalization above2^24 retains float32 count conversions in separation, magnifier and gradient
ok 540 - Native equalization above2^24 retains float32 count conversions in separation, magnifier and gradient
  ---
  duration_ms: 5132.325667
  type: 'test'
  ...
# Subtest: independent pools share CPU capacity and one GPU queue without preflight work
ok 541 - independent pools share CPU capacity and one GPU queue without preflight work
  ---
  duration_ms: 4.520208
  type: 'test'
  ...
# Subtest: memory and CPU are admitted together, then queued work resumes without retrying computation
ok 542 - memory and CPU are admitted together, then queued work resumes without retrying computation
  ---
  duration_ms: 0.3875
  type: 'test'
  ...
# Subtest: unrecoverable admission rejects instead of waiting forever for retained results
ok 543 - unrecoverable admission rejects instead of waiting forever for retained results
  ---
  duration_ms: 0.405458
  type: 'test'
  ...
# Subtest: queued cancellation removes listeners and cannot leak a late reservation
ok 544 - queued cancellation removes listeners and cannot leak a late reservation
  ---
  duration_ms: 0.341
  type: 'test'
  ...
# Subtest: exceptions and disposal return all leases and reject only pending work
ok 545 - exceptions and disposal return all leases and reject only pending work
  ---
  duration_ms: 0.316958
  type: 'test'
  ...
# Subtest: elastic useful batches take spare cores and expand after a peer finishes
ok 546 - elastic useful batches take spare cores and expand after a peer finishes
  ---
  duration_ms: 0.243292
  type: 'test'
  ...
# Subtest: elastic width fits accounted memory without oversubscribing CPUs or reserving failed widths
ok 547 - elastic width fits accounted memory without oversubscribing CPUs or reserving failed widths
  ---
  duration_ms: 0.174375
  type: 'test'
  ...
# Subtest: cold data is reclaimed asynchronously before admitting memory and no CPU is held during migration
ok 548 - cold data is reclaimed asynchronously before admitting memory and no CPU is held during migration
  ---
  duration_ms: 0.444875
  type: 'test'
  ...
# Subtest: cancellation during asynchronous reclamation cannot admit a late task
ok 549 - cancellation during asynchronous reclamation cannot admit a late task
  ---
  duration_ms: 5.521708
  type: 'test'
  ...
# Subtest: invalid elastic memory bounds reject without leaking execution capacity
ok 550 - invalid elastic memory bounds reject without leaking execution capacity
  ---
  duration_ms: 0.611375
  type: 'test'
  ...
# Subtest: a GPU coordinator returns only its own CPU while sibling native lanes stay admitted
ok 551 - a GPU coordinator returns only its own CPU while sibling native lanes stay admitted
  ---
  duration_ms: 0.310375
  type: 'test'
  ...
# Subtest: a queued GPU job permits all independent CPU slots that its current owner will not need
ok 552 - a queued GPU job permits all independent CPU slots that its current owner will not need
  ---
  duration_ms: 0.119375
  type: 'test'
  ...
# Subtest: GPU backfill preserves its successor minimum even when the GPU owner holds no CPU
ok 553 - GPU backfill preserves its successor minimum even when the GPU owner holds no CPU
  ---
  duration_ms: 0.090625
  type: 'test'
  ...
# Subtest: phase domains defer competing growth while the pressured operation can progress, without duplicating policy bytes
ok 554 - phase domains defer competing growth while the pressured operation can progress, without duplicating policy bytes
  ---
  duration_ms: 0.432417
  type: 'test'
  ...
# Subtest: pressure deferral never reserves CPUs ahead of the recovering parent child
ok 555 - pressure deferral never reserves CPUs ahead of the recovering parent child
  ---
  duration_ms: 0.309667
  type: 'test'
  ...
# Subtest: ExifTool 13.55 native complete grouped metadata, HTML and exact thumbnail bytes
ok 556 - ExifTool 13.55 native complete grouped metadata, HTML and exact thumbnail bytes
  ---
  duration_ms: 6319.713375
  type: 'test'
  ...
# Subtest: Fixed modes only and composite GPS validity / zero value
ok 557 - Fixed modes only and composite GPS validity / zero value
  ---
  duration_ms: 0.646125
  type: 'test'
  ...
# Subtest: one export registry preserves JSON metadata and original HDF5 bytes with independent lifetimes
ok 558 - one export registry preserves JSON metadata and original HDF5 bytes with independent lifetimes
  ---
  duration_ms: 22.747834
  type: 'test'
  ...
# Subtest: external contours match native order, holes, nested islands and border cases
ok 559 - external contours match native order, holes, nested islands and border cases
  ---
  duration_ms: 9402.782875
  type: 'test'
  ...
# Subtest: output admission failure and asynchronous cancellation release the working mask
ok 560 - output admission failure and asynchronous cancellation release the working mask
  ---
  duration_ms: 16.43325
  type: 'test'
  ...
# Subtest: native lane decisions, ties, normalized similarity thresholds and final masks
ok 561 - native lane decisions, ties, normalized similarity thresholds and final masks
  ---
  duration_ms: 82.184875
  type: 'test'
  ...
# Subtest: Auto lane gate uses blot candidates BEFORE intersection exclusion
ok 562 - Auto lane gate uses blot candidates BEFORE intersection exclusion
  ---
  duration_ms: 0.2905
  type: 'test'
  ...
# Subtest: strict two-axis intersection margin, thresholds, stable sort and explicit variants
ok 563 - strict two-axis intersection margin, thresholds, stable sort and explicit variants
  ---
  duration_ms: 0.169833
  type: 'test'
  ...
# Subtest: touching exclusions reject a panel before embeddings, boundary contact does not
ok 564 - touching exclusions reject a panel before embeddings, boundary contact does not
  ---
  duration_ms: 0.171
  type: 'test'
  ...
# Subtest: Auto accepts blot similarity evidence, standalone keeps candidates separate
ok 565 - Auto accepts blot similarity evidence, standalone keeps candidates separate
  ---
  duration_ms: 0.115458
  type: 'test'
  ...
# Subtest: lane groups use area >25 and transitive closure, not two-axis margin
ok 566 - lane groups use area >25 and transitive closure, not two-axis margin
  ---
  duration_ms: 0.085375
  type: 'test'
  ...
# Subtest: whole-panel expansion counts occurrences and strict >50%, exclusions remain empty
ok 567 - whole-panel expansion counts occurrences and strict >50%, exclusions remain empty
  ---
  duration_ms: 0.114959
  type: 'test'
  ...
# Subtest: lane matching cancellation and invalid partition reject instead of yielding partial success
ok 568 - lane matching cancellation and invalid partition reject instead of yielding partial success
  ---
  duration_ms: 0.412
  type: 'test'
  ...
# Subtest: Maximal cliques retain native shared-edge ownership and duplicate overwrite
ok 569 - Maximal cliques retain native shared-edge ownership and duplicate overwrite
  ---
  duration_ms: 7.162291
  type: 'test'
  ...
# Subtest: Native affine polygon areas, score statistics and exact rasterized masks
ok 570 - Native affine polygon areas, score statistics and exact rasterized masks
  ---
  duration_ms: 139.674542
  type: 'test'
  ...
# Subtest: Singular affine and cancellation have no successful result
ok 571 - Singular affine and cancellation have no successful result
  ---
  duration_ms: 0.653541
  type: 'test'
  ...
# Subtest: native adaptive microscopy controls at every threshold, equality and pruned totals
ok 572 - native adaptive microscopy controls at every threshold, equality and pruned totals
  ---
  duration_ms: 2.018042
  type: 'test'
  ...
# Subtest: final layer does not prune; original identities and prune counts survive successive gathers
ok 573 - final layer does not prune; original identities and prune counts survive successive gathers
  ---
  duration_ms: 0.329125
  type: 'test'
  ...
# Subtest: Forgeryscope waits for its whole input/output envelope before retrying admission
ok 574 - Forgeryscope waits for its whole input/output envelope before retrying admission
  ---
  duration_ms: 5.820584
  type: 'test'
  ...
# Subtest: Forgeryscope virtual float map preserves native cast and arbitrary byte windows
ok 575 - Forgeryscope virtual float map preserves native cast and arbitrary byte windows
  ---
  duration_ms: 1.889458
  type: 'test'
  ...
# Subtest: Forgeryscope source fields preserve full NPZ bytes and release export leases
ok 576 - Forgeryscope source fields preserve full NPZ bytes and release export leases
  ---
  duration_ms: 9.452125
  type: 'test'
  ...
# Subtest: native YOLO NMS, class separation, thresholds, clipping and rectangular coordinates
ok 577 - native YOLO NMS, class separation, thresholds, clipping and rectangular coordinates
  ---
  duration_ms: 374.246041
  type: 'test'
  ...
# Subtest: native panel exclusions, min side and rounded confidence
ok 578 - native panel exclusions, min side and rounded confidence
  ---
  duration_ms: 0.579666
  type: 'test'
  ...
# Subtest: YOLO cancellation and invalid tensors reject
ok 579 - YOLO cancellation and invalid tensors reject
  ---
  duration_ms: 0.691041
  type: 'test'
  ...
# Subtest: strip polar normalization and circle Gaussian axes preserve native frequency bases and masks
ok 580 - strip polar normalization and circle Gaussian axes preserve native frequency bases and masks
  ---
  duration_ms: 441.555667
  type: 'test'
  ...
# Subtest: Frequency split preserves 4320 native views, float32 base and threshold decisions; filter changes reuse analysis
ok 581 - Frequency split preserves 4320 native views, float32 base and threshold decisions; filter changes reuse analysis
  ---
  duration_ms: 4434.84875
  type: 'test'
  ...
# Subtest: Ghost maps retain native raw float64 block means and normalized cubes across quality endpoints and phase rolls
ok 582 - Ghost maps retain native raw float64 block means and normalized cubes across quality endpoints and phase rolls
  ---
  duration_ms: 6200.786416
  type: 'test'
  ...
# Subtest: All 640 native gradient views share private derivatives, resetting length extrema after inversion
ok 583 - All 640 native gradient views share private derivatives, resetting length extrema after inversion
  ---
  duration_ms: 13260.643416
  type: 'test'
  ...
# Subtest: Cached gradient orientation, cancellation, eviction and low-budget uncached path remain exact
ok 584 - Cached gradient orientation, cancellation, eviction and low-budget uncached path remain exact
  ---
  duration_ms: 7118.396542
  type: 'test'
  ...
# Subtest: Staged arithmetic reproduces all 640 native gradient variants, including global normalization and equalization
ok 585 - Staged arithmetic reproduces all 640 native gradient variants, including global normalization and equalization
  ---
  duration_ms: 1651.730917
  type: 'test'
  ...
# Subtest: header-only API agrees with byte parser without pixel decode, source registration or full JPEG read
ok 586 - header-only API agrees with byte parser without pixel decode, source registration or full JPEG read
  ---
  duration_ms: 51.313542
  type: 'test'
  ...
# Subtest: header-only cancellation, malformed input and memory refusal leave engine reusable
ok 587 - header-only cancellation, malformed input and memory refusal leave engine reusable
  ---
  duration_ms: 11.453083
  type: 'test'
  ...
# { outputs: 1440, maxNumericError: 1.1227130336521896e-14 }
# Subtest: native illuminant: all methods, cells, transfers, exclusions and views
ok 588 - native illuminant: all methods, cells, transfers, exclusions and views
  ---
  duration_ms: 6999.352333
  type: 'test'
  ...
# Subtest: PNG/TIFF source bytes and native RGB conversion, including alpha and 16-bit inputs
ok 589 - PNG/TIFF source bytes and native RGB conversion, including alpha and 16-bit inputs
  ---
  duration_ms: 69.278375
  type: 'test'
  ...
# Subtest: Four supported perceptual hashes match native bytes on every fixture
ok 590 - Four supported perceptual hashes match native bytes on every fixture
  ---
  duration_ms: 89.002709
  type: 'test'
  ...
# Subtest: Fresh CPU pools dispatch requested work once: no baseline, probe or repeated candidate
ok 591 - Fresh CPU pools dispatch requested work once: no baseline, probe or repeated candidate
  ---
  duration_ms: 3.456584
  type: 'test'
  ...
# Subtest: Fresh GPU preparation creates only its required device/pipeline and dispatches no probe
ok 592 - Fresh GPU preparation creates only its required device/pipeline and dispatches no probe
  ---
  duration_ms: 0.300208
  type: 'test'
  ...
# Subtest: paged libjpeg coefficients equal all native histograms with forced backing stores
ok 593 - paged libjpeg coefficients equal all native histograms with forced backing stores
  ---
  duration_ms: 1668.110167
  type: 'test'
  ...
# Subtest: paged coefficients release stores and reservations on I/O failure, cancellation and truncation
ok 594 - paged coefficients release stores and reservations on I/O failure, cancellation and truncation
  ---
  duration_ms: 297.068
  type: 'test'
  ...
# Subtest: bounded coefficient admission fails before allocating storage
ok 595 - bounded coefficient admission fails before allocating storage
  ---
  duration_ms: 0.245417
  type: 'test'
  ...
# Subtest: paged original RGB decode preserves baseline and progressive native-codec pixels
ok 596 - paged original RGB decode preserves baseline and progressive native-codec pixels
  ---
  duration_ms: 613.156666
  type: 'test'
  ...
# Subtest: progressive decode closes backing stores after output failure or cancellation
ok 597 - progressive decode closes backing stores after output failure or cancellation
  ---
  duration_ms: 437.929584
  type: 'test'
  ...
# Subtest: one global RGB JPEG streamed through external bytes matches every native recompression fixture
ok 598 - one global RGB JPEG streamed through external bytes matches every native recompression fixture
  ---
  duration_ms: 3007.634833
  type: 'test'
  ...
# Subtest: encoded cache keeps two qualities, hits skip encoding, cancellation leaves no partial cache
ok 599 - encoded cache keeps two qualities, hits skip encoding, cancellation leaves no partial cache
  ---
  duration_ms: 100.064166
  type: 'test'
  ...
# Subtest: RGB JPEG workspace refusal and a failed source read never leak cache storage
ok 600 - RGB JPEG workspace refusal and a failed source read never leak cache storage
  ---
  duration_ms: 9.914958
  type: 'test'
  ...
# Subtest: shared budget reclaims idle encoded RAM, but never the JPEG currently being decoded
ok 601 - shared budget reclaims idle encoded RAM, but never the JPEG currently being decoded
  ---
  duration_ms: 36.359291
  type: 'test'
  ...
# Subtest: JPEG scanline decoding preserves baseline/progressive/gray/orientation pixels for different group sizes
ok 602 - JPEG scanline decoding preserves baseline/progressive/gray/orientation pixels for different group sizes
  ---
  duration_ms: 14733.369333
  type: 'test'
  ...
# Subtest: JPEG row cancellation frees decoder working buffers and allows clean reload without publishing partial data
ok 603 - JPEG row cancellation frees decoder working buffers and allows clean reload without publishing partial data
  ---
  duration_ms: 26.052958
  type: 'test'
  ...
# Subtest: paged JSON preserves current numeric arrays, escapes, nulls and key order
ok 604 - paged JSON preserves current numeric arrays, escapes, nulls and key order
  ---
  duration_ms: 6.893625
  type: 'test'
  ...
# Subtest: large integer fields write bounded chunks, cancellation and limits release
ok 605 - large integer fields write bounded chunks, cancellation and limits release
  ---
  duration_ms: 45.954167
  type: 'test'
  ...
# Subtest: trufor streamed NPZ matches legacy bytes including unaligned reads
ok 606 - trufor streamed NPZ matches legacy bytes including unaligned reads
  ---
  duration_ms: 13.668709
  type: 'test'
  ...
# Subtest: composite streamed NPZ matches legacy bytes including unaligned reads
ok 607 - composite streamed NPZ matches legacy bytes including unaligned reads
  ---
  duration_ms: 11.668208
  type: 'test'
  ...
# Subtest: catnet streamed NPZ matches legacy bytes including unaligned reads
ok 608 - catnet streamed NPZ matches legacy bytes including unaligned reads
  ---
  duration_ms: 5.750583
  type: 'test'
  ...
# Subtest: cfa streamed NPZ matches legacy bytes including unaligned reads
ok 609 - cfa streamed NPZ matches legacy bytes including unaligned reads
  ---
  duration_ms: 6.597041
  type: 'test'
  ...
# Subtest: forgeryscope streamed NPZ matches legacy bytes including unaligned reads
ok 610 - forgeryscope streamed NPZ matches legacy bytes including unaligned reads
  ---
  duration_ms: 10.365667
  type: 'test'
  ...
# Subtest: Large archive fits a small export budget and preparation cancellation releases it
ok 611 - Large archive fits a small export budget and preparation cancellation releases it
  ---
  duration_ms: 275.822583
  type: 'test'
  ...
# Subtest: TruFor tensor-backed async NPZ matches all dense bytes across unaligned windows
ok 612 - TruFor tensor-backed async NPZ matches all dense bytes across unaligned windows
  ---
  duration_ms: 16.879958
  type: 'test'
  ...
# Subtest: CAT-Net segmented maps preserve dense NPZ bytes including odd byte offsets
ok 613 - CAT-Net segmented maps preserve dense NPZ bytes including odd byte offsets
  ---
  duration_ms: 7.817333
  type: 'test'
  ...
# Subtest: Composite async NPZ preserves scalar types in segmented byte and float banks
ok 614 - Composite async NPZ preserves scalar types in segmented byte and float banks
  ---
  duration_ms: 11.622375
  type: 'test'
  ...
# Subtest: automatic Panels+Text empty-panel result completes without requiring OCR weights
ok 615 - automatic Panels+Text empty-panel result completes without requiring OCR weights
  ---
  duration_ms: 19.671125
  type: 'test'
  ...
# Subtest: sparse NPZ checks the metadata bound before building a large nested mirror
ok 616 - sparse NPZ checks the metadata bound before building a large nested mirror
  ---
  duration_ms: 0.722583
  type: 'test'
  ...
# Subtest: equal96MP aspect ratios reach resource admission instead of a texture-axis guard
ok 617 - equal96MP aspect ratios reach resource admission instead of a texture-axis guard
  ---
  duration_ms: 0.870584
  type: 'test'
  ...
# Subtest: native pixel-index overflow and invalid dimensions fail before allocation
ok 618 - native pixel-index overflow and invalid dimensions fail before allocation
  ---
  duration_ms: 0.743666
  type: 'test'
  ...
# Subtest: long-axis oriented source lease preserves bytes and releases on success/failure 1
ok 619 - long-axis oriented source lease preserves bytes and releases on success/failure 1
  ---
  duration_ms: 48.157875
  type: 'test'
  ...
# Subtest: long-axis oriented source lease preserves bytes and releases on success/failure 6
ok 620 - long-axis oriented source lease preserves bytes and releases on success/failure 6
  ---
  duration_ms: 65.812709
  type: 'test'
  ...
# Subtest: learned candidate graph preserves all edges beyond 6000 points
ok 621 - learned candidate graph preserves all edges beyond 6000 points
  ---
  duration_ms: 132.583
  type: 'test'
  ...
# Subtest: learned graph keeps more than four million directed edges globally
ok 622 - learned graph keeps more than four million directed edges globally
  ---
  duration_ms: 415.140917
  type: 'test'
  ...
# Subtest: typed confidence ordering preserves mutual choices and endpoint order
ok 623 - typed confidence ordering preserves mutual choices and endpoint order
  ---
  duration_ms: 0.950541
  type: 'test'
  ...
# Subtest: confidence threshold cut preserves native greedy seen flags and ties
ok 624 - confidence threshold cut preserves native greedy seen flags and ties
  ---
  duration_ms: 1.997042
  type: 'test'
  ...
# Subtest: typed correspondence pages reduce page size under pressure and preserve last assignment and contexts
ok 625 - typed correspondence pages reduce page size under pressure and preserve last assignment and contexts
  ---
  duration_ms: 1.976583
  type: 'test'
  ...
# Subtest: 30001 historical points survive response selection and enter useful Hamming work
ok 626 - 30001 historical points survive response selection and enter useful Hamming work
  ---
  duration_ms: 61.903166
  type: 'test'
  ...
# Subtest: global historical grouping retains more than the former 128 MiB index allowance
ok 627 - global historical grouping retains more than the former 128 MiB index allowance
  ---
  duration_ms: 1442.255416
  type: 'test'
  ...
# Subtest: spatial matcher keeps every pair beyond 100000, with separate context provenance
ok 628 - spatial matcher keeps every pair beyond 100000, with separate context provenance
  ---
  duration_ms: 184.23625
  type: 'test'
  ...
# Subtest: G2NN retains more than 100000 deduplicated pairs across global contexts
ok 629 - G2NN retains more than 100000 deduplicated pairs across global contexts
  ---
  duration_ms: 596.300209
  type: 'test'
  ...
# Subtest: G2NN training blocks preserve global neighbours across staging boundaries
ok 630 - G2NN training blocks preserve global neighbours across staging boundaries
  ---
  duration_ms: 1111.089125
  type: 'test'
  ...
# Subtest: research result windows preserve native nearest sampling and oriented RGB 1
ok 631 - research result windows preserve native nearest sampling and oriented RGB 1
  ---
  duration_ms: 69.530583
  type: 'test'
  ...
# Subtest: research result windows preserve native nearest sampling and oriented RGB 2
ok 632 - research result windows preserve native nearest sampling and oriented RGB 2
  ---
  duration_ms: 59.705125
  type: 'test'
  ...
# Subtest: research result windows preserve native nearest sampling and oriented RGB 3
ok 633 - research result windows preserve native nearest sampling and oriented RGB 3
  ---
  duration_ms: 60.059375
  type: 'test'
  ...
# Subtest: research result windows preserve native nearest sampling and oriented RGB 4
ok 634 - research result windows preserve native nearest sampling and oriented RGB 4
  ---
  duration_ms: 61.921666
  type: 'test'
  ...
# Subtest: research result windows preserve native nearest sampling and oriented RGB 5
ok 635 - research result windows preserve native nearest sampling and oriented RGB 5
  ---
  duration_ms: 69.032542
  type: 'test'
  ...
# Subtest: research result windows preserve native nearest sampling and oriented RGB 6
ok 636 - research result windows preserve native nearest sampling and oriented RGB 6
  ---
  duration_ms: 70.553541
  type: 'test'
  ...
# Subtest: research result windows preserve native nearest sampling and oriented RGB 7
ok 637 - research result windows preserve native nearest sampling and oriented RGB 7
  ---
  duration_ms: 68.234375
  type: 'test'
  ...
# Subtest: research result windows preserve native nearest sampling and oriented RGB 8
ok 638 - research result windows preserve native nearest sampling and oriented RGB 8
  ---
  duration_ms: 69.206167
  type: 'test'
  ...
# Subtest: map windows need no RGB source reads and refusal releases reservations
ok 639 - map windows need no RGB source reads and refusal releases reservations
  ---
  duration_ms: 2.293292
  type: 'test'
  ...
# Subtest: M3 segmented oriented source lease 1
ok 640 - M3 segmented oriented source lease 1
  ---
  duration_ms: 10.413042
  type: 'test'
  ...
# Subtest: M3 segmented oriented source lease 2
ok 641 - M3 segmented oriented source lease 2
  ---
  duration_ms: 20.338334
  type: 'test'
  ...
# Subtest: M3 segmented oriented source lease 3
ok 642 - M3 segmented oriented source lease 3
  ---
  duration_ms: 20.08825
  type: 'test'
  ...
# Subtest: M3 segmented oriented source lease 4
ok 643 - M3 segmented oriented source lease 4
  ---
  duration_ms: 16.778291
  type: 'test'
  ...
# Subtest: M3 segmented oriented source lease 5
ok 644 - M3 segmented oriented source lease 5
  ---
  duration_ms: 19.2675
  type: 'test'
  ...
# Subtest: M3 segmented oriented source lease 6
ok 645 - M3 segmented oriented source lease 6
  ---
  duration_ms: 15.222625
  type: 'test'
  ...
# Subtest: M3 segmented oriented source lease 7
ok 646 - M3 segmented oriented source lease 7
  ---
  duration_ms: 18.178959
  type: 'test'
  ...
# Subtest: M3 segmented oriented source lease 8
ok 647 - M3 segmented oriented source lease 8
  ---
  duration_ms: 18.97025
  type: 'test'
  ...
# Subtest: M3 materialization refusal releases earlier source and preserves original stores
ok 648 - M3 materialization refusal releases earlier source and preserves original stores
  ---
  duration_ms: 2.268792
  type: 'test'
  ...
# { outputs: 440 }
# Subtest: native magnifier: clipped ROI, empty regions, equalization and contrast
ok 649 - native magnifier: clipped ROI, empty regions, equalization and contrast
  ---
  duration_ms: 1049.057667
  type: 'test'
  ...
# Subtest: Median API owns local model bytes, caches analysis across views and invalidates model dependencies
ok 650 - Median API owns local model bytes, caches analysis across views and invalidates model dependencies
  ---
  duration_ms: 181.488625
  type: 'test'
  ...
# Subtest: Median loading and analysis failures leave no active model reservations
ok 651 - Median loading and analysis failures leave no active model reservations
  ---
  duration_ms: 142.041416
  type: 'test'
  ...
# Subtest: Segmented median RPC contract owns grid masks and tracks local model cache dependencies
ok 652 - Segmented median RPC contract owns grid masks and tracks local model cache dependencies
  ---
  duration_ms: 160.231042
  type: 'test'
  ...
# Subtest: All four median feature formats preserve native float32 model inputs and declared float64 tolerance
ok 653 - All four median feature formats preserve native float32 model inputs and declared float64 tolerance
  ---
  duration_ms: 12398.358917
  type: 'test'
  ...
# Subtest: Median block extraction rejects layout/format mismatches and pre-cancelled work
ok 654 - Median block extraction rejects layout/format mismatches and pre-cancelled work
  ---
  duration_ms: 0.511833
  type: 'test'
  ...
# Subtest: Strict numeric model preserves float32 inputs, missing directions, sequential margins and owned scores
ok 655 - Strict numeric model preserves float32 inputs, missing directions, sequential margins and owned scores
  ---
  duration_ms: 15.306084
  type: 'test'
  ...
# Subtest: Invalid topology, layouts and byte budgets fail before a model is retained
ok 656 - Invalid topology, layouts and byte budgets fail before a model is retained
  ---
  duration_ms: 23.38575
  type: 'test'
  ...
# Subtest: Cancellation and disposal during useful model work release every counted buffer
ok 657 - Cancellation and disposal during useful model work release every counted buffer
  ---
  duration_ms: 7.898958
  type: 'test'
  ...
# Subtest: Median score filtering, variance/threshold decisions and linear64 RGB crops match native rendering
ok 658 - Median score filtering, variance/threshold decisions and linear64 RGB crops match native rendering
  ---
  duration_ms: 15949.695375
  type: 'test'
  ...
# Subtest: Median RGB luminance, black padding, complete batches and zero score border match native inputs
ok 659 - Median RGB luminance, black padding, complete batches and zero score border match native inputs
  ---
  duration_ms: 3018.013125
  type: 'test'
  ...
# Subtest: Median parameters and cancellation reject incomplete work
ok 660 - Median parameters and cancellation reject incomplete work
  ---
  duration_ms: 14.323042
  type: 'test'
  ...
# Subtest: Median pool starts useful batches at fitting capacity with no calibration and frees workers
ok 661 - Median pool starts useful batches at fitting capacity with no calibration and frees workers
  ---
  duration_ms: 136.725666
  type: 'test'
  ...
# Subtest: Median pool releases reservations and only retries recognized resource failures once
ok 662 - Median pool releases reservations and only retries recognized resource failures once
  ---
  duration_ms: 125.265292
  type: 'test'
  ...
# Subtest: Median worker admission preserves bounded source-window headroom without charging it twice
ok 663 - Median worker admission preserves bounded source-window headroom without charging it twice
  ---
  duration_ms: 1.890333
  type: 'test'
  ...
# Subtest: real Asyncify growth preserves native field targets, distances and comparison count
ok 664 - real Asyncify growth preserves native field targets, distances and comparison count
  ---
  duration_ms: 136.830541
  type: 'test'
  ...
# Subtest: broker mutable read renews a multiblock destination after every await
ok 665 - broker mutable read renews a multiblock destination after every await
  ---
  duration_ms: 7.364292
  type: 'test'
  ...
# Subtest: broker immutable read renews a multiblock destination after every await
ok 666 - broker immutable read renews a multiblock destination after every await
  ---
  duration_ms: 6.286458
  type: 'test'
  ...
# Subtest: broker writes all blocks despite growth
ok 667 - broker writes all blocks despite growth
  ---
  duration_ms: 6.440875
  type: 'test'
  ...
# Subtest: closing a Wasm owner during a broker read rejects the operation without publishing bytes
ok 668 - closing a Wasm owner during a broker read rejects the operation without publishing bytes
  ---
  duration_ms: 0.366167
  type: 'test'
  ...
# Subtest: resident segmented transfers remain synchronous with renewable ranges
ok 669 - resident segmented transfers remain synchronous with renewable ranges
  ---
  duration_ms: 0.248583
  type: 'test'
  ...
# Subtest: shared cache renews a waiting destination and always unlocks a rejected hit
ok 670 - shared cache renews a waiting destination and always unlocks a rejected hit
  ---
  duration_ms: 2.252666
  type: 'test'
  ...
# Subtest: Wasm ranges retain fixed addresses across growth and invalidate with their owner
ok 671 - Wasm ranges retain fixed addresses across growth and invalidate with their owner
  ---
  duration_ms: 1.664417
  type: 'test'
  ...
# Subtest: an ordinary borrowed range rejects detachment instead of becoming empty
ok 672 - an ordinary borrowed range rejects detachment instead of becoming empty
  ---
  duration_ms: 0.210792
  type: 'test'
  ...
# Subtest: range bounds are checked on creation and at every refreshed access
ok 673 - range bounds are checked on creation and at every refreshed access
  ---
  duration_ms: 0.096125
  type: 'test'
  ...
# Subtest: Synthetic GPS rationals and thumbnail offsets agree with independent reader and exact source bytes
ok 674 - Synthetic GPS rationals and thumbnail offsets agree with independent reader and exact source bytes
  ---
  duration_ms: 8.360083
  type: 'test'
  ...
# Subtest: All eight EXIF orientations, both byte orders, ICC and XMP preserve native RGB and source bytes
ok 675 - All eight EXIF orientations, both byte orders, ICC and XMP preserve native RGB and source bytes
  ---
  duration_ms: 102.801167
  type: 'test'
  ...
# Subtest: Malformed metadata is bounded and rejected explicitly
ok 676 - Malformed metadata is bounded and rejected explicitly
  ---
  duration_ms: 2.202708
  type: 'test'
  ...
# Subtest: migration owners share one allowance and keep it until the last in-flight I/O ends
ok 677 - migration owners share one allowance and keep it until the last in-flight I/O ends
  ---
  duration_ms: 4.137583
  type: 'test'
  ...
# Subtest: cancelled migration queue entries do not block later useful I/O
ok 678 - cancelled migration queue entries do not block later useful I/O
  ---
  duration_ms: 2.563125
  type: 'test'
  ...
# Subtest: store allocation failure releases the migration allowance and delete errors do not strand it
ok 679 - store allocation failure releases the migration allowance and delete errors do not strand it
  ---
  duration_ms: 3.667666
  type: 'test'
  ...
# Subtest: migration accounting survives a live buffer beyond operation completion
ok 680 - migration accounting survives a live buffer beyond operation completion
  ---
  duration_ms: 1.622417
  type: 'test'
  ...
# Subtest: Published neural handles and paged scientific exports own separate lifetimes
ok 681 - Published neural handles and paged scientific exports own separate lifetimes
  ---
  duration_ms: 22.559875
  type: 'test'
  ...
# Subtest: Cancellation or publication failure rolls back all unpublished neural planes
ok 682 - Cancellation or publication failure rolls back all unpublished neural planes
  ---
  duration_ms: 1.007375
  type: 'test'
  ...
# Subtest: Queued abort leaves active worker intact; output lease and dispose release separately
ok 683 - Queued abort leaves active worker intact; output lease and dispose release separately
  ---
  duration_ms: 4.358875
  type: 'test'
  ...
# Subtest: Useful allocation failure admits a larger real heap once, without a calibration job
ok 684 - Useful allocation failure admits a larger real heap once, without a calibration job
  ---
  duration_ms: 0.694875
  type: 'test'
  ...
# Subtest: Admission refusal and identity failure leave no active reservations
ok 685 - Admission refusal and identity failure leave no active reservations
  ---
  duration_ms: 0.590708
  type: 'test'
  ...
# Subtest: Auto uses CPU when GPU residency cannot fit, without disabling later GPU work
ok 686 - Auto uses CPU when GPU residency cannot fit, without disabling later GPU work
  ---
  duration_ms: 1.964083
  type: 'test'
  ...
# Subtest: Immutable input reuse avoids retransmission and keeps its residency charged
ok 687 - Immutable input reuse avoids retransmission and keeps its residency charged
  ---
  duration_ms: 0.821792
  type: 'test'
  ...
# Subtest: Separate neural pools initialize together but share a single admitted GPU execution
ok 688 - Separate neural pools initialize together but share a single admitted GPU execution
  ---
  duration_ms: 4.485292
  type: 'test'
  ...
# Subtest: Cancelling after initialization removes the pending execution without touching another pool
ok 689 - Cancelling after initialization removes the pending execution without touching another pool
  ---
  duration_ms: 0.827583
  type: 'test'
  ...
# Subtest: Idle reclamation drops only enough inexpensive model residency for the requested allocation
ok 690 - Idle reclamation drops only enough inexpensive model residency for the requested allocation
  ---
  duration_ms: 0.517167
  type: 'test'
  ...
# Subtest: GPU failure releases its execution lease before the useful CPU retry
ok 691 - GPU failure releases its execution lease before the useful CPU retry
  ---
  duration_ms: 0.436541
  type: 'test'
  ...
# Subtest: ORT CPU width follows shared capacity between useful jobs without multiplying worker teams
ok 692 - ORT CPU width follows shared capacity between useful jobs without multiplying worker teams
  ---
  duration_ms: 1.132583
  type: 'test'
  ...
# Subtest: GPU inference proceeds while all CPU slots are occupied and retains no CPU slot
ok 693 - GPU inference proceeds while all CPU slots are occupied and retains no CPU slot
  ---
  duration_ms: 0.231708
  type: 'test'
  ...
# Subtest: Hybrid CFA exchanges its GPU admission for CPU work and returns the CPU slot before GPU wait
ok 694 - Hybrid CFA exchanges its GPU admission for CPU work and returns the CPU slot before GPU wait
  ---
  duration_ms: 0.323125
  type: 'test'
  ...
# Subtest: Opaque ORT WebGPU retains one CPU admission for possible WASM fallback operators
ok 695 - Opaque ORT WebGPU retains one CPU admission for possible WASM fallback operators
  ---
  duration_ms: 0.21025
  type: 'test'
  ...
# Subtest: neural null during initialization settles all ownership and allows a fresh worker
ok 696 - neural null during initialization settles all ownership and allows a fresh worker
  ---
  duration_ms: 8.857458
  type: 'test'
  ...
# Subtest: neural null during compute settles all ownership and allows a fresh worker
ok 697 - neural null during compute settles all ownership and allows a fresh worker
  ---
  duration_ms: 1.320709
  type: 'test'
  ...
# Subtest: neural messageerror during initialization settles all ownership and allows a fresh worker
ok 698 - neural messageerror during initialization settles all ownership and allows a fresh worker
  ---
  duration_ms: 1.047542
  type: 'test'
  ...
# Subtest: neural messageerror during compute settles all ownership and allows a fresh worker
ok 699 - neural messageerror during compute settles all ownership and allows a fresh worker
  ---
  duration_ms: 0.992208
  type: 'test'
  ...
# Subtest: neural unexpected during initialization settles all ownership and allows a fresh worker
ok 700 - neural unexpected during initialization settles all ownership and allows a fresh worker
  ---
  duration_ms: 1.363208
  type: 'test'
  ...
# Subtest: neural unexpected during compute settles all ownership and allows a fresh worker
ok 701 - neural unexpected during compute settles all ownership and allows a fresh worker
  ---
  duration_ms: 0.564709
  type: 'test'
  ...
# Subtest: neural deserialization failure removes its queued GPU admission without touching a peer
ok 702 - neural deserialization failure removes its queued GPU admission without touching a peer
  ---
  duration_ms: 0.836583
  type: 'test'
  ...
# Subtest: neural cancellation drains its active lease and ignores queued late messages
ok 703 - neural cancellation drains its active lease and ignores queued late messages
  ---
  duration_ms: 0.922292
  type: 'test'
  ...
# Subtest: neural transport failure retires only its worker while a companion publishes its result
ok 704 - neural transport failure retires only its worker while a companion publishes its result
  ---
  duration_ms: 0.880166
  type: 'test'
  ...
# Subtest: neural serialized compute errors retain their cause instead of becoming transport errors
ok 705 - neural serialized compute errors retain their cause instead of becoming transport errors
  ---
  duration_ms: 0.790209
  type: 'test'
  ...
# Subtest: neural endpoint reports null rather than leaving its parent pending
ok 706 - neural endpoint reports null rather than leaving its parent pending
  ---
  duration_ms: 1.7245
  type: 'test'
  ...
# Subtest: neural endpoint reports messageerror rather than leaving its parent pending
ok 707 - neural endpoint reports messageerror rather than leaving its parent pending
  ---
  duration_ms: 0.856291
  type: 'test'
  ...
# Subtest: neural endpoint reports unexpected rather than leaving its parent pending
ok 708 - neural endpoint reports unexpected rather than leaving its parent pending
  ---
  duration_ms: 1.153167
  type: 'test'
  ...
# Subtest: neural endpoint reports execute rather than leaving its parent pending
ok 709 - neural endpoint reports execute rather than leaving its parent pending
  ---
  duration_ms: 0.94775
  type: 'test'
  ...
# Subtest: Canonical neural identity hashes oriented RGB, memoizes only completed reads and releases every window
ok 710 - Canonical neural identity hashes oriented RGB, memoizes only completed reads and releases every window
  ---
  duration_ms: 56.2575
  type: 'test'
  ...
# Subtest: Both controllers consume real row crops, keep only serializable context and recompose cached grids
ok 711 - Both controllers consume real row crops, keep only serializable context and recompose cached grids
  ---
  duration_ms: 18.454333
  type: 'test'
  ...
# Subtest: independent ORT CPU output ownership moves without a second array allocation
ok 712 - independent ORT CPU output ownership moves without a second array allocation
  ---
  duration_ms: 1.484
  type: 'test'
  ...
# Subtest: feed aliases, borrowed slices and pinned memory retain their copy boundary
ok 713 - feed aliases, borrowed slices and pinned memory retain their copy boundary
  ---
  duration_ms: 0.130375
  type: 'test'
  ...
# Subtest: shared output storage is copied and duplicate owned buffers transfer once
ok 714 - shared output storage is copied and duplicate owned buffers transfer once
  ---
  duration_ms: 0.289667
  type: 'test'
  ...
# Subtest: Neural numeric/mask handles remain owned across sibling disposal and streaming exports preserve native NPY fields
ok 715 - Neural numeric/mask handles remain owned across sibling disposal and streaming exports preserve native NPY fields
  ---
  duration_ms: 43.90075
  type: 'test'
  ...
# Subtest: Neural streamed export cancellation/limit leaves its scientific stores available
ok 716 - Neural streamed export cancellation/limit leaves its scientific stores available
  ---
  duration_ms: 13.402083
  type: 'test'
  ...
# Subtest: Row preparations preserve all Torch and Pillow native tensor references across arbitrary strips
ok 717 - Row preparations preserve all Torch and Pillow native tensor references across arbitrary strips
  ---
  duration_ms: 4328.395791
  type: 'test'
  ...
# Subtest: Oriented half-open ROI reads match contiguous preparations and retain source bytes
ok 718 - Oriented half-open ROI reads match contiguous preparations and retain source bytes
  ---
  duration_ms: 777.329833
  type: 'test'
  ...
# Subtest: Rows preparation cancellation, malformed reads and memory refusal release windows and allow retry
ok 719 - Rows preparation cancellation, malformed reads and memory refusal release windows and allow retry
  ---
  duration_ms: 68.17625
  type: 'test'
  ...
# Subtest: Bounded projection rows preserve native full-output float bits for D2PRL and CMSeg domains
ok 720 - Bounded projection rows preserve native full-output float bits for D2PRL and CMSeg domains
  ---
  duration_ms: 5337.707666
  type: 'test'
  ...
# Subtest: Projection cancellation, consumer failure, nonfinite data and admission errors preserve input and release staging
ok 721 - Projection cancellation, consumer failure, nonfinite data and admission errors preserve input and release staging
  ---
  duration_ms: 9.912
  type: 'test'
  ...
# Subtest: channel-major windows cross byte pages and use complete global reductions
ok 722 - channel-major windows cross byte pages and use complete global reductions
  ---
  duration_ms: 30.918584
  type: 'test'
  ...
# Subtest: strided local operators retain halos, align phase and cover outputs exactly once
ok 723 - strided local operators retain halos, align phase and cover outputs exactly once
  ---
  duration_ms: 4.201958
  type: 'test'
  ...
# Subtest: temporary tensors retain >4 GiB offsets without allocating a global buffer
ok 724 - temporary tensors retain >4 GiB offsets without allocating a global buffer
  ---
  duration_ms: 4.149
  type: 'test'
  ...
# Subtest: cancelled and failed window reads release their scratch leases
ok 725 - cancelled and failed window reads release their scratch leases
  ---
  duration_ms: 2.981958
  type: 'test'
  ...
# Subtest: GPU graph preserves ordered passes with two activation buffers and bounded command batches
ok 726 - GPU graph preserves ordered passes with two activation buffers and bounded command batches
  ---
  duration_ms: 3.827167
  type: 'test'
  ...
# Subtest: Replacing model identity and failed useful execution release retained GPU resources
ok 727 - Replacing model identity and failed useful execution release retained GPU resources
  ---
  duration_ms: 0.787834
  type: 'test'
  ...
# Subtest: Smaller useful windows reuse the arena and expose only the current output extent
ok 728 - Smaller useful windows reuse the arena and expose only the current output extent
  ---
  duration_ms: 0.459334
  type: 'test'
  ...
# Subtest: 96MP two-bit memberships retain repeated marks and full native byte export
ok 729 - 96MP two-bit memberships retain repeated marks and full native byte export
  ---
  duration_ms: 4552.184792
  type: 'test'
  ...
# Subtest: insufficient spare RAM keeps the byte-page fallback; cancellation releases packed data
ok 730 - insufficient spare RAM keeps the byte-page fallback; cancellation releases packed data
  ---
  duration_ms: 0.525209
  type: 'test'
  ...
# { cases: 8 }
# Subtest: external global selection preserves all channel/bin orders and flags with stored sparse patches
ok 731 - external global selection preserves all channel/bin orders and flags with stored sparse patches
  ---
  duration_ms: 4567.815583
  type: 'test'
  ...
# { nativeViews: 360 }
# Subtest: global stored selection, ordered growth and three views retain native outputs
ok 732 - global stored selection, ordered growth and three views retain native outputs
  ---
  duration_ms: 15736.353792
  type: 'test'
  ...
# Subtest: cancel stored analysis phases and keep published old view alive across cache replacement
ok 733 - cancel stored analysis phases and keep published old view alive across cache replacement
  ---
  duration_ms: 1026.757334
  type: 'test'
  ...
# Subtest: NPZ pages match existing archive bytes, including int64 IDs and BGR distribution
ok 734 - NPZ pages match existing archive bytes, including int64 IDs and BGR distribution
  ---
  duration_ms: 353.776958
  type: 'test'
  ...
# Subtest: stored byte8x8 standard deviations preserve every native sum bit and ties
ok 735 - stored byte8x8 standard deviations preserve every native sum bit and ties
  ---
  duration_ms: 64.38425
  type: 'test'
  ...
# Subtest: selected RGB patch samples preserve native deviations through all source orientations
ok 736 - selected RGB patch samples preserve native deviations through all source orientations
  ---
  duration_ms: 176.51825
  type: 'test'
  ...
# { cases: 36 }
# Subtest: segmented statistics preserve native global means, validity and DCT
ok 737 - segmented statistics preserve native global means, validity and DCT
  ---
  duration_ms: 1559.654333
  type: 'test'
  ...
# Subtest: megapixel segmented statistics retain global FFT grid and clean cancellation
ok 738 - megapixel segmented statistics retain global FFT grid and clean cancellation
  ---
  duration_ms: 12048.247875
  type: 'test'
  ...
# Subtest: Noisesniffer native statistics, unstable selection ties, positive regions and three views
ok 739 - Noisesniffer native statistics, unstable selection ties, positive regions and three views
  ---
  duration_ms: 3643.792792
  type: 'test'
  ...
# Subtest: Noisesniffer original FMA statistics and independent DCT bands preserve each native value
ok 740 - Noisesniffer original FMA statistics and independent DCT bands preserve each native value
  ---
  duration_ms: 1375.566459
  type: 'test'
  ...
# Subtest: Noisesniffer 1 MP statistics retain the full native bitstream without resizing
ok 741 - Noisesniffer 1 MP statistics retain the full native bitstream without resizing
  ---
  duration_ms: 6192.438833
  type: 'test'
  ...
# Subtest: Noisesniffer public lifecycle, defensive buffers, stage/view caches and exports
ok 742 - Noisesniffer public lifecycle, defensive buffers, stage/view caches and exports
  ---
  duration_ms: 510.99525
  type: 'test'
  ...
# Subtest: Noisesniffer reports numerical ambiguity instead of silently changing a boundary decision
ok 743 - Noisesniffer reports numerical ambiguity instead of silently changing a boundary decision
  ---
  duration_ms: 1.885666
  type: 'test'
  ...
# Subtest: Noisesniffer budget and parameter rejection leave the source intact
ok 744 - Noisesniffer budget and parameter rejection leave the source intact
  ---
  duration_ms: 3.43625
  type: 'test'
  ...
# Subtest: Scientific row banks preserve float64, float32 and bytes through unaligned byte pages
ok 745 - Scientific row banks preserve float64, float32 and bytes through unaligned byte pages
  ---
  duration_ms: 17.553292
  type: 'test'
  ...
# Subtest: Numeric bank cancellation and invalid scalar types never retain scratch memory
ok 746 - Numeric bank cancellation and invalid scalar types never retain scratch memory
  ---
  duration_ms: 1.165083
  type: 'test'
  ...
# Subtest: scientific windows preserve float/int bits, coordinate offsets and independent output ownership
ok 747 - scientific windows preserve float/int bits, coordinate offsets and independent output ownership
  ---
  duration_ms: 9.796291
  type: 'test'
  ...
# Subtest: external paired sort preserves NumPy unstable ties, NaNs and adversarial partitions
ok 748 - external paired sort preserves NumPy unstable ties, NaNs and adversarial partitions
  ---
  duration_ms: 358.814167
  type: 'test'
  ...
# Subtest: OPFS logical arrays cross GiB and uint32 seams with short physical I/O
ok 749 - OPFS logical arrays cross GiB and uint32 seams with short physical I/O
  ---
  duration_ms: 4.783541
  type: 'test'
  ...
# Subtest: OPFS cleans partial multi-file allocation and restores logical admission
ok 750 - OPFS cleans partial multi-file allocation and restores logical admission
  ---
  duration_ms: 0.513083
  type: 'test'
  ...
# Subtest: OPFS rejects impossible successful byte counts and failed truncation
ok 751 - OPFS rejects impossible successful byte counts and failed truncation
  ---
  duration_ms: 0.420292
  type: 'test'
  ...
# Subtest: source orientation cache keeps raw store, IDs, metadata and exact whole/cropped pixels
ok 752 - source orientation cache keeps raw store, IDs, metadata and exact whole/cropped pixels
  ---
  duration_ms: 450.525292
  type: 'test'
  ...
# Subtest: cache failure and cancellation remove only the cache and leave raw source owned
ok 753 - cache failure and cancellation remove only the cache and leave raw source owned
  ---
  duration_ms: 16.27725
  type: 'test'
  ...
# Subtest: optional orientation cache falls back only on resource limits and preserves raw ownership
ok 754 - optional orientation cache falls back only on resource limits and preserves raw ownership
  ---
  duration_ms: 0.465417
  type: 'test'
  ...
# Subtest: both source stores are released even if one disposer throws synchronously
ok 755 - both source stores are released even if one disposer throws synchronously
  ---
  duration_ms: 8.337542
  type: 'test'
  ...
# Subtest: segmented PCA keeps native basis and every view across chunk boundaries and orientation
ok 756 - segmented PCA keeps native basis and every view across chunk boundaries and orientation
  ---
  duration_ms: 9642.137667
  type: 'test'
  ...
# Subtest: temporary PCA arrays close on cancellation and preserve source on failed writes
ok 757 - temporary PCA arrays close on cancellation and preserve source on failed writes
  ---
  duration_ms: 840.117666
  type: 'test'
  ...
# Subtest: PCA preserves native float64 axes, eigenvalues and every rendered view
ok 758 - PCA preserves native float64 axes, eigenvalues and every rendered view
  ---
  duration_ms: 998.57825
  type: 'test'
  ...
# Subtest: Pixel operations share admission, lifecycle, provenance and defensive cache ownership
ok 759 - Pixel operations share admission, lifecycle, provenance and defensive cache ownership
  ---
  duration_ms: 64.449958
  type: 'test'
  ...
# Subtest: Defect CSV bytes match native export for all radius/kind/view/threshold variants
ok 760 - Defect CSV bytes match native export for all radius/kind/view/threshold variants
  ---
  duration_ms: 354.084666
  type: 'test'
  ...
# Subtest: Cancellation does not publish or retain partial masks and results
ok 761 - Cancellation does not publish or retain partial masks and results
  ---
  duration_ms: 27.571709
  type: 'test'
  ...
# Subtest: colors.stats matches native pixels, masks and numeric data for all fixtures
ok 762 - colors.stats matches native pixels, masks and numeric data for all fixtures
  ---
  duration_ms: 87.938708
  type: 'test'
  ...
# Subtest: noise.planes matches native pixels, masks and numeric data for all fixtures
ok 763 - noise.planes matches native pixels, masks and numeric data for all fixtures
  ---
  duration_ms: 2856.058417
  type: 'test'
  ...
# Subtest: inspection.histogram matches native pixels, masks and numeric data for all fixtures
ok 764 - inspection.histogram matches native pixels, masks and numeric data for all fixtures
  ---
  duration_ms: 209.526125
  type: 'test'
  ...
# Subtest: noise.minmax matches native pixels, masks and numeric data for all fixtures
ok 765 - noise.minmax matches native pixels, masks and numeric data for all fixtures
  ---
  duration_ms: 5330.408834
  type: 'test'
  ...
# Subtest: pixels.defects matches native pixels, masks and numeric data for all fixtures
ok 766 - pixels.defects matches native pixels, masks and numeric data for all fixtures
  ---
  duration_ms: 1388.595542
  type: 'test'
  ...
# Subtest: Pixel tool parameters reject unknown keys and invalid variants
ok 767 - Pixel tool parameters reject unknown keys and invalid variants
  ---
  duration_ms: 0.570292
  type: 'test'
  ...
# Subtest: Histogram preserves integer counts beyond the float32 exact limit
ok 768 - Histogram preserves integer counts beyond the float32 exact limit
  ---
  duration_ms: 262.192667
  type: 'test'
  ...
# Subtest: camera preserves normalized axes and projected center
ok 769 - camera preserves normalized axes and projected center
  ---
  duration_ms: 1.785208
  type: 'test'
  ...
# Subtest: values-only layout bypasses redundant CPU geometry without changing data
ok 770 - values-only layout bypasses redundant CPU geometry without changing data
  ---
  duration_ms: 0.242292
  type: 'test'
  ...
# Subtest: RGB/HSV plot values, axes, color and alpha match native; view changes reuse analysis
ok 771 - RGB/HSV plot values, axes, color and alpha match native; view changes reuse analysis
  ---
  duration_ms: 4420.729542
  type: 'test'
  ...
# Subtest: PNG eXIf directories GPS and thumbnail match native before and after IDAT
ok 772 - PNG eXIf directories GPS and thumbnail match native before and after IDAT
  ---
  duration_ms: 74.920333
  type: 'test'
  ...
# Subtest: duplicated or out-of-range PNG eXIf is explicitly rejected
ok 773 - duplicated or out-of-range PNG eXIf is explicitly rejected
  ---
  duration_ms: 1.584459
  type: 'test'
  ...
# Subtest: native PNG packed gray, palette/tRNS, Adam7 and EXIF orientation through both load paths
ok 774 - native PNG packed gray, palette/tRNS, Adam7 and EXIF orientation through both load paths
  ---
  duration_ms: 190.360542
  type: 'test'
  ...
# Subtest: unsupported PNG depth/type and coding methods fail before decode
ok 775 - unsupported PNG depth/type and coding methods fail before decode
  ---
  duration_ms: 1.25775
  type: 'test'
  ...
# Subtest: sparse PNG headers skip image/compressed metadata bytes and preserve late eXIf absolute offsets
ok 776 - sparse PNG headers skip image/compressed metadata bytes and preserve late eXIf absolute offsets
  ---
  duration_ms: 42.812542
  type: 'test'
  ...
# Subtest: PNG chunk corruption, ambiguous EXIF, oversized metadata and cancellation recover cleanly
ok 777 - PNG chunk corruption, ambiguous EXIF, oversized metadata and cancellation recover cleanly
  ---
  duration_ms: 16.407459
  type: 'test'
  ...
# Subtest: all qualified PNG depth, palette, Adam7 and EXIF cases keep identical structural headers
ok 778 - all qualified PNG depth, palette, Adam7 and EXIF cases keep identical structural headers
  ---
  duration_ms: 170.933208
  type: 'test'
  ...
# Subtest: 22MP public PNG stream and six native hashes retain source bytes without contiguous staging
ok 779 - 22MP public PNG stream and six native hashes retain source bytes without contiguous staging
  ---
  duration_ms: 4261.090625
  type: 'test'
  ...
# Subtest: Adam7 segmented source supports the non-JPEG quality curve and explicit decode cancellation
ok 780 - Adam7 segmented source supports the non-JPEG quality curve and explicit decode cancellation
  ---
  duration_ms: 3633.917
  type: 'test'
  ...
# Subtest: segmented animated PNG is explicitly refused before frame interpretation
ok 781 - segmented animated PNG is explicitly refused before frame interpretation
  ---
  duration_ms: 58.001459
  type: 'test'
  ...
# Subtest: libpng async scanlines preserve native RGB across depths, palette, alpha, Adam7 and EXIF orientation
ok 782 - libpng async scanlines preserve native RGB across depths, palette, alpha, Adam7 and EXIF orientation
  ---
  duration_ms: 722.499666
  type: 'test'
  ...
# Subtest: PNG stream corrupt/truncated input, source-read cancellation and budget refusal release native admission
ok 783 - PNG stream corrupt/truncated input, source-read cancellation and budget refusal release native admission
  ---
  duration_ms: 24.515958
  type: 'test'
  ...
# Subtest: admission refusal reports exact credit and reclaims only its shortfall
ok 784 - admission refusal reports exact credit and reclaims only its shortfall
  ---
  duration_ms: 1.98275
  type: 'test'
  ...
# Subtest: policy wait ignores commits and physical retirements until enough credit is available
ok 785 - policy wait ignores commits and physical retirements until enough credit is available
  ---
  duration_ms: 8.56475
  type: 'test'
  ...
# Subtest: policy wait cancellation retires its budget and graph subscriptions without replay
ok 786 - policy wait cancellation retires its budget and graph subscriptions without replay
  ---
  duration_ms: 0.821459
  type: 'test'
  ...
# Subtest: policy recovery does not treat a dependency cycle as an independent producer
ok 787 - policy recovery does not treat a dependency cycle as an independent producer
  ---
  duration_ms: 0.6715
  type: 'test'
  ...
# Subtest: a peer that cannot free enough credit resumes the five-failure guard when it stops
ok 788 - a peer that cannot free enough credit resumes the five-failure guard when it stops
  ---
  duration_ms: 1.269083
  type: 'test'
  ...
# Subtest: a failed reclaim retargets its domain and then completes the original reclaim before useful retry
ok 789 - a failed reclaim retargets its domain and then completes the original reclaim before useful retry
  ---
  duration_ms: 2.827625
  type: 'test'
  ...
# Subtest: cancellation of an inner policy recovery releases all nested pressures
ok 790 - cancellation of an inner policy recovery releases all nested pressures
  ---
  duration_ms: 0.836291
  type: 'test'
  ...
# Subtest: alternating domains in reclaim share one guard and never replay the useful allocation
ok 791 - alternating domains in reclaim share one guard and never replay the useful allocation
  ---
  duration_ms: 0.441708
  type: 'test'
  ...
# Subtest: same-domain nested failures still resume the original reclaim with its own error context
ok 792 - same-domain nested failures still resume the original reclaim with its own error context
  ---
  duration_ms: 0.405333
  type: 'test'
  ...
# Subtest: owner null settles pending IO and keeps its staging until the active read exits
ok 793 - owner null settles pending IO and keeps its staging until the active read exits
  ---
  duration_ms: 31.419625
  type: 'test'
  ...
# Subtest: owner invalid settles pending IO and keeps its staging until the active read exits
ok 794 - owner invalid settles pending IO and keeps its staging until the active read exits
  ---
  duration_ms: 1.740375
  type: 'test'
  ...
# Subtest: owner messageerror settles pending IO and keeps its staging until the active read exits
ok 795 - owner messageerror settles pending IO and keeps its staging until the active read exits
  ---
  duration_ms: 1.033208
  type: 'test'
  ...
# Subtest: owner close settles pending IO and keeps its staging until the active read exits
ok 796 - owner close settles pending IO and keeps its staging until the active read exits
  ---
  duration_ms: 0.438041
  type: 'test'
  ...
# Subtest: owner cancel settles pending IO and keeps its staging until the active read exits
ok 797 - owner cancel settles pending IO and keeps its staging until the active read exits
  ---
  duration_ms: 0.682458
  type: 'test'
  ...
# Subtest: reader null rejects every pending RPC once and is never reused
ok 798 - reader null rejects every pending RPC once and is never reused
  ---
  duration_ms: 0.490083
  type: 'test'
  ...
# Subtest: reader unknown-id rejects every pending RPC once and is never reused
ok 799 - reader unknown-id rejects every pending RPC once and is never reused
  ---
  duration_ms: 0.39725
  type: 'test'
  ...
# Subtest: reader short-read rejects every pending RPC once and is never reused
ok 800 - reader short-read rejects every pending RPC once and is never reused
  ---
  duration_ms: 0.353833
  type: 'test'
  ...
# Subtest: reader messageerror rejects every pending RPC once and is never reused
ok 801 - reader messageerror rejects every pending RPC once and is never reused
  ---
  duration_ms: 0.624583
  type: 'test'
  ...
# Subtest: reader close rejects every pending RPC once and is never reused
ok 802 - reader close rejects every pending RPC once and is never reused
  ---
  duration_ms: 0.566958
  type: 'test'
  ...
# Subtest: reader post-failure rejects every pending RPC once and is never reused
ok 803 - reader post-failure rejects every pending RPC once and is never reused
  ---
  duration_ms: 0.266792
  type: 'test'
  ...
# Subtest: invalid broker window is rejected before any reservation or RPC
ok 804 - invalid broker window is rejected before any reservation or RPC
  ---
  duration_ms: 0.10575
  type: 'test'
  ...
# Subtest: a later useful write failure preserves completed blocks and its structured cause
ok 805 - a later useful write failure preserves completed blocks and its structured cause
  ---
  duration_ms: 8.4125
  type: 'test'
  ...
# Subtest: immutable broker groups useful page reads, preserves seams, and releases pins
ok 806 - immutable broker groups useful page reads, preserves seams, and releases pins
  ---
  duration_ms: 37.836583
  type: 'test'
  ...
# Subtest: mutable broker serializes the owned backing and flushes before publication
ok 807 - mutable broker serializes the owned backing and flushes before publication
  ---
  duration_ms: 4.5685
  type: 'test'
  ...
# Subtest: shared mutable publication includes sparse zero banks and borrows one reservation
ok 808 - shared mutable publication includes sparse zero banks and borrows one reservation
  ---
  duration_ms: 0.572083
  type: 'test'
  ...
# Subtest: shared cache reuses actual pages across clients and waits for retirement acknowledgements
ok 809 - shared cache reuses actual pages across clients and waits for retirement acknowledgements
  ---
  duration_ms: 2.613375
  type: 'test'
  ...
# Subtest: released competing RAM expands useful shared pages and nested workers acknowledge retirement
ok 810 - released competing RAM expands useful shared pages and nested workers acknowledge retirement
  ---
  duration_ms: 14.201375
  type: 'test'
  ...
# Subtest: cold result reclamation preserves useful bytes and excludes active read pins
ok 811 - cold result reclamation preserves useful bytes and excludes active read pins
  ---
  duration_ms: 3.380417
  type: 'test'
  ...
# Subtest: forcing the portable immutable broker still pins its source
ok 812 - forcing the portable immutable broker still pins its source
  ---
  duration_ms: 0.6415
  type: 'test'
  ...
# Subtest: adopted worker SAB outputs migrate after publication without a duplicate reservation or recomputation
ok 813 - adopted worker SAB outputs migrate after publication without a duplicate reservation or recomputation
  ---
  duration_ms: 2.132833
  type: 'test'
  ...
# Subtest: segmented I/O and migrations forward the operation-owned staging allocator
ok 814 - segmented I/O and migrations forward the operation-owned staging allocator
  ---
  duration_ms: 2.902667
  type: 'test'
  ...
# Subtest: completed bootstrap writer becomes an immutable pin without disconnecting its reader
ok 815 - completed bootstrap writer becomes an immutable pin without disconnecting its reader
  ---
  duration_ms: 2.180708
  type: 'test'
  ...
# Subtest: broker read staging is admitted before a competing heap fills the budget
ok 816 - broker read staging is admitted before a competing heap fills the budget
  ---
  duration_ms: 0.536709
  type: 'test'
  ...
# Subtest: small and empty broker planes reserve only their possible windows
ok 817 - small and empty broker planes reserve only their possible windows
  ---
  duration_ms: 0.5575
  type: 'test'
  ...
# Subtest: optional shared cache metadata failures preserve direct transport and later useful admission
ok 818 - optional shared cache metadata failures preserve direct transport and later useful admission
  ---
  duration_ms: 0.358417
  type: 'test'
  ...
# Subtest: failed cache growth waits for external memory release and never feeds its own notifications
ok 819 - failed cache growth waits for external memory release and never feeds its own notifications
  ---
  duration_ms: 15.4195
  type: 'test'
  ...
# Subtest: Dispose during factory initialization keeps the heap charged until completion
ok 820 - Dispose during factory initialization keeps the heap charged until completion
  ---
  duration_ms: 4.66625
  type: 'test'
  ...
# Subtest: Preparation factory waits without CPU, then its native work queues behind a real owner
ok 821 - Preparation factory waits without CPU, then its native work queues behind a real owner
  ---
  duration_ms: 7.631667
  type: 'test'
  ...
# Subtest: Cancellation during initialization leaves IO visible until the factory settles
ok 822 - Cancellation during initialization leaves IO visible until the factory settles
  ---
  duration_ms: 1.059917
  type: 'test'
  ...
# Subtest: Preparation abort while queued retires only its own request
ok 823 - Preparation abort while queued retires only its own request
  ---
  duration_ms: 0.813709
  type: 'test'
  ...
# Subtest: Preparation dispose while queued retires only its own request
ok 824 - Preparation dispose while queued retires only its own request
  ---
  duration_ms: 1.655958
  type: 'test'
  ...
# Subtest: Native failure frees pointers and CPU; inherited CAT-Net preparation has its own owner
ok 825 - Native failure frees pointers and CPU; inherited CAT-Net preparation has its own owner
  ---
  duration_ms: 0.741416
  type: 'test'
  ...
# Subtest: Admitted native embedding preserves output bits and releases the CPU before returning
ok 826 - Admitted native embedding preserves output bits and releases the CPU before returning
  ---
  duration_ms: 24.019083
  type: 'test'
  ...
# Subtest: bounded PRNU NCC preserves NumPy reductions across crops and 8192 boundaries
ok 827 - bounded PRNU NCC preserves NumPy reductions across crops and 8192 boundaries
  ---
  duration_ms: 53.594625
  type: 'test'
  ...
# Subtest: HDF5 fingerprints ingest progressively into disposable stores and retain native scores
ok 828 - HDF5 fingerprints ingest progressively into disposable stores and retain native scores
  ---
  duration_ms: 155.022167
  type: 'test'
  ...
# Subtest: stored native fingerprints export progressively to exact HDF5 datasets and metadata
ok 829 - stored native fingerprints export progressively to exact HDF5 datasets and metadata
  ---
  duration_ms: 184.893583
  type: 'test'
  ...
# Subtest: HDF5 encoded random-access storage preserves datasets without a full encoded byte buffer
ok 830 - HDF5 encoded random-access storage preserves datasets without a full encoded byte buffer
  ---
  duration_ms: 40.110792
  type: 'test'
  ...
# Subtest: complete PRNU axes retain every bit of the qualified global FFT convolution
ok 831 - complete PRNU axes retain every bit of the qualified global FFT convolution
  ---
  duration_ms: 270.014041
  type: 'test'
  ...
# Subtest: PRNU display uses native decimal ties-to-even without changing raw thresholds
ok 832 - PRNU display uses native decimal ties-to-even without changing raw thresholds
  ---
  duration_ms: 1.156333
  type: 'test'
  ...
# Subtest: PRNU filename grouping follows the native basename/stem rule, including dots and literal backslashes
ok 833 - PRNU filename grouping follows the native basename/stem rule, including dots and literal backslashes
  ---
  duration_ms: 0.116792
  type: 'test'
  ...
# Subtest: PRNU seed file hash is checked before installing; a failed load can retry
ok 834 - PRNU seed file hash is checked before installing; a failed load can retry
  ---
  duration_ms: 30.830875
  type: 'test'
  ...
# Subtest: PRNU native residuals, buffered/cropped NCC, thresholds, training means and HDF5 retain exact float64
ok 835 - PRNU native residuals, buffered/cropped NCC, thresholds, training means and HDF5 retain exact float64
  ---
  duration_ms: 1259.077833
  type: 'test'
  ...
# Subtest: PRNU two-multiplier SIMD FMA equals the IEEE reference, including cancellation and midpoint ties
ok 836 - PRNU two-multiplier SIMD FMA equals the IEEE reference, including cancellation and midpoint ties
  ---
  duration_ms: 2831.393959
  type: 'test'
  ...
# Subtest: PRNU selectable original and SIMD residuals retain every native float64 bit
ok 837 - PRNU selectable original and SIMD residuals retain every native float64 bit
  ---
  duration_ms: 2508.439208
  type: 'test'
  ...
# Subtest: PRNU 8 MP residual bits match the independent native recipe checksum
ok 838 - PRNU 8 MP residual bits match the independent native recipe checksum
  ---
  duration_ms: 4357.732209
  type: 'test'
  ...
# Subtest: PRNU HDF5 memory admission and cancellation release reservations and leave no partial snapshot
ok 839 - PRNU HDF5 memory admission and cancellation release reservations and leave no partial snapshot
  ---
  duration_ms: 26.805625
  type: 'test'
  ...
# Subtest: PRNU engine references, caches, original bytes, explicit streaming snapshots and exports
ok 840 - PRNU engine references, caches, original bytes, explicit streaming snapshots and exports
  ---
  duration_ms: 380.488042
  type: 'test'
  ...
# Subtest: PRNU engine cancels a snapshot between files and rejects a small budget before allocation
ok 841 - PRNU engine cancels a snapshot between files and rejects a small budget before allocation
  ---
  duration_ms: 230.949542
  type: 'test'
  ...
# Subtest: Aggressive resources adapt to RAM/heap/cores independently of forensic parameters
ok 842 - Aggressive resources adapt to RAM/heap/cores independently of forensic parameters
  ---
  duration_ms: 4.846625
  type: 'test'
  ...
# Subtest: one JavaScript isolate heap does not cap shared banks and all worker heaps together
ok 843 - one JavaScript isolate heap does not cap shared banks and all worker heaps together
  ---
  duration_ms: 0.10275
  type: 'test'
  ...
# Subtest: Quality model is explicit, curve cache survives model changes, outputs and dependencies are owned
ok 844 - Quality model is explicit, curve cache survives model changes, outputs and dependencies are owned
  ---
  duration_ms: 52.655875
  type: 'test'
  ...
# Subtest: JPEG table evidence has priority; corrupt tables suppress learned fallback
ok 845 - JPEG table evidence has priority; corrupt tables suppress learned fallback
  ---
  duration_ms: 430.020208
  type: 'test'
  ...
# Subtest: Quality cancellation and malformed models release admission, then recover
ok 846 - Quality cancellation and malformed models release admission, then recover
  ---
  duration_ms: 161.887917
  type: 'test'
  ...
# Subtest: Quality normalization preserves all native non-JPEG curves and rejects nonfinite values
ok 847 - Quality normalization preserves all native non-JPEG curves and rejects nonfinite values
  ---
  duration_ms: 23.617583
  type: 'test'
  ...
# Subtest: Quality regression starts with float32 base score, keeps sequential rounding and never clips or sigmoids
ok 848 - Quality regression starts with float32 base score, keeps sequential rounding and never clips or sigmoids
  ---
  duration_ms: 17.675625
  type: 'test'
  ...
# Subtest: Quality and median readers keep separate feature/objective contracts and reject unqualified base scores
ok 849 - Quality and median readers keep separate feature/objective contracts and reject unqualified base scores
  ---
  duration_ms: 15.310084
  type: 'test'
  ...
# Subtest: quality retries retain successful companions and stop the same failed quality at five refusals
ok 850 - quality retries retain successful companions and stop the same failed quality at five refusals
  ---
  duration_ms: 12.11725
  type: 'test'
  ...
# Subtest: separate qualities can each recover without a lifetime retry ceiling
ok 851 - separate qualities can each recover without a lifetime retry ceiling
  ---
  duration_ms: 10.185125
  type: 'test'
  ...
# Subtest: transport cleanup completes before retry and cancellation creates no replacement
ok 852 - transport cleanup completes before retry and cancellation creates no replacement
  ---
  duration_ms: 0.964542
  type: 'test'
  ...
# Subtest: transport-only local boundary leaves real allocation faults to their domain recovery owner
ok 853 - transport-only local boundary leaves real allocation faults to their domain recovery owner
  ---
  duration_ms: 0.154958
  type: 'test'
  ...
# Subtest: Native JPEG quality tables, all 100 grayscale recompressions and final minimum agree
ok 854 - Native JPEG quality tables, all 100 grayscale recompressions and final minimum agree
  ---
  duration_ms: 890.276291
  type: 'test'
  ...
# Subtest: Quantization estimator does not fabricate absent component tables
ok 855 - Quantization estimator does not fabricate absent component tables
  ---
  duration_ms: 0.146042
  type: 'test'
  ...
# Subtest: native fixed-angle projection and floating normalization match six large independent patterns
ok 856 - native fixed-angle projection and floating normalization match six large independent patterns
  ---
  duration_ms: 2240.572333
  type: 'test'
  ...
# Subtest: contiguous digest uses the identical corrected radial arithmetic
ok 857 - contiguous digest uses the identical corrected radial arithmetic
  ---
  duration_ms: 473.554083
  type: 'test'
  ...
# Subtest: native PNG exports preserve every oriented RGB byte and raw mask/flag values, with independent CRC/filter decoding
ok 858 - native PNG exports preserve every oriented RGB byte and raw mask/flag values, with independent CRC/filter decoding
  ---
  duration_ms: 1769.805584
  type: 'test'
  ...
# Subtest: public export survives source unload, owned pages reject stale handles, stream applies backpressure and releases
ok 859 - public export survives source unload, owned pages reject stale handles, stream applies backpressure and releases
  ---
  duration_ms: 67.33625
  type: 'test'
  ...
# Subtest: output cap, cancellation, source read failure and memory refusal release unpublished storage
ok 860 - output cap, cancellation, source read failure and memory refusal release unpublished storage
  ---
  duration_ms: 42.517833
  type: 'test'
  ...
# Subtest: failed destination aborts and releases the completed export
ok 861 - failed destination aborts and releases the completed export
  ---
  duration_ms: 14.049917
  type: 'test'
  ...
# Subtest: multi-page destination backpressure and disposed engine cleanup retain no complete encoded copy
ok 862 - multi-page destination backpressure and disposed engine cleanup retain no complete encoded copy
  ---
  duration_ms: 380.63175
  type: 'test'
  ...
# Subtest: public result-mask export keeps raw evidence and survives source/result release
ok 863 - public result-mask export keeps raw evidence and survives source/result release
  ---
  duration_ms: 2502.762417
  type: 'test'
  ...
# Subtest: historical 101-quality loss through original PNG, cached quality estimation and CSV export
ok 864 - historical 101-quality loss through original PNG, cached quality estimation and CSV export
  ---
  duration_ms: 722.578375
  type: 'test'
  ...
# Subtest: recompression cancellation frees active admission and permits a subsequent useful run
ok 865 - recompression cancellation frees active admission and permits a subsequent useful run
  ---
  duration_ms: 174.866125
  type: 'test'
  ...
# Subtest: EM surfaces/tables own source-relative maps for full-memory and segmented sources
ok 866 - EM surfaces/tables own source-relative maps for full-memory and segmented sources
  ---
  duration_ms: 503.212
  type: 'test'
  ...
# Subtest: disposing a complete-memory source closes EM cache even after all published handles are released
ok 867 - disposing a complete-memory source closes EM cache even after all published handles are released
  ---
  duration_ms: 328.328709
  type: 'test'
  ...
# Subtest: global native ROI maps, composites and their Fourier outputs preserve bits and existing tolerance
ok 868 - global native ROI maps, composites and their Fourier outputs preserve bits and existing tolerance # SKIP Generate local native integration oracle first.
  ---
  duration_ms: 4.151042
  type: 'test'
  ...
# Subtest: regions reject overlap and partial coordinates; cancellation preserves published owners
ok 869 - regions reject overlap and partial coordinates; cancellation preserves published owners
  ---
  duration_ms: 1582.394708
  type: 'test'
  ...
# Subtest: streaming global EM preserves native validities, iterations and every binary64 weight
ok 870 - streaming global EM preserves native validities, iterations and every binary64 weight # SKIP Generate local native EM oracle first.
  ---
  duration_ms: 2.8415
  type: 'test'
  ...
# Subtest: complete binary64 resampling axes and pyrUp halo strips preserve the qualified whole kernel
ok 871 - complete binary64 resampling axes and pyrUp halo strips preserve the qualified whole kernel
  ---
  duration_ms: 344.616666
  type: 'test'
  ...
# {"cases":992,"expectedErrors":32,"maxAbsolute":7.891769371326518e-8,"maxScaled":8.128108605379478e-9,"differingBytes":0,"peakChanges":22,"peakMeaning":"Diagnostic first-argmax changes include conjugate equal/near-equal peaks; native Fourier has no argmax-based classification."}
# Subtest: Resampling FFT/pyrUp exact primitives, Fourier variants and actual native gray LUT
ok 872 - Resampling FFT/pyrUp exact primitives, Fourier variants and actual native gray LUT
  ---
  duration_ms: 2292.864125
  type: 'test'
  ...
# Subtest: Resampling original-file grayscale, normalization before ROI, caches and owned exports
ok 873 - Resampling original-file grayscale, normalization before ROI, caches and owned exports
  ---
  duration_ms: 1441.60725
  type: 'test'
  ...
# Subtest: Resampling invalid inputs, bounded allocations, cancellation and cache stage reuse
ok 874 - Resampling invalid inputs, bounded allocations, cancellation and cache stage reuse
  ---
  duration_ms: 46.723666
  type: 'test'
  ...
# Subtest: catnet render 0
ok 875 - catnet render 0
  ---
  duration_ms: 4.764875
  type: 'test'
  ...
# Subtest: catnet render 1
ok 876 - catnet render 1
  ---
  duration_ms: 1.65
  type: 'test'
  ...
# Subtest: adaptive_cfa render 0
ok 877 - adaptive_cfa render 0
  ---
  duration_ms: 1.95725
  type: 'test'
  ...
# Subtest: adaptive_cfa render 1
ok 878 - adaptive_cfa render 1
  ---
  duration_ms: 1.81875
  type: 'test'
  ...
# Subtest: adaptive_cfa render 2
ok 879 - adaptive_cfa render 2
  ---
  duration_ms: 1.742833
  type: 'test'
  ...
# Subtest: CFA window rendering uses original global coordinates including native border
ok 880 - CFA window rendering uses original global coordinates including native border
  ---
  duration_ms: 20.303209
  type: 'test'
  ...
# Subtest: sequential operations reuse their admitted bytes without another budget reservation
ok 881 - sequential operations reuse their admitted bytes without another budget reservation
  ---
  duration_ms: 1.060083
  type: 'test'
  ...
# Subtest: closing an operation retains its allowance until every live buffer is released
ok 882 - closing an operation retains its allowance until every live buffer is released
  ---
  duration_ms: 0.762667
  type: 'test'
  ...
# Subtest: the observed convolution prefix must be readmitted after its own cleanup, not mistaken for peer credit
ok 883 - the observed convolution prefix must be readmitted after its own cleanup, not mistaken for peer credit
  ---
  duration_ms: 8.887333
  type: 'test'
  ...
# Subtest: nested scopes add only unique captured owners, including splits and a simultaneous peer release
ok 884 - nested scopes add only unique captured owners, including splits and a simultaneous peer release
  ---
  duration_ms: 0.379459
  type: 'test'
  ...
# Subtest: tracking the same reservation across nested scopes counts its return only once
ok 885 - tracking the same reservation across nested scopes counts its return only once
  ---
  duration_ms: 0.185875
  type: 'test'
  ...
# Subtest: closing a successful scope keeps its returned output owner alive and freezes old failure evidence
ok 886 - closing a successful scope keeps its returned output owner alive and freezes old failure evidence
  ---
  duration_ms: 0.3295
  type: 'test'
  ...
# Subtest: a closed successful scope can transfer a still-live owner into a later attempt
ok 887 - a closed successful scope can transfer a still-live owner into a later attempt
  ---
  duration_ms: 0.090541
  type: 'test'
  ...
# Subtest: scheduler-retained credit can transfer into the attempted operation without a second charge
ok 888 - scheduler-retained credit can transfer into the attempted operation without a second charge
  ---
  duration_ms: 2.064291
  type: 'test'
  ...
# Subtest: capturing an external wrapped refusal preserves its cause and includes only returned transient credit
ok 889 - capturing an external wrapped refusal preserves its cause and includes only returned transient credit
  ---
  duration_ms: 0.470083
  type: 'test'
  ...
# Subtest: physical refusal and cancellation never manufacture policy rollback credit
ok 890 - physical refusal and cancellation never manufacture policy rollback credit
  ---
  duration_ms: 0.326709
  type: 'test'
  ...
# Subtest: cancelling while waiting for the replay peak releases all transaction and recovery bookkeeping
ok 891 - cancelling while waiting for the replay peak releases all transaction and recovery bookkeeping
  ---
  duration_ms: 0.767625
  type: 'test'
  ...
# Subtest: fixed admitted allowances report local capacity without waiting for or reclaiming global peers
ok 892 - fixed admitted allowances report local capacity without waiting for or reclaiming global peers
  ---
  duration_ms: 0.954791
  type: 'test'
  ...
# Subtest: the guard compares the replay peak while retaining the original failing reservation diagnostic
ok 893 - the guard compares the replay peak while retaining the original failing reservation diagnostic
  ---
  duration_ms: 0.190625
  type: 'test'
  ...
# Subtest: Known codec capacity is admitted for imports, calculations and owned legacy copies
ok 894 - Known codec capacity is admitted for imports, calculations and owned legacy copies
  ---
  duration_ms: 22.048875
  type: 'test'
  ...
# Subtest: unrelated commits do not spend another allocation attempt; matching retirement wakes the suspended operation
ok 895 - unrelated commits do not spend another allocation attempt; matching retirement wakes the suspended operation
  ---
  duration_ms: 11.914542
  type: 'test'
  ...
# Subtest: a typed reclaim result and its retirement notification are counted once
ok 896 - a typed reclaim result and its retirement notification are counted once
  ---
  duration_ms: 1.739875
  type: 'test'
  ...
# Subtest: legacy typed owners publish only missing retirement notifications
ok 897 - legacy typed owners publish only missing retirement notifications
  ---
  duration_ms: 0.200708
  type: 'test'
  ...
# Subtest: waiting cancellation releases pressure and subscriptions without replaying the operation
ok 898 - waiting cancellation releases pressure and subscriptions without replaying the operation
  ---
  duration_ms: 1.998083
  type: 'test'
  ...
# Subtest: blocked, own, and merely queued leases cannot keep recovery waiting
ok 899 - blocked, own, and merely queued leases cannot keep recovery waiting
  ---
  duration_ms: 1.918625
  type: 'test'
  ...
# Subtest: peer quiescence resumes the bounded guard and two waiting owners cannot deadlock
ok 900 - peer quiescence resumes the bounded guard and two waiting owners cannot deadlock
  ---
  duration_ms: 1.335042
  type: 'test'
  ...
# Subtest: invalid producer ownership is rejected before execution admission
ok 901 - invalid producer ownership is rejected before execution admission
  ---
  duration_ms: 1.180917
  type: 'test'
  ...
# Subtest: only a contiguous range in the failed allocator wakes reuse pressure
ok 902 - only a contiguous range in the failed allocator wakes reuse pressure
  ---
  duration_ms: 7.511625
  type: 'test'
  ...
# Subtest: allocator failures normalize without treating invalid arguments or coding errors as memory pressure
ok 903 - allocator failures normalize without treating invalid arguments or coding errors as memory pressure
  ---
  duration_ms: 1.643292
  type: 'test'
  ...
# Subtest: normalization and wire errors preserve original stack, nested cause and details
ok 904 - normalization and wire errors preserve original stack, nested cause and details
  ---
  duration_ms: 1.002542
  type: 'test'
  ...
# Subtest: five failures with small memory jitter form one obstruction
ok 905 - five failures with small memory jitter form one obstruction
  ---
  duration_ms: 0.4605
  type: 'test'
  ...
# Subtest: distinct recoveries have no lifetime limit and committed progress resets the streak
ok 906 - distinct recoveries have no lifetime limit and committed progress resets the streak
  ---
  duration_ms: 2.026583
  type: 'test'
  ...
# Subtest: replayed checkpoints and attempt numbers cannot reset the high-water mark
ok 907 - replayed checkpoints and attempt numbers cannot reset the high-water mark
  ---
  duration_ms: 0.1665
  type: 'test'
  ...
# Subtest: different useful operations and substantially different capacity start a new streak
ok 908 - different useful operations and substantially different capacity start a new streak
  ---
  duration_ms: 0.212584
  type: 'test'
  ...
# Subtest: recovery pressure protects reclaim through the successful useful retry and is released once
ok 909 - recovery pressure protects reclaim through the successful useful retry and is released once
  ---
  duration_ms: 0.321875
  type: 'test'
  ...
# Subtest: terminal unrelated errors and cancellation release recovery pressure without another operation
ok 910 - terminal unrelated errors and cancellation release recovery pressure without another operation
  ---
  duration_ms: 0.455583
  type: 'test'
  ...
# Subtest: five stable failures yield between retries and stop without an outer restart
ok 911 - five stable failures yield between retries and stop without an outer restart
  ---
  duration_ms: 5.341958
  type: 'test'
  ...
# Subtest: generic engine wrappers normalize only explicit allocator evidence and retain exhausted local guards
ok 912 - generic engine wrappers normalize only explicit allocator evidence and retain exhausted local guards
  ---
  duration_ms: 0.43975
  type: 'test'
  ...
# Subtest: public recovery events are plain cloneable diagnostics without AbortSignal or Error instances
ok 913 - public recovery events are plain cloneable diagnostics without AbortSignal or Error instances
  ---
  duration_ms: 0.247041
  type: 'test'
  ...
# Subtest: a successful owned result survives a cancellation race for caller cleanup
ok 914 - a successful owned result survives a cancellation race for caller cleanup
  ---
  duration_ms: 0.100833
  type: 'test'
  ...
# Subtest: allocator failures in reclaim share the suspended operation guard and keep pressure held
ok 915 - allocator failures in reclaim share the suspended operation guard and keep pressure held
  ---
  duration_ms: 0.4225
  type: 'test'
  ...
# Subtest: storage failures during reclaim remain terminal without replaying useful work
ok 916 - storage failures during reclaim remain terminal without replaying useful work
  ---
  duration_ms: 0.142375
  type: 'test'
  ...
# Subtest: alternating startup and compute phases cannot hide the same stalled operation
ok 917 - alternating startup and compute phases cannot hide the same stalled operation
  ---
  duration_ms: 0.159292
  type: 'test'
  ...
# Subtest: explicit transient network errors share the five-failure guard without any memory reclaim
ok 918 - explicit transient network errors share the five-failure guard without any memory reclaim
  ---
  duration_ms: 0.201875
  type: 'test'
  ...
# Subtest: wrapping an already dispatched transaction preserves its child dependency
ok 919 - wrapping an already dispatched transaction preserves its child dependency
  ---
  duration_ms: 2.0745
  type: 'test'
  ...
# Subtest: domain ledger separates logical reservation, materialized backing and aliased pinned ownership
ok 920 - domain ledger separates logical reservation, materialized backing and aliased pinned ownership
  ---
  duration_ms: 2.176
  type: 'test'
  ...
# Subtest: backing pressure is domain-specific, nested and ends after the useful retry
ok 921 - backing pressure is domain-specific, nested and ends after the useful retry
  ---
  duration_ms: 2.706
  type: 'test'
  ...
# Subtest: durable operations bridge CPU lease gaps and real IO until backing retirement
ok 922 - durable operations bridge CPU lease gaps and real IO until backing retirement
  ---
  duration_ms: 8.243
  type: 'test'
  ...
# Subtest: queued operations have holder dependencies, and blocked cycles are not productive work
ok 923 - queued operations have holder dependencies, and blocked cycles are not productive work
  ---
  duration_ms: 1.225709
  type: 'test'
  ...
# Subtest: all operation owners waiting in recovery cannot keep each other alive
ok 924 - all operation owners waiting in recovery cannot keep each other alive
  ---
  duration_ms: 0.267292
  type: 'test'
  ...
# Subtest: reclaim carries owner, bounded target and attributable retirement diagnostics
ok 925 - reclaim carries owner, bounded target and attributable retirement diagnostics
  ---
  duration_ms: 0.944375
  type: 'test'
  ...
# Subtest: resource wait diagnostics preserve wait stage and exact baseline across cancellation
ok 926 - resource wait diagnostics preserve wait stage and exact baseline across cancellation
  ---
  duration_ms: 0.791541
  type: 'test'
  ...
# Subtest: one recovering lane does not hide useful compute or IO from the same owner
ok 927 - one recovering lane does not hide useful compute or IO from the same owner
  ---
  duration_ms: 0.270791
  type: 'test'
  ...
# Subtest: mixed legacy owner dependencies resolve through an explicit useful operation
ok 928 - mixed legacy owner dependencies resolve through an explicit useful operation
  ---
  duration_ms: 0.221792
  type: 'test'
  ...
# Subtest: a retired backing from a peer lane with the same owner wakes its suspended sibling
ok 929 - a retired backing from a peer lane with the same owner wakes its suspended sibling
  ---
  duration_ms: 0.458625
  type: 'test'
  ...
# Subtest: memory admission rejects self-held or parent-child cyclic ownership
ok 930 - memory admission rejects self-held or parent-child cyclic ownership
  ---
  duration_ms: 1.342042
  type: 'test'
  ...
# Subtest: explicit parent operations survive child RPC handoffs and restore their IO state
ok 931 - explicit parent operations survive child RPC handoffs and restore their IO state
  ---
  duration_ms: 0.105458
  type: 'test'
  ...
# Subtest: a parent awaiting two queued RPCs is not productive behind a blocked holder
ok 932 - a parent awaiting two queued RPCs is not productive behind a blocked holder
  ---
  duration_ms: 3.376083
  type: 'test'
  ...
# Subtest: backing aliases are counted once and a resized worker heap advances its generation
ok 933 - backing aliases are counted once and a resized worker heap advances its generation
  ---
  duration_ms: 0.241042
  type: 'test'
  ...
# Subtest: cache eviction and independent result leases preserve pixels and shared budget ownership
ok 934 - cache eviction and independent result leases preserve pixels and shared budget ownership
  ---
  duration_ms: 6.599125
  type: 'test'
  ...
# Subtest: pool clear prevents late dispatch to a terminated worker, next generation is reusable
ok 935 - pool clear prevents late dispatch to a terminated worker, next generation is reusable
  ---
  duration_ms: 3.795084
  type: 'test'
  ...
# Subtest: different worker pools cannot multiply the shared CPU quota
ok 936 - different worker pools cannot multiply the shared CPU quota
  ---
  duration_ms: 7.698958
  type: 'test'
  ...
# Subtest: production quality and LUT pools honor one quota and clearing a queued pool preserves its input
ok 937 - production quality and LUT pools honor one quota and clearing a queued pool preserves its input
  ---
  duration_ms: 8.93025
  type: 'test'
  ...
# Subtest: legacy CPU and GPU worker calls are visible for their full admitted lifetime
ok 938 - legacy CPU and GPU worker calls are visible for their full admitted lifetime
  ---
  duration_ms: 2.160666
  type: 'test'
  ...
# Subtest: worker calls inherit their parent owner and preserve two blocked child dependencies
ok 939 - worker calls inherit their parent owner and preserve two blocked child dependencies
  ---
  duration_ms: 1.936083
  type: 'test'
  ...
# Subtest: a supplied worker operation remains owned by the caller without a duplicate ticket
ok 940 - a supplied worker operation remains owned by the caller without a duplicate ticket
  ---
  duration_ms: 0.499083
  type: 'test'
  ...
# Subtest: cancelling active legacy dispatch keeps activity visible until owned work has settled
ok 941 - cancelling active legacy dispatch keeps activity visible until owned work has settled
  ---
  duration_ms: 0.561417
  type: 'test'
  ...
# Subtest: queued worker cancellation restores its parent and leaves no stale operation
ok 942 - queued worker cancellation restores its parent and leaves no stale operation
  ---
  duration_ms: 0.367084
  type: 'test'
  ...
# Subtest: AKAZE and grouping RPCs carry explicit service owners rather than the compatibility fallback
ok 943 - AKAZE and grouping RPCs carry explicit service owners rather than the compatibility fallback
  ---
  duration_ms: 2.426041
  type: 'test'
  ...
# Subtest: allocation recovery waits for admitted legacy worker credit instead of exhausting five retries
ok 944 - allocation recovery waits for admitted legacy worker credit instead of exhausting five retries
  ---
  duration_ms: 7.626916
  type: 'test'
  ...
# Subtest: Cooperative scientific export preserves float64/int32 bits and Unicode across scalar/hash block boundaries
ok 945 - Cooperative scientific export preserves float64/int32 bits and Unicode across scalar/hash block boundaries
  ---
  duration_ms: 236.600333
  type: 'test'
  ...
# Subtest: Python zipfile and NumPy read the real streamed ZIP64 NPZ without changing scientific values
ok 946 - Python zipfile and NumPy read the real streamed ZIP64 NPZ without changing scientific values
  ---
  duration_ms: 356.626791
  type: 'test'
  ...
# Subtest: Independent ZIP reader resolves a genuine offset above 4 GiB in a sparse test file
ok 947 - Independent ZIP reader resolves a genuine offset above 4 GiB in a sparse test file
  ---
  duration_ms: 38.279917
  type: 'test'
  ...
# Subtest: Segmentation configuration admits only known identity and performs no network or inference
ok 948 - Segmentation configuration admits only known identity and performs no network or inference
  ---
  duration_ms: 2.143917
  type: 'test'
  ...
# Subtest: Segmentation refuses unsupported native choices and insufficient shared memory before model fetch
ok 949 - Segmentation refuses unsupported native choices and insufficient shared memory before model fetch
  ---
  duration_ms: 2.698625
  type: 'test'
  ...
# Subtest: GPU mirror is pinned and lazy; auto honours capabilities, memory and explicit CPU
ok 950 - GPU mirror is pinned and lazy; auto honours capabilities, memory and explicit CPU
  ---
  duration_ms: 0.590458
  type: 'test'
  ...
# Subtest: CMSeg bundles are separate immutable identities, configured without fetching their child graphs
ok 951 - CMSeg bundles are separate immutable identities, configured without fetching their child graphs
  ---
  duration_ms: 0.97175
  type: 'test'
  ...
# Subtest: Repaired EffNet and source/target identities exclude the rejected original graphs
ok 952 - Repaired EffNet and source/target identities exclude the rejected original graphs
  ---
  duration_ms: 0.775583
  type: 'test'
  ...
# Subtest: CMSeg generalization accepts only repaired lazy identity and refuses the former bundle
ok 953 - CMSeg generalization accepts only repaired lazy identity and refuses the former bundle
  ---
  duration_ms: 246.120583
  type: 'test'
  ...
# Subtest: TNT shares its qualified CPU/GPU bundle and rejects the old full ONNX
ok 954 - TNT shares its qualified CPU/GPU bundle and rejects the old full ONNX
  ---
  duration_ms: 0.92975
  type: 'test'
  ...
# Subtest: VIG admits the qualified shared CPU/GPU bundle and refuses the divergent ONNX identity
ok 955 - VIG admits the qualified shared CPU/GPU bundle and refuses the divergent ONNX identity
  ---
  duration_ms: 3.563
  type: 'test'
  ...
# Subtest: VIG auto uses shared assets and its staged GPU/CPU residency without a workload probe
ok 956 - VIG auto uses shared assets and its staged GPU/CPU residency without a workload probe
  ---
  duration_ms: 0.386541
  type: 'test'
  ...
# Subtest: Both CMSeg variants share verified GPU assets and retain explicit CPU without preloading
ok 957 - Both CMSeg variants share verified GPU assets and retain explicit CPU without preloading
  ---
  duration_ms: 0.535667
  type: 'test'
  ...
# Subtest: MGCF16 and repaired EffNet share exact pinned CPU/GPU assets with no startup work
ok 958 - MGCF16 and repaired EffNet share exact pinned CPU/GPU assets with no startup work
  ---
  duration_ms: 0.318583
  type: 'test'
  ...
# Subtest: ST automatic preference requires three distinct CPU lanes and leaves explicit choices intact
ok 959 - ST automatic preference requires three distinct CPU lanes and leaves explicit choices intact
  ---
  duration_ms: 1.727917
  type: 'test'
  ...
# Subtest: ST capacity preserves source and other active owners but recovers its own idle sessions
ok 960 - ST capacity preserves source and other active owners but recovers its own idle sessions
  ---
  duration_ms: 0.391625
  type: 'test'
  ...
# Subtest: GPU admission holds destroyed buffers until submitted work completes and rejects validation failures
ok 961 - GPU admission holds destroyed buffers until submitted work completes and rejects validation failures
  ---
  duration_ms: 1.936417
  type: 'test'
  ...
# Subtest: verified bytes are lazy, shared by identity and reclaimed before result cache
ok 962 - verified bytes are lazy, shared by identity and reclaimed before result cache
  ---
  duration_ms: 1.501708
  type: 'test'
  ...
# Subtest: a new cache entry never evicts live results or lowers admitted CPU capacity
ok 963 - a new cache entry never evicts live results or lowers admitted CPU capacity
  ---
  duration_ms: 0.203292
  type: 'test'
  ...
# Subtest: transport identity failure and cancellation never populate the cache
ok 964 - transport identity failure and cancellation never populate the cache
  ---
  duration_ms: 36.803584
  type: 'test'
  ...
# Subtest: disabled CPU mode remains lazy and never retains parameter bytes
ok 965 - disabled CPU mode remains lazy and never retains parameter bytes
  ---
  duration_ms: 0.566125
  type: 'test'
  ...
# Subtest: concurrent identical reads do not double-charge residency; shrink evicts LRU
ok 966 - concurrent identical reads do not double-charge residency; shrink evicts LRU
  ---
  duration_ms: 0.42275
  type: 'test'
  ...
# Subtest: Segmentation preparation refuses memory before allocation and releases partial admission
ok 967 - Segmentation preparation refuses memory before allocation and releases partial admission
  ---
  duration_ms: 20.077417
  type: 'test'
  ...
# Subtest: Segmentation preparation cancellation keeps source bytes and permits retry
ok 968 - Segmentation preparation cancellation keeps source bytes and permits retry
  ---
  duration_ms: 51.562583
  type: 'test'
  ...
# Subtest: Native sigmoid and source/target rules differ at exactly one half
ok 969 - Native sigmoid and source/target rules differ at exactly one half
  ---
  duration_ms: 16.10225
  type: 'test'
  ...
# Subtest: Invalid probability, cancellation and partial budget failure release reservations
ok 970 - Invalid probability, cancellation and partial budget failure release reservations
  ---
  duration_ms: 1.107208
  type: 'test'
  ...
# Subtest: only useful acquisition creates a session; warm acquisition reuses it
ok 971 - only useful acquisition creates a session; warm acquisition reuses it
  ---
  duration_ms: 1.691875
  type: 'test'
  ...
# Subtest: idle model yields to useful work before a result grid; active RPC remains protected
ok 972 - idle model yields to useful work before a result grid; active RPC remains protected
  ---
  duration_ms: 0.419416
  type: 'test'
  ...
# Subtest: failed construction rolls back reservation; CPU-style explicit retirement is reusable
ok 973 - failed construction rolls back reservation; CPU-style explicit retirement is reusable
  ---
  duration_ms: 0.198666
  type: 'test'
  ...
# Subtest: Split manifests pin unchanged complete boundaries and variant-specific CPU/GPU placement
ok 974 - Split manifests pin unchanged complete boundaries and variant-specific CPU/GPU placement
  ---
  duration_ms: 6.457584
  type: 'test'
  ...
# Subtest: Split asset reader verifies actual bytes and rejects truncation, excess and wrong SHA
ok 975 - Split asset reader verifies actual bytes and rejects truncation, excess and wrong SHA
  ---
  duration_ms: 32.596042
  type: 'test'
  ...
# Subtest: Split GPU mirror is lazy and budgets both child graphs and bridge, not just tiny manifest
ok 976 - Split GPU mirror is lazy and budgets both child graphs and bridge, not just tiny manifest
  ---
  duration_ms: 9.510041
  type: 'test'
  ...
# Subtest: concurrency uses shared live memory, source copies and useful jobs; nested pools opt out
ok 977 - concurrency uses shared live memory, source copies and useful jobs; nested pools opt out
  ---
  duration_ms: 1.607375
  type: 'test'
  ...
# Subtest: out-of-order workers retain source order and never exceed admitted lanes
ok 978 - out-of-order workers retain source order and never exceed admitted lanes
  ---
  duration_ms: 34.079792
  type: 'test'
  ...
# Subtest: real admission pressure drains active work then retries only unfinished work serially
ok 979 - real admission pressure drains active work then retries only unfinished work serially
  ---
  duration_ms: 25.963667
  type: 'test'
  ...
# Subtest: fatal error and external cancellation abort siblings and await their cleanup
ok 980 - fatal error and external cancellation abort siblings and await their cleanup
  ---
  duration_ms: 21.744167
  type: 'test'
  ...
# Subtest: analysis keeps ordered probabilities, deduplicates identical bounds and reprojects without inference
ok 981 - analysis keeps ordered probabilities, deduplicates identical bounds and reprojects without inference
  ---
  duration_ms: 20.644291
  type: 'test'
  ...
# Subtest: large projected planes reclaim idle model sessions while preserving owned raw grids
ok 982 - large projected planes reclaim idle model sessions while preserving owned raw grids
  ---
  duration_ms: 5.267917
  type: 'test'
  ...
# Subtest: hybrid sessions stay warm when results fit, yield to cached large views, and reload on later useful work
ok 983 - hybrid sessions stay warm when results fit, yield to cached large views, and reload on later useful work
  ---
  duration_ms: 1.818375
  type: 'test'
  ...
# Subtest: Unsupported native segmentation modes refuse before any spatial work
ok 984 - Unsupported native segmentation modes refuse before any spatial work
  ---
  duration_ms: 1.861292
  type: 'test'
  ...
# Subtest: A failing spatial job releases the projection and raw-grid reservations
ok 985 - A failing spatial job releases the projection and raw-grid reservations
  ---
  duration_ms: 8.422583
  type: 'test'
  ...
# Subtest: All510 native adjustment outputs preserve stage order, global equalization/CLAHE and Otsu by row bands
ok 986 - All510 native adjustment outputs preserve stage order, global equalization/CLAHE and Otsu by row bands
  ---
  duration_ms: 9745.570959
  type: 'test'
  ...
# Subtest: Adjustment orientations, asymmetric CLAHE padding and sharp halos remain exact
ok 987 - Adjustment orientations, asymmetric CLAHE padding and sharp halos remain exact
  ---
  duration_ms: 5802.495708
  type: 'test'
  ...
# Subtest: Adjustment cancels each pass without partial outputs and refuses impossible rows before reads
ok 988 - Adjustment cancels each pass without partial outputs and refuses impossible rows before reads
  ---
  duration_ms: 422.502917
  type: 'test'
  ...
# Subtest: Adjustment arithmetic rejects invalid LUT indices and global coordinate casts
ok 989 - Adjustment arithmetic rejects invalid LUT indices and global coordinate casts
  ---
  duration_ms: 0.3965
  type: 'test'
  ...
# Subtest: a real shared bank failure preserves prior data and concurrent writes at a full budget
ok 990 - a real shared bank failure preserves prior data and concurrent writes at a full budget
  ---
  duration_ms: 5.554084
  type: 'test'
  ...
# Subtest: a real ordinary bank failure preserves prior data and concurrent writes at a full budget
ok 991 - a real ordinary bank failure preserves prior data and concurrent writes at a full budget
  ---
  duration_ms: 1.778875
  type: 'test'
  ...
# Subtest: failed write during allocation recovery preserves the complete old RAM source
ok 992 - failed write during allocation recovery preserves the complete old RAM source
  ---
  duration_ms: 2.713667
  type: 'test'
  ...
# Subtest: failed flush during allocation recovery preserves the complete old RAM source
ok 993 - failed flush during allocation recovery preserves the complete old RAM source
  ---
  duration_ms: 3.99925
  type: 'test'
  ...
# Subtest: failed cancel during allocation recovery preserves the complete old RAM source
ok 994 - failed cancel during allocation recovery preserves the complete old RAM source
  ---
  duration_ms: 1.876042
  type: 'test'
  ...
# Subtest: mutable SAB materialization falls back before publishing and preserves a parallel broker
ok 995 - mutable SAB materialization falls back before publishing and preserves a parallel broker
  ---
  duration_ms: 30.813208
  type: 'test'
  ...
# Subtest: an already published mutable broker survives its backing allocation failure
ok 996 - an already published mutable broker survives its backing allocation failure
  ---
  duration_ms: 2.765209
  type: 'test'
  ...
# Subtest: without temporary storage allocation errors retain useful diagnostics and old bytes
ok 997 - without temporary storage allocation errors retain useful diagnostics and old bytes
  ---
  duration_ms: 0.35525
  type: 'test'
  ...
# Subtest: disposal waits for allocation recovery and rejects queued writes without losing ownership
ok 998 - disposal waits for allocation recovery and rejects queued writes without losing ownership
  ---
  duration_ms: 1.804958
  type: 'test'
  ...
# Subtest: a published direct SAB remains pinned until every worker releases it
ok 999 - a published direct SAB remains pinned until every worker releases it
  ---
  duration_ms: 0.587833
  type: 'test'
  ...
# Subtest: allocation recovery uses its prefunded window rather than the narrow pending-write scope
ok 1000 - allocation recovery uses its prefunded window rather than the narrow pending-write scope
  ---
  duration_ms: 0.777625
  type: 'test'
  ...
# Subtest: All segmented result adapters name allocation exhaustion and retain the original source after cleanup
ok 1001 - All segmented result adapters name allocation exhaustion and retain the original source after cleanup
  ---
  duration_ms: 14.061917
  type: 'test'
  ...
# Subtest: lazy 576 MB cold store reports only materialized bank bytes after a committed spill
ok 1002 - lazy 576 MB cold store reports only materialized bank bytes after a committed spill
  ---
  duration_ms: 5.472875
  type: 'test'
  ...
# Subtest: backing capacity counts exact final banks, excludes holes, and disposal waits for pins
ok 1003 - backing capacity counts exact final banks, excludes holes, and disposal waits for pins
  ---
  duration_ms: 0.942916
  type: 'test'
  ...
# Subtest: an aborted spill never publishes the still-owned RAM as freed backing
ok 1004 - an aborted spill never publishes the still-owned RAM as freed backing
  ---
  duration_ms: 1.980875
  type: 'test'
  ...
# Subtest: JPEG allocation reclamation retires actual encoded banks before unrelated Wasm credit
ok 1005 - JPEG allocation reclamation retires actual encoded banks before unrelated Wasm credit
  ---
  duration_ms: 0.945542
  type: 'test'
  ...
# Subtest: JPEG allocation reclaim waits for the retired encoded store transport ACK
ok 1006 - JPEG allocation reclaim waits for the retired encoded store transport ACK
  ---
  duration_ms: 0.6765
  type: 'test'
  ...
# Subtest: typed JPEG reclaim preserves the quality actively decoded by the native codec
ok 1007 - typed JPEG reclaim preserves the quality actively decoded by the native codec
  ---
  duration_ms: 39.096833
  type: 'test'
  ...
# Subtest: Segmented RAM preserves byte ranges across every seam, holes and ownership
ok 1008 - Segmented RAM preserves byte ranges across every seam, holes and ownership
  ---
  duration_ms: 46.904792
  type: 'test'
  ...
# Subtest: Segmented Blob staging is bounded, cancellable and preserves the source
ok 1009 - Segmented Blob staging is bounded, cancellable and preserves the source
  ---
  duration_ms: 1.879458
  type: 'test'
  ...
# Subtest: Segmented admission requires an actual storage alternative and rejects invalid ranges
ok 1010 - Segmented admission requires an actual storage alternative and rejects invalid ranges
  ---
  duration_ms: 0.217208
  type: 'test'
  ...
# Subtest: Temporary session creation is deferred until admitted RAM no longer fits
ok 1011 - Temporary session creation is deferred until admitted RAM no longer fits
  ---
  duration_ms: 0.742292
  type: 'test'
  ...
# Subtest: Recomputable cached pages cannot force a live result out of otherwise admissible RAM
ok 1012 - Recomputable cached pages cannot force a live result out of otherwise admissible RAM
  ---
  duration_ms: 0.188208
  type: 'test'
  ...
# Subtest: All 290 native color channels preserve complete rows across segmented seams and row-group boundaries
ok 1013 - All 290 native color channels preserve complete rows across segmented seams and row-group boundaries
  ---
  duration_ms: 19606.990958
  type: 'test'
  ...
# Subtest: Eight orientations preserve the oriented vector-prefix and scalar-tail positions
ok 1014 - Eight orientations preserve the oriented vector-prefix and scalar-tail positions
  ---
  duration_ms: 13508.611875
  type: 'test'
  ...
# Subtest: Cancellation disposes unpublished output; retry works, and too-small budgets refuse before input reads
ok 1015 - Cancellation disposes unpublished output; retry works, and too-small budgets refuse before input reads
  ---
  duration_ms: 9.133041
  type: 'test'
  ...
# Subtest: All53 native maps and159 views preserve segmented halos, black padding, extra grid row/column and cache
ok 1016 - All53 native maps and159 views preserve segmented halos, black padding, extra grid row/column and cache
  ---
  duration_ms: 1402.339833
  type: 'test'
  ...
# Subtest: Contrast eight orientations and partial cells preserve native maps and cancellation ownership
ok 1017 - Contrast eight orientations and partial cells preserve native maps and cancellation ownership
  ---
  duration_ms: 549.11225
  type: 'test'
  ...
# Subtest: Segmented defects match every native raster, RGB flag, mask, count and CSV across row seams
ok 1018 - Segmented defects match every native raster, RGB flag, mask, count and CSV across row seams
  ---
  duration_ms: 24056.915958
  type: 'test'
  ...
# Subtest: Eight EXIF orientations preserve candidate coordinates/BGR order, flags and all three views
ok 1019 - Eight EXIF orientations preserve candidate coordinates/BGR order, flags and all three views
  ---
  duration_ms: 12650.024833
  type: 'test'
  ...
# Subtest: whole-axis forward and inverse DFT preserve global scale and conjugate completion
ok 1020 - whole-axis forward and inverse DFT preserve global scale and conjugate completion
  ---
  duration_ms: 1489.821875
  type: 'test'
  ...
# Subtest: All 900 native Echo views preserve radius halos and global normalization over segmented stores
ok 1021 - All 900 native Echo views preserve radius halos and global normalization over segmented stores
  ---
  duration_ms: 22100.376292
  type: 'test'
  ...
# Subtest: Oriented image edges and small row groups retain the native radius1/4/5/15 behavior
ok 1022 - Oriented image edges and small row groups retain the native radius1/4/5/15 behavior
  ---
  duration_ms: 4961.743084
  type: 'test'
  ...
# Subtest: Echo cancellation disposes derivative/output stores and admits retry; low memory refuses before reads
ok 1023 - Echo cancellation disposes derivative/output stores and admits retry; low memory refuses before reads
  ---
  duration_ms: 271.278542
  type: 'test'
  ...
# Subtest: public segmented ELA publishes owned output and reuses encoded quality across render controls
ok 1024 - public segmented ELA publishes owned output and reuses encoded quality across render controls
  ---
  duration_ms: 1484.841667
  type: 'test'
  ...
# Subtest: cancelled segmented ELA keeps only completed JPEG cache and permits an exact retry
ok 1025 - cancelled segmented ELA keeps only completed JPEG cache and permits an exact retry
  ---
  duration_ms: 659.825667
  type: 'test'
  ...
# Subtest: zero-phase Ghost and ELA reuse the same completed global RGB JPEG
ok 1026 - zero-phase Ghost and ELA reuse the same completed global RGB JPEG
  ---
  duration_ms: 78.702833
  type: 'test'
  ...
# Subtest: segmented ELA biomes preserve native complete pipelines, background and one/64 Ghost phases
ok 1027 - segmented ELA biomes preserve native complete pipelines, background and one/64 Ghost phases
  ---
  duration_ms: 163549.513834
  type: 'test'
  ...
# Subtest: reference quality from sparse JPEG tables preserves original-byte estimation and PNG fallback
ok 1028 - reference quality from sparse JPEG tables preserves original-byte estimation and PNG fallback
  ---
  duration_ms: 5.7615
  type: 'test'
  ...
# Subtest: segmented ELA matches native controls, odd bands and oriented source pixels
ok 1029 - segmented ELA matches native controls, odd bands and oriented source pixels
  ---
  duration_ms: 923.76475
  type: 'test'
  ...
# Subtest: complete segmented energy chain matches all 51 native pipelines
ok 1030 - complete segmented energy chain matches all 51 native pipelines
  ---
  duration_ms: 19486.639041
  type: 'test'
  ...
# Subtest: segmented energy caches reuse stages and retained results survive cache eviction and disposal
ok 1031 - segmented energy caches reuse stages and retained results survive cache eviction and disposal
  ---
  duration_ms: 1268.144458
  type: 'test'
  ...
# Subtest: segmented energy cancellation preserves completed stages and permits exact retry
ok 1032 - segmented energy cancellation preserves completed stages and permits exact retry
  ---
  duration_ms: 557.220583
  type: 'test'
  ...
# Subtest: segmented global frequency views preserve native low/high crop order, masks and display filtering
ok 1033 - segmented global frequency views preserve native low/high crop order, masks and display filtering
  ---
  duration_ms: 4662.752458
  type: 'test'
  ...
# Subtest: frequency cancellation removes every intermediate and completed view without corrupting cached base
ok 1034 - frequency cancellation removes every intermediate and completed view without corrupting cached base
  ---
  duration_ms: 1963.157041
  type: 'test'
  ...
# Subtest: display cache avoids transforms and retained results survive replacement, abort and cache eviction
ok 1035 - display cache avoids transforms and retained results survive replacement, abort and cache eviction
  ---
  duration_ms: 231.849125
  type: 'test'
  ...
# Subtest: segmented Ghost native means, normalized cubes, all phases and palette controls retain exact values
ok 1036 - segmented Ghost native means, normalized cubes, all phases and palette controls retain exact values
  ---
  duration_ms: 48192.92875
  type: 'test'
  ...
# Subtest: every circular phase crosses rows/storage seams exactly and releases window accounting
ok 1037 - every circular phase crosses rows/storage seams exactly and releases window accounting
  ---
  duration_ms: 257.7735
  type: 'test'
  ...
# Subtest: All 640 native gradient variants preserve global maxima, normalization and equalization across seven-row strips
ok 1038 - All 640 native gradient variants preserve global maxima, normalization and equalization across seven-row strips
  ---
  duration_ms: 18601.664792
  type: 'test'
  ...
# Subtest: All orientations and one-row halos retain whole-image gradient semantics
ok 1039 - All orientations and one-row halos retain whole-image gradient semantics
  ---
  duration_ms: 2819.319375
  type: 'test'
  ...
# Subtest: Cancellation in every global stage discards partial arrays; source retry and admission refusal are clean
ok 1040 - Cancellation in every global stage discards partial arrays; source retry and admission refusal are clean
  ---
  duration_ms: 459.872667
  type: 'test'
  ...
# Subtest: Segmented histogram preserves native global counts/unique colors/summaries at non-pixel-aligned seams
ok 1041 - Segmented histogram preserves native global counts/unique colors/summaries at non-pixel-aligned seams
  ---
  duration_ms: 991.147916
  type: 'test'
  ...
# Subtest: All native illuminant methods/transfers/exclusions/cells/views preserve global statistics and compact mode cache
ok 1042 - All native illuminant methods/transfers/exclusions/cells/views preserve global statistics and compact mode cache
  ---
  duration_ms: 14305.468625
  type: 'test'
  ...
# Subtest: Illuminant cache ownership, eight orientations, partial cells and cancellation preserve live sources
ok 1043 - Illuminant cache ownership, eight orientations, partial cells and cancellation preserve live sources
  ---
  duration_ms: 1374.658
  type: 'test'
  ...
# Subtest: segmented migration preserves sparse holes, seams and ownership without a second RAM image
ok 1044 - segmented migration preserves sparse holes, seams and ownership without a second RAM image
  ---
  duration_ms: 22.445083
  type: 'test'
  ...
# Subtest: failed spill and cancelled promotion preserve the authoritative source and release destination memory
ok 1045 - failed spill and cancelled promotion preserve the authoritative source and release destination memory
  ---
  duration_ms: 3.137583
  type: 'test'
  ...
# Subtest: a shared read lease freezes writes and migration, pins disposal, and is read by another worker without cloning banks
ok 1046 - a shared read lease freezes writes and migration, pins disposal, and is read by another worker without cloning banks
  ---
  duration_ms: 26.069375
  type: 'test'
  ...
# Subtest: shared storage has an ordinary memory fallback and validates bank descriptors
ok 1047 - shared storage has an ordinary memory fallback and validates bank descriptors
  ---
  duration_ms: 0.546667
  type: 'test'
  ...
# Subtest: migration cannot race outstanding temporary I/O and disposal waits before deleting its backing
ok 1048 - migration cannot race outstanding temporary I/O and disposal waits before deleting its backing
  ---
  duration_ms: 0.192
  type: 'test'
  ...
# Subtest: Segmented magnifier: all 440 native outputs across small storage seams
ok 1049 - Segmented magnifier: all 440 native outputs across small storage seams
  ---
  duration_ms: 1403.283417
  type: 'test'
  ...
# Subtest: All eight source orientations use the selected native-resolution ROI, including clipped bounds
ok 1050 - All eight source orientations use the selected native-resolution ROI, including clipped bounds
  ---
  duration_ms: 253.9675
  type: 'test'
  ...
# Subtest: A huge virtual source reads only the ROI; missing temporary storage is reported before reads
ok 1051 - A huge virtual source reads only the ROI; missing temporary storage is reported before reads
  ---
  duration_ms: 23.453834
  type: 'test'
  ...
# Subtest: ROI input/result caches are bounded, owned and invalidated by source prefix
ok 1052 - ROI input/result caches are bounded, owned and invalidated by source prefix
  ---
  duration_ms: 31.931541
  type: 'test'
  ...
# Subtest: Abort at window, kernel or completion publishes no cache and releases all leases; source remains usable
ok 1053 - Abort at window, kernel or completion publishes no cache and releases all leases; source remains usable
  ---
  duration_ms: 90.352208
  type: 'test'
  ...
# Subtest: Segmented median preserves native block features, padding, score border, views and independent grid masks
ok 1054 - Segmented median preserves native block features, padding, score border, views and independent grid masks
  ---
  duration_ms: 4945.577125
  type: 'test'
  ...
# Subtest: Median block reader respects all orientations, batch row crossings and divisible black padding
ok 1055 - Median block reader respects all orientations, batch row crossings and divisible black padding
  ---
  duration_ms: 2440.694709
  type: 'test'
  ...
# Subtest: Median interpolation row cuts keep absolute native coordinates around threshold and image edges
ok 1056 - Median interpolation row cuts keep absolute native coordinates around threshold and image edges
  ---
  duration_ms: 320.59025
  type: 'test'
  ...
# Subtest: Median failure/cancellation frees every unpublished surface; refusal precedes source access
ok 1057 - Median failure/cancellation frees every unpublished surface; refusal precedes source access
  ---
  duration_ms: 578.062625
  type: 'test'
  ...
# Subtest: Segmented extrema match native RGB and both masks across channels, colors, density filters and row groups
ok 1058 - Segmented extrema match native RGB and both masks across channels, colors, density filters and row groups
  ---
  duration_ms: 57761.038333
  type: 'test'
  ...
# Subtest: Oriented density grids preserve global anchoring, small borders and cancellation at each stage
ok 1059 - Oriented density grids preserve global anchoring, small borders and cancellation at each stage
  ---
  duration_ms: 32142.820625
  type: 'test'
  ...
# Subtest: A failed temporary mask write releases every unpublished surface without losing the source
ok 1060 - A failed temporary mask write releases every unpublished surface without losing the source
  ---
  duration_ms: 5.241583
  type: 'test'
  ...
# Subtest: Segmented D2PRL composition preserves every native raw-grid refilter, mask, overlap and exclusion
ok 1061 - Segmented D2PRL composition preserves every native raw-grid refilter, mask, overlap and exclusion
  ---
  duration_ms: 5259.527334
  type: 'test'
  ...
# Subtest: Segmented CMSeg and all qualified MGCF variants preserve native maximum/OR composition and envelope removal
ok 1062 - Segmented CMSeg and all qualified MGCF variants preserve native maximum/OR composition and envelope removal
  ---
  duration_ms: 345.78675
  type: 'test'
  ...
# Subtest: Partial neural composition cancels, rejects invalid modes and protects completed owned stores
ok 1063 - Partial neural composition cancels, rejects invalid modes and protects completed owned stores
  ---
  duration_ms: 51.609083
  type: 'test'
  ...
# Subtest: Segmented bit planes retain all native channels/bits/filters, raw masks and global borders across row groups
ok 1064 - Segmented bit planes retain all native channels/bits/filters, raw masks and global borders across row groups
  ---
  duration_ms: 62327.189917
  type: 'test'
  ...
# Subtest: Mask/display orientation is exact and cancellation releases both unpublished arrays
ok 1065 - Mask/display orientation is exact and cancellation releases both unpublished arrays
  ---
  duration_ms: 694.768291
  type: 'test'
  ...
# Subtest: segmented Wiener residual and global noise mean preserve native binary64
ok 1066 - segmented Wiener residual and global noise mean preserve native binary64
  ---
  duration_ms: 23938.534917
  type: 'test'
  ...
# Subtest: PRNU cancellation removes every global temporary plane at each useful phase
ok 1067 - PRNU cancellation removes every global temporary plane at each useful phase
  ---
  duration_ms: 719.028875
  type: 'test'
  ...
# Subtest: public historical and quality panels use the same global segmented losses under 72 MiB
ok 1068 - public historical and quality panels use the same global segmented losses under 72 MiB
  ---
  duration_ms: 6575.455333
  type: 'test'
  ...
# Subtest: direct cancellation keeps only completed quality values and resumes from them
ok 1069 - direct cancellation keeps only completed quality values and resumes from them
  ---
  duration_ms: 6197.296625
  type: 'test'
  ...
# Subtest: scanline recompression equals the qualified full-frame arithmetic including Q0 and odd dimensions
ok 1070 - scanline recompression equals the qualified full-frame arithmetic including Q0 and odd dimensions
  ---
  duration_ms: 236.709834
  type: 'test'
  ...
# Subtest: completed quality checkpoint survives direct cancellation and budget refusal is explicit
ok 1071 - completed quality checkpoint survives direct cancellation and budget refusal is explicit
  ---
  duration_ms: 9.305584
  type: 'test'
  ...
# Subtest: all eight oriented surfaces preserve full-frame JPEG arithmetic
ok 1072 - all eight oriented surfaces preserve full-frame JPEG arithmetic
  ---
  duration_ms: 256.087666
  type: 'test'
  ...
# Subtest: segmented Fourier retains native original grayscale, ROI, windows and all presentations
ok 1073 - segmented Fourier retains native original grayscale, ROI, windows and all presentations
  ---
  duration_ms: 2029.777458
  type: 'test'
  ...
# Subtest: resampling view-only cache, independent table leases and cancelled strip cleanup
ok 1074 - resampling view-only cache, independent table leases and cancelled strip cleanup
  ---
  duration_ms: 267.733542
  type: 'test'
  ...
# Subtest: Segmented channel ranks preserve all six native variants across arbitrary storage seams
ok 1075 - Segmented channel ranks preserve all six native variants across arbitrary storage seams
  ---
  duration_ms: 25068.917083
  type: 'test'
  ...
# Subtest: Result windows retain exact orientation and owned lifetime; cancellation never publishes partial output
ok 1076 - Result windows retain exact orientation and owned lifetime; cancellation never publishes partial output
  ---
  duration_ms: 181.098833
  type: 'test'
  ...
# Subtest: Paired result ownership releases the output before either source storage closes
ok 1077 - Paired result ownership releases the output before either source storage closes
  ---
  duration_ms: 0.304
  type: 'test'
  ...
# Subtest: All1680 native separation outputs retain five filters, residuals, global equalization and LUTs
ok 1078 - All1680 native separation outputs retain five filters, residuals, global equalization and LUTs
  ---
  duration_ms: 15929.400458
  type: 'test'
  ...
# Subtest: Separation supports oriented row widths, minimal halos, cancellation at filter/equalization and retry
ok 1079 - Separation supports oriented row widths, minimal halos, cancellation at filter/equalization and retry
  ---
  duration_ms: 3686.315333
  type: 'test'
  ...
# Subtest: segmented ZERO renders all five native views and exports native scientific arrays without full matrices
ok 1080 - segmented ZERO renders all five native views and exports native scientific arrays without full matrices
  ---
  duration_ms: 1100.921916
  type: 'test'
  ...
# Subtest: NPZ limit and cancellation keep live ZERO analysis reusable
ok 1081 - NPZ limit and cancellation keep live ZERO analysis reusable
  ---
  duration_ms: 19.118833
  type: 'test'
  ...
# Subtest: segmented ZERO honors the original-order reference CPU override
ok 1082 - segmented ZERO honors the original-order reference CPU override
  ---
  duration_ms: 2793.363584
  type: 'test'
  ...
# Subtest: All five native denoisers keep exact full-width halos and native row tails
ok 1083 - All five native denoisers keep exact full-width halos and native row tails
  ---
  duration_ms: 3597.228958
  type: 'test'
  ...
# Subtest: All five cached filters preserve gray/color, denoised/residual and global display; levels do not refilter
ok 1084 - All five cached filters preserve gray/color, denoised/residual and global display; levels do not refilter
  ---
  duration_ms: 1602.225125
  type: 'test'
  ...
# Subtest: Cache cancellation restores only complete private bases; pressure can evict cache without changing owned outputs
ok 1085 - Cache cancellation restores only complete private bases; pressure can evict cache without changing owned outputs
  ---
  duration_ms: 16.474584
  type: 'test'
  ...
# Subtest: RAM-only admission does not let optional cache force unavailable temporary output
ok 1086 - RAM-only admission does not let optional cache force unavailable temporary output
  ---
  duration_ms: 23.239375
  type: 'test'
  ...
# Subtest: Separation admits only useful workers and owned windows; all filters and global histograms remain exact
ok 1087 - Separation admits only useful workers and owned windows; all filters and global histograms remain exact
  ---
  duration_ms: 459.892291
  type: 'test'
  ...
# Subtest: Separation retries only resource failures once and cancels before releasing windows/stores
ok 1088 - Separation retries only resource failures once and cancels before releasing windows/stores
  ---
  duration_ms: 163.647834
  type: 'test'
  ...
# Subtest: retired SAB references disappear while publication envelopes and live clients remain owned
ok 1089 - retired SAB references disappear while publication envelopes and live clients remain owned
  ---
  duration_ms: 110.025875
  type: 'test'
  ...
# Subtest: a cancelled retirement keeps backing until pending reads ACK and excludes newly connected readers
ok 1090 - a cancelled retirement keeps backing until pending reads ACK and excludes newly connected readers
  ---
  duration_ms: 28.8185
  type: 'test'
  ...
# Subtest: a useful ArrayBuffer retry drains the actual optional L2 before unrelated idle Wasm credits
ok 1091 - a useful ArrayBuffer retry drains the actual optional L2 before unrelated idle Wasm credits
  ---
  duration_ms: 6.086
  type: 'test'
  ...
# Subtest: disposing a relay waits for an already active child retirement before releasing its parent ACK
ok 1092 - disposing a relay waits for an already active child retirement before releasing its parent ACK
  ---
  duration_ms: 32.204667
  type: 'test'
  ...
# Subtest: an owner retirement arriving during relay disposal also waits for the earlier child read
ok 1093 - an owner retirement arriving during relay disposal also waits for the earlier child read
  ---
  duration_ms: 32.560459
  type: 'test'
  ...
# Subtest: dormant cache transport allocates no data banks until an actual paged input activates it
ok 1094 - dormant cache transport allocates no data banks until an actual paged input activates it
  ---
  duration_ms: 1.473625
  type: 'test'
  ...
# Subtest: SIFT point append rolls back every published row after failed new page
ok 1095 - SIFT point append rolls back every published row after failed new page
  ---
  duration_ms: 1.901834
  type: 'test'
  ...
# Subtest: SIFT checkpoint stages preserve committed peers across explicit resumption
ok 1096 - SIFT checkpoint stages preserve committed peers across explicit resumption
  ---
  duration_ms: 0.38225
  type: 'test'
  ...
# Subtest: useful slow preparation widens look-ahead while fast preparation remains bounded
ok 1097 - useful slow preparation widens look-ahead while fast preparation remains bounded
  ---
  duration_ms: 0.254959
  type: 'test'
  ...
# Subtest: terminal publication failure retains the computed tile and its reservation until resume
ok 1098 - terminal publication failure retains the computed tile and its reservation until resume
  ---
  duration_ms: 264.888875
  type: 'test'
  ...
# {"layers":3,"w":600,"h":440,"seeds":100,"rounds":5,"escapes":4,"newtonSteps":5,"legacyPyramids":98,"canonicalPyramids":9,"radius":{"gaussian":42,"orientation":18,"total":60,"halo":128},"rankedPoints":40,"g2nnPairs":35,"exact":true}
# Subtest: canonical SIFT continuation batches preserve native seeds and float bits, layers 3 shape 600x440
ok 1099 - canonical SIFT continuation batches preserve native seeds and float bits, layers 3 shape 600x440
  ---
  duration_ms: 5456.085583
  type: 'test'
  ...
# {"layers":4,"w":600,"h":440,"seeds":112,"rounds":3,"escapes":5,"newtonSteps":5,"legacyPyramids":99,"canonicalPyramids":8,"radius":{"gaussian":40,"orientation":17,"total":57,"halo":128},"rankedPoints":41,"g2nnPairs":32,"exact":true}
# Subtest: canonical SIFT continuation batches preserve native seeds and float bits, layers 4 shape 600x440
ok 1100 - canonical SIFT continuation batches preserve native seeds and float bits, layers 4 shape 600x440
  ---
  duration_ms: 5271.184125
  type: 'test'
  ...
# {"layers":3,"w":603,"h":439,"seeds":100,"rounds":5,"escapes":7,"newtonSteps":5,"legacyPyramids":98,"canonicalPyramids":10,"radius":{"gaussian":42,"orientation":18,"total":60,"halo":128},"rankedPoints":46,"g2nnPairs":36,"exact":true}
# Subtest: canonical SIFT continuation batches preserve native seeds and float bits, layers 3 shape 603x439
ok 1101 - canonical SIFT continuation batches preserve native seeds and float bits, layers 3 shape 603x439
  ---
  duration_ms: 5535.005334
  type: 'test'
  ...
# {"layers":4,"w":517,"h":515,"seeds":112,"rounds":3,"escapes":5,"newtonSteps":5,"legacyPyramids":100,"canonicalPyramids":6,"radius":{"gaussian":40,"orientation":17,"total":57,"halo":128},"rankedPoints":48,"g2nnPairs":39,"exact":true}
# Subtest: canonical SIFT continuation batches preserve native seeds and float bits, layers 4 shape 517x515
ok 1102 - canonical SIFT continuation batches preserve native seeds and float bits, layers 4 shape 517x515
  ---
  duration_ms: 5076.554875
  type: 'test'
  ...
# Subtest: canonical continuations group exact windows without dropping seed identity or layers
ok 1103 - canonical continuations group exact windows without dropping seed identity or layers
  ---
  duration_ms: 1.502
  type: 'test'
  ...
# Subtest: native batch publication retains unordered peers and resumes without recomputation or duplicate seeds
ok 1104 - native batch publication retains unordered peers and resumes without recomputation or duplicate seeds
  ---
  duration_ms: 261.291458
  type: 'test'
  ...
# Subtest: discarding a checkpoint releases completed batches waiting for an earlier seed
ok 1105 - discarding a checkpoint releases completed batches waiting for an earlier seed
  ---
  duration_ms: 0.1875
  type: 'test'
  ...
# Subtest: G2NN native oracle: global
ok 1106 - G2NN native oracle: global
  ---
  duration_ms: 11.006583
  type: 'test'
  ...
# Subtest: G2NN native oracle: spatial-before-neighbours
ok 1107 - G2NN native oracle: spatial-before-neighbours
  ---
  duration_ms: 2.618125
  type: 'test'
  ...
# Subtest: G2NN native oracle: overlapping-contexts
ok 1108 - G2NN native oracle: overlapping-contexts
  ---
  duration_ms: 2.185959
  type: 'test'
  ...
# Subtest: G2NN native oracle: compare-gap
ok 1109 - G2NN native oracle: compare-gap
  ---
  duration_ms: 3.634542
  type: 'test'
  ...
# Subtest: G2NN native oracle: reflection-cross-frame
ok 1110 - G2NN native oracle: reflection-cross-frame
  ---
  duration_ms: 3.863625
  type: 'test'
  ...
# Subtest: G2NN native oracle: compact-coordinates
ok 1111 - G2NN native oracle: compact-coordinates
  ---
  duration_ms: 1.543333
  type: 'test'
  ...
# Subtest: G2NN native oracle: stable-ties
ok 1112 - G2NN native oracle: stable-ties
  ---
  duration_ms: 1.155791
  type: 'test'
  ...
# Subtest: G2NN native oracle: empty
ok 1113 - G2NN native oracle: empty
  ---
  duration_ms: 3.499167
  type: 'test'
  ...
# Subtest: G2NN native oracle: one-neighbour
ok 1114 - G2NN native oracle: one-neighbour
  ---
  duration_ms: 1.120084
  type: 'test'
  ...
# Subtest: G2NN native oracle: native-sift-texture
ok 1115 - G2NN native oracle: native-sift-texture
  ---
  duration_ms: 2.979208
  type: 'test'
  ...
# Subtest: G2NN cancellation, shared admission, invalid representation and pair budget
ok 1116 - G2NN cancellation, shared admission, invalid representation and pair budget
  ---
  duration_ms: 2.944334
  type: 'test'
  ...
# Subtest: reflection remaps real extracted points without mutating their frame
ok 1117 - reflection remaps real extracted points without mutating their frame
  ---
  duration_ms: 0.123542
  type: 'test'
  ...
# Subtest: SIFT independent ROIs keep crop, scale, exclusion and budget semantics
ok 1118 - SIFT independent ROIs keep crop, scale, exclusion and budget semantics
  ---
  duration_ms: 1.821167
  type: 'test'
  ...
# Subtest: SIFT reflected frame crops pixels and maps feature provenance back
ok 1119 - SIFT reflected frame crops pixels and maps feature provenance back
  ---
  duration_ms: 0.307459
  type: 'test'
  ...
# Subtest: SIFT centre uniqueness and response priority match NumPy float32 rounding
ok 1120 - SIFT centre uniqueness and response priority match NumPy float32 rounding
  ---
  duration_ms: 5.65575
  type: 'test'
  ...
# Subtest: native packed float64 centres and ROI additions retain double precision
ok 1121 - native packed float64 centres and ROI additions retain double precision
  ---
  duration_ms: 3.02825
  type: 'test'
  ...
# Subtest: SIFT retries the whole admitted peak after returning input, waiting for actual peer credit
ok 1122 - SIFT retries the whole admitted peak after returning input, waiting for actual peer credit
  ---
  duration_ms: 11.572
  type: 'test'
  ...
# Subtest: SIFT cleanup tracks retained heap and extra buffers but excludes published split owners
ok 1123 - SIFT cleanup tracks retained heap and extra buffers but excludes published split owners
  ---
  duration_ms: 0.488041
  type: 'test'
  ...
# Subtest: SIFT virtual slots do not finance ten idle heaps while GPU is busy
ok 1124 - SIFT virtual slots do not finance ten idle heaps while GPU is busy
  ---
  duration_ms: 1.062792
  type: 'test'
  ...
# Subtest: SIFT phases return CPU during GPU and retain only their actual backing ownership
ok 1125 - SIFT phases return CPU during GPU and retain only their actual backing ownership
  ---
  duration_ms: 5.026333
  type: 'test'
  ...
# Subtest: SIFT mapped pyramid retries mapping without redispatch and copies into renewed Wasm view
ok 1126 - SIFT mapped pyramid retries mapping without redispatch and copies into renewed Wasm view
  ---
  duration_ms: 1.588791
  type: 'test'
  ...
# Subtest: Blob API preserves the existing full-memory path and returns exact owned windows with stale-handle rejection
ok 1127 - Blob API preserves the existing full-memory path and returns exact owned windows with stale-handle rejection
  ---
  duration_ms: 45.211291
  type: 'test'
  ...
# Subtest: A RAM-admitted segmented JPEG keeps all pixels and global histogram while validating each adapter parameters
ok 1128 - A RAM-admitted segmented JPEG keeps all pixels and global histogram while validating each adapter parameters
  ---
  duration_ms: 154.942458
  type: 'test'
  ...
# Subtest: Only recognized full-memory allocation failure tries the exact row path once
ok 1129 - Only recognized full-memory allocation failure tries the exact row path once
  ---
  duration_ms: 51.557834
  type: 'test'
  ...
# Subtest: Segmented result surfaces stay owned until release and are invalidated with their source
ok 1130 - Segmented result surfaces stay owned until release and are invalidated with their source
  ---
  duration_ms: 99.91325
  type: 'test'
  ...
# Subtest: Bit-plane mask handles preserve raw evidence separately from the filtered display
ok 1131 - Bit-plane mask handles preserve raw evidence separately from the filtered display
  ---
  duration_ms: 139.247208
  type: 'test'
  ...
# Subtest: Segmented extrema publish two independently owned masks and preserve all live evidence
ok 1132 - Segmented extrema publish two independently owned masks and preserve all live evidence
  ---
  duration_ms: 249.629792
  type: 'test'
  ...
# Subtest: Segmented defect evidence exposes owned typed flags, paged rows and CSV with strict lifetime
ok 1133 - Segmented defect evidence exposes owned typed flags, paged rows and CSV with strict lifetime
  ---
  duration_ms: 176.483375
  type: 'test'
  ...
# Subtest: Original Blob hashing/hex windows preserve ten independent digests, seams, EOF and cancellation
ok 1134 - Original Blob hashing/hex windows preserve ten independent digests, seams, EOF and cancellation
  ---
  duration_ms: 233.403583
  type: 'test'
  ...
# Subtest: Public segmented byte operations allow explicit visual-hash opt-out, cache immutable data and retain source bytes
ok 1135 - Public segmented byte operations allow explicit visual-hash opt-out, cache immutable data and retain source bytes
  ---
  duration_ms: 118.856625
  type: 'test'
  ...
# Subtest: native filename naming hints preserve regex boundaries and Unicode folding
ok 1136 - native filename naming hints preserve regex boundaries and Unicode folding
  ---
  duration_ms: 5.195834
  type: 'test'
  ...
# Subtest: bytes and File input retain supplied metadata separately from signature evidence
ok 1137 - bytes and File input retain supplied metadata separately from signature evidence
  ---
  duration_ms: 54.879542
  type: 'test'
  ...
# Subtest: small streamed chunks identify signatures without pixels; unknown stat remains absent
ok 1138 - small streamed chunks identify signatures without pixels; unknown stat remains absent
  ---
  duration_ms: 1.033209
  type: 'test'
  ...
# Subtest: Immutable Blob original: bounded progressive SHA256, cancellation, ownership and byte ranges
ok 1139 - Immutable Blob original: bounded progressive SHA256, cancellation, ownership and byte ranges
  ---
  duration_ms: 133.116
  type: 'test'
  ...
# Subtest: Full-resolution window reads preserve all eight EXIF transforms, segmented seams and owned results
ok 1140 - Full-resolution window reads preserve all eight EXIF transforms, segmented seams and owned results
  ---
  duration_ms: 44.757416
  type: 'test'
  ...
# Subtest: Window scratch admission failure releases its output reservation without shrinking the request
ok 1141 - Window scratch admission failure releases its output reservation without shrinking the request
  ---
  duration_ms: 0.658292
  type: 'test'
  ...
# Subtest: computed stage keeps exactly its existing reservation, then becomes cache without a copied buffer
ok 1142 - computed stage keeps exactly its existing reservation, then becomes cache without a copied buffer
  ---
  duration_ms: 1.068417
  type: 'test'
  ...
# Subtest: cache hits are pinned once while in use and eviction cannot unaccount borrowed values
ok 1143 - cache hits are pinned once while in use and eviction cannot unaccount borrowed values
  ---
  duration_ms: 0.810667
  type: 'test'
  ...
# Subtest: cancellation keeps only completed admitted stages, disposal drops all cache references
ok 1144 - cancellation keeps only completed admitted stages, disposal drops all cache references
  ---
  duration_ms: 1.677083
  type: 'test'
  ...
# Subtest: real sparse grouping/matching preserves results across cache borrow, eviction and caller mutation
ok 1145 - real sparse grouping/matching preserves results across cache borrow, eviction and caller mutation
  ---
  duration_ms: 11.476833
  type: 'test'
  ...
# Subtest: stage cache moves backing ownership through pinning and retires only on real eviction
ok 1146 - stage cache moves backing ownership through pinning and retires only on real eviction
  ---
  duration_ms: 0.546917
  type: 'test'
  ...
# { searches: 27, flows: 25, peak: 87490560 }
# Subtest: bounded half-height search and streamed gray-pair Farneback preserve native output
ok 1147 - bounded half-height search and streamed gray-pair Farneback preserve native output
  ---
  duration_ms: 6364.851792
  type: 'test'
  ...
# { nativeViews: 100, searches: 28 }
# Subtest: segmented stereo preserves all searches, four views, raw flow and absence
ok 1148 - segmented stereo preserves all searches, four views, raw flow and absence
  ---
  duration_ms: 12796.084166
  type: 'test'
  ...
# Subtest: stereo cancellation cleans incomplete work and old published views survive cache release
ok 1149 - stereo cancellation cleans incomplete work and old published views survive cache release
  ---
  duration_ms: 273.217416
  type: 'test'
  ...
# Subtest: Stereo arithmetic shortcuts match software FMA on signed random bits, halfway traps and IEEE boundary cases
ok 1150 - Stereo arithmetic shortcuts match software FMA on signed random bits, halfway traps and IEEE boundary cases
  ---
  duration_ms: 225.980375
  type: 'test'
  ...
# Subtest: Stereogram native periodicity, lazy flow, all views and absent-period outcomes are exact
ok 1151 - Stereogram native periodicity, lazy flow, all views and absent-period outcomes are exact
  ---
  duration_ms: 7276.823167
  type: 'test'
  ...
# Subtest: Stereo original arithmetic remains selectable independently of the optimized engine
ok 1152 - Stereo original arithmetic remains selectable independently of the optimized engine
  ---
  duration_ms: 51.659959
  type: 'test'
  ...
# Subtest: concurrent source-window leases are admitted outside worker reservations
ok 1153 - concurrent source-window leases are admitted outside worker reservations
  ---
  duration_ms: 8.889791
  type: 'test'
  ...
# Subtest: bounded rows and windows preserve native OCR support and exact PGM grayscale bytes
ok 1154 - bounded rows and windows preserve native OCR support and exact PGM grayscale bytes
  ---
  duration_ms: 7.0475
  type: 'test'
  ...
# Subtest: invalid windows, visitor failures and cancellation release every borrowed source strip
ok 1155 - invalid windows, visitor failures and cancellation release every borrowed source strip
  ---
  duration_ms: 0.522375
  type: 'test'
  ...
# Subtest: Tesseract TSV rules, flat support and trimming equal native
ok 1156 - Tesseract TSV rules, flat support and trimming equal native
  ---
  duration_ms: 5.265708
  type: 'test'
  ...
# Subtest: OCR tiled coverage retains full resolution and exact right/bottom edge
ok 1157 - OCR tiled coverage retains full resolution and exact right/bottom edge
  ---
  duration_ms: 0.13775
  type: 'test'
  ...
# Subtest: OCR duplicates use inclusive smaller-area overlap, confidence then coordinate order
ok 1158 - OCR duplicates use inclusive smaller-area overlap, confidence then coordinate order
  ---
  duration_ms: 0.2035
  type: 'test'
  ...
# Subtest: OCR filters honor shared admission and cancellation
ok 1159 - OCR filters honor shared admission and cancellation
  ---
  duration_ms: 0.407125
  type: 'test'
  ...
# Subtest: native Lanczos4 thumbnail resize and segmented difference match ten independent native cases
ok 1160 - native Lanczos4 thumbnail resize and segmented difference match ten independent native cases
  ---
  duration_ms: 494.335667
  type: 'test'
  ...
# Subtest: thumbnail cancellation, consumer failure and admission remove every unpublished store
ok 1161 - thumbnail cancellation, consumer failure and admission remove every unpublished store
  ---
  duration_ms: 35.358292
  type: 'test'
  ...
# Subtest: Classic TIFF extended native RGB corpus with precise retained refusals
ok 1162 - Classic TIFF extended native RGB corpus with precise retained refusals
  ---
  duration_ms: 468.499583
  type: 'test'
  ...
# Subtest: Mapped TIFF grayscale used by analysis reserves its decoder before starting
ok 1163 - Mapped TIFF grayscale used by analysis reserves its decoder before starting
  ---
  duration_ms: 69.669958
  type: 'test'
  ...
# Subtest: classic and BigTIFF late IFDs skip strip/ICC bytes in either byte order
ok 1164 - classic and BigTIFF late IFDs skip strip/ICC bytes in either byte order
  ---
  duration_ms: 68.056292
  type: 'test'
  ...
# Subtest: all TIFF/BigTIFF corpus structural values and original offsets agree with contiguous parsing
ok 1165 - all TIFF/BigTIFF corpus structural values and original offsets agree with contiguous parsing
  ---
  duration_ms: 271.268208
  type: 'test'
  ...
# Subtest: unsafe BigTIFF fields, truncated IFDs, cycles and cancellation fail without retained reservations
ok 1166 - unsafe BigTIFF fields, truncated IFDs, cycles and cancellation fail without retained reservations
  ---
  duration_ms: 21.538833
  type: 'test'
  ...
# Subtest: sparse TIFF follows GPS/thumbnail directories and matches first duplicate-pointer semantics
ok 1167 - sparse TIFF follows GPS/thumbnail directories and matches first duplicate-pointer semantics
  ---
  duration_ms: 16.183875
  type: 'test'
  ...
# Subtest: metadata admission refuses large directory trees before staging and remains reusable
ok 1168 - metadata admission refuses large directory trees before staging and remains reusable
  ---
  duration_ms: 307.534791
  type: 'test'
  ...
# Subtest: BigTIFF sparse addressing preserves an IFD offset beyond uint32 without allocating a full source
ok 1169 - BigTIFF sparse addressing preserves an IFD offset beyond uint32 without allocating a full source
  ---
  duration_ms: 3.26375
  type: 'test'
  ...
# Subtest: 22MP TIFF strips and BigTIFF tiles preserve native RGB/hash and never stage whole encoded Blob
ok 1170 - 22MP TIFF strips and BigTIFF tiles preserve native RGB/hash and never stage whole encoded Blob
  ---
  duration_ms: 9517.968334
  type: 'test'
  ...
# Subtest: cancelled block load discards unpublished pixels and permits reload
ok 1171 - cancelled block load discards unpublished pixels and permits reload
  ---
  duration_ms: 2145.159792
  type: 'test'
  ...
# Subtest: bounded libtiff strips/tiles preserve the classic and BigTIFF native RGB corpus
ok 1172 - bounded libtiff strips/tiles preserve the classic and BigTIFF native RGB corpus
  ---
  duration_ms: 863.471666
  type: 'test'
  ...
# Subtest: truncated tile refusal, async read cancellation and oversized block admission stay explicit
ok 1173 - truncated tile refusal, async read cancellation and oversized block admission stay explicit
  ---
  duration_ms: 16.324125
  type: 'test'
  ...
# Subtest: TNT rejects a modified architecture and rolls back a refused heap before parameter fetch
ok 1174 - TNT rejects a modified architecture and rolls back a refused heap before parameter fetch
  ---
  duration_ms: 4.915959
  type: 'test'
  ...
# Subtest: TNT parameter transport, wrong verified-byte type and cancellation preserve retry and free admission
ok 1175 - TNT parameter transport, wrong verified-byte type and cancellation preserve retry and free admission
  ---
  duration_ms: 19.859166
  type: 'test'
  ...
# Subtest: TNT refuses its fixed staging reservation without retaining a partial result
ok 1176 - TNT refuses its fixed staging reservation without retaining a partial result
  ---
  duration_ms: 10.828875
  type: 'test'
  ...
# Subtest: TNT linear pool drops admitted worker heaps after initialization failure and can be disposed
ok 1177 - TNT linear pool drops admitted worker heaps after initialization failure and can be disposed
  ---
  duration_ms: 1.316917
  type: 'test'
  ...
# Subtest: TNT patch unfolding, padded stride4 convolution and layout are native exact
ok 1178 - TNT patch unfolding, padded stride4 convolution and layout are native exact
  ---
  duration_ms: 136.677042
  type: 'test'
  ...
# Subtest: TNT native linear channels remain exact across partition boundaries
ok 1179 - TNT native linear channels remain exact across partition boundaries
  ---
  duration_ms: 1744.148125
  type: 'test'
  ...
# Subtest: TNT Welford norms and attention outputs match independent native fixtures
ok 1180 - TNT Welford norms and attention outputs match independent native fixtures
  ---
  duration_ms: 347.154958
  type: 'test'
  ...
# Subtest: TNT GELU retains declared finite error and sign of zero; never advertised as bit-exact
ok 1181 - TNT GELU retains declared finite error and sign of zero; never advertised as bit-exact
  ---
  duration_ms: 5.699083
  type: 'test'
  ...
# {"maxAbs":1.1920928955078125e-7,"different":8,"elements":16384}
# Subtest: split-value admission bounds padded scores and banks at 96MP geometry
ok 1182 - split-value admission bounds padded scores and banks at 96MP geometry
  ---
  duration_ms: 0.825458
  type: 'test'
  ...
# Subtest: original assets, CPU fallback and small key banks retain original query graph
ok 1183 - original assets, CPU fallback and small key banks retain original query graph
  ---
  duration_ms: 0.164917
  type: 'test'
  ...
# Subtest: Native TruFor renderer: random
ok 1184 - Native TruFor renderer: random
  ---
  duration_ms: 8.401125
  type: 'test'
  ...
# Subtest: Native TruFor renderer: constant
ok 1185 - Native TruFor renderer: constant
  ---
  duration_ms: 6.030708
  type: 'test'
  ...
# Subtest: Native TruFor renderer: bins
ok 1186 - Native TruFor renderer: bins
  ---
  duration_ms: 4.184916
  type: 'test'
  ...
# Subtest: global radix quantiles exactly match native float32 interpolation including signed values
ok 1187 - global radix quantiles exactly match native float32 interpolation including signed values
  ---
  duration_ms: 147.275083
  type: 'test'
  ...
# Subtest: all segmented TruFor views match full rendering at arbitrary source coordinates
ok 1188 - all segmented TruFor views match full rendering at arbitrary source coordinates
  ---
  duration_ms: 19.318375
  type: 'test'
  ...
# Subtest: image pooling preserves one global weight normalizer under extreme confidences
ok 1189 - image pooling preserves one global weight normalizer under extreme confidences
  ---
  duration_ms: 0.370375
  type: 'test'
  ...
# Subtest: qualification reader checks complete ZIP32 and ZIP64 scientific arrays
ok 1190 - qualification reader checks complete ZIP32 and ZIP64 scientific arrays
  ---
  duration_ms: 31.803083
  type: 'test'
  ...
# Subtest: reader rejects a damaged scientific payload and streams the original bytes in order
ok 1191 - reader rejects a damaged scientific payload and streams the original bytes in order
  ---
  duration_ms: 13.788375
  type: 'test'
  ...
# Subtest: VIG rejects a modified architecture and rolls back a refused heap before parameter fetch
ok 1192 - VIG rejects a modified architecture and rolls back a refused heap before parameter fetch
  ---
  duration_ms: 16.718667
  type: 'test'
  ...
# Subtest: VIG parameter transport, wrong verified-byte type and cancellation preserve retry and free admission
ok 1193 - VIG parameter transport, wrong verified-byte type and cancellation preserve retry and free admission
  ---
  duration_ms: 20.692792
  type: 'test'
  ...
# Subtest: VIG refuses its fixed staging reservation without retaining a partial result
ok 1194 - VIG refuses its fixed staging reservation without retaining a partial result
  ---
  duration_ms: 15.017708
  type: 'test'
  ...
# Subtest: VIG linear pool drops admitted worker heaps after initialization failure and can be disposed
ok 1195 - VIG linear pool drops admitted worker heaps after initialization failure and can be disposed
  ---
  duration_ms: 1.434042
  type: 'test'
  ...
# Subtest: VIG exp and GELU reproduce independent native arithmetic, including signed zero
ok 1196 - VIG exp and GELU reproduce independent native arithmetic, including signed zero
  ---
  duration_ms: 109.369958
  type: 'test'
  ...
# Subtest: VIG stem, grouped convolution and FFN preserve arithmetic through irregular job boundaries
ok 1197 - VIG stem, grouped convolution and FFN preserve arithmetic through irregular job boundaries
  ---
  duration_ms: 1176.849
  type: 'test'
  ...
# Subtest: VIG distances, tied TopK, dilation and max-relative packing are native exact
ok 1198 - VIG distances, tied TopK, dilation and max-relative packing are native exact
  ---
  duration_ms: 185.674167
  type: 'test'
  ...
# Subtest: bounded WebAssembly keeps instructions while enforcing admitted pages
ok 1199 - bounded WebAssembly keeps instructions while enforcing admitted pages
  ---
  duration_ms: 3.495916
  type: 'test'
  ...
# Subtest: invalid memory layouts and insufficient admission are explicit
ok 1200 - invalid memory layouts and insufficient admission are explicit
  ---
  duration_ms: 0.422833
  type: 'test'
  ...
# Subtest: Wasm tensor leases keep stable views across new banks and owner disposal
ok 1201 - Wasm tensor leases keep stable views across new banks and owner disposal
  ---
  duration_ms: 114.4805
  type: 'test'
  ...
# Subtest: released ranges coalesce and reused tensors preserve new-array zero semantics
ok 1202 - released ranges coalesce and reused tensors preserve new-array zero semantics
  ---
  duration_ms: 1.89325
  type: 'test'
  ...
# Subtest: retirement excludes live tensors and reports only the Wasm domain
ok 1203 - retirement excludes live tensors and reports only the Wasm domain
  ---
  duration_ms: 5.532959
  type: 'test'
  ...
# Subtest: allocation refusal and cancellation publish no bank and return reservations
ok 1204 - allocation refusal and cancellation publish no bank and return reservations
  ---
  duration_ms: 3.630792
  type: 'test'
  ...
# Subtest: zero:false reuses a dirty range and full output publication overwrites every sentinel
ok 1205 - zero:false reuses a dirty range and full output publication overwrites every sentinel
  ---
  duration_ms: 0.763459
  type: 'test'
  ...
# Subtest: one bank is counted once and remains pinned until its final slice is returned
ok 1206 - one bank is counted once and remains pinned until its final slice is returned
  ---
  duration_ms: 0.366333
  type: 'test'
  ...
# Subtest: refused standalone helper admission registers no orphaned arena reclaimer
ok 1207 - refused standalone helper admission registers no orphaned arena reclaimer
  ---
  duration_ms: 3.759375
  type: 'test'
  ...
# Subtest: policy refusal can resume into a returned range without a new bank or returned global credit
ok 1208 - policy refusal can resume into a returned range without a new bank or returned global credit
  ---
  duration_ms: 6.487333
  type: 'test'
  ...
# Subtest: an allocator refusal inside admission keeps its original reclaimer domain and extent
ok 1209 - an allocator refusal inside admission keeps its original reclaimer domain and extent
  ---
  duration_ms: 0.369167
  type: 'test'
  ...
# Subtest: complete-axis strips preserve all 59 native wavelets and all threshold modes
ok 1210 - complete-axis strips preserve all 59 native wavelets and all threshold modes
  ---
  duration_ms: 42462.047709
  type: 'test'
  ...
# Subtest: odd reconstruction cropping, zero threshold and cancellation clean temporary planes
ok 1211 - odd reconstruction cropping, zero threshold and cancellation clean temporary planes
  ---
  duration_ms: 448.90325
  type: 'test'
  ...
# Subtest: sibling failure settles delayed strip reads before releasing shared admission
ok 1212 - sibling failure settles delayed strip reads before releasing shared admission
  ---
  duration_ms: 19.123584
  type: 'test'
  ...
# Subtest: abort terminates busy strip workers and releases workspace
ok 1213 - abort terminates busy strip workers and releases workspace
  ---
  duration_ms: 0.8455
  type: 'test'
  ...
# Subtest: a tight-memory local strip gains worker lanes when a peer returns memory mid-stage
ok 1214 - a tight-memory local strip gains worker lanes when a peer returns memory mid-stage
  ---
  duration_ms: 4.603916
  type: 'test'
  ...
# Subtest: more free RAM does not bypass a ceiling learned from an actual worker failure
ok 1215 - more free RAM does not bypass a ceiling learned from an actual worker failure
  ---
  duration_ms: 7.672625
  type: 'test'
  ...
# Subtest: slower completed useful strips still reduce the learned worker ceiling
ok 1216 - slower completed useful strips still reduce the learned worker ceiling
  ---
  duration_ms: 5.433292
  type: 'test'
  ...
# Subtest: 59 wavelets and five thresholds preserve native reconstruction; threshold views reuse immutable coefficients
ok 1217 - 59 wavelets and five thresholds preserve native reconstruction; threshold views reuse immutable coefficients
  ---
  duration_ms: 10992.923708
  type: 'test'
  ...
# Subtest: public worker preserves allocation and recovery diagnostics without destroying the session
ok 1218 - public worker preserves allocation and recovery diagnostics without destroying the session
  ---
  duration_ms: 3.574417
  type: 'test'
  ...
# Subtest: capabilities stays readable during a live public operation; unreadable responses settle pending work
ok 1219 - capabilities stays readable during a live public operation; unreadable responses settle pending work
  ---
  duration_ms: 2.761958
  type: 'test'
  ...
# Subtest: public null preserves the cooperative storage-close acknowledgement
ok 1220 - public null preserves the cooperative storage-close acknowledgement
  ---
  duration_ms: 2.815041
  type: 'test'
  ...
# Subtest: public messageerror preserves the cooperative storage-close acknowledgement
ok 1221 - public messageerror preserves the cooperative storage-close acknowledgement
  ---
  duration_ms: 0.578541
  type: 'test'
  ...
# Subtest: null fails one pending RPC, releases its CPU lease, and poisons only that endpoint
ok 1222 - null fails one pending RPC, releases its CPU lease, and poisons only that endpoint
  ---
  duration_ms: 5.606667
  type: 'test'
  ...
# Subtest: messageerror fails one pending RPC, releases its CPU lease, and poisons only that endpoint
ok 1223 - messageerror fails one pending RPC, releases its CPU lease, and poisons only that endpoint
  ---
  duration_ms: 1.0585
  type: 'test'
  ...
# Subtest: unexpected asynchronous handler rejection is delivered instead of orphaning its caller
ok 1224 - unexpected asynchronous handler rejection is delivered instead of orphaning its caller
  ---
  duration_ms: 1.127875
  type: 'test'
  ...
# Subtest: opaque transport retry preserves its cause, skips all memory reclaim and stops at five refusals
ok 1225 - opaque transport retry preserves its cause, skips all memory reclaim and stops at five refusals
  ---
  duration_ms: 5.957167
  type: 'test'
  ...
# Subtest: unrelated policy-memory changes cannot reset an opaque transport obstruction
ok 1226 - unrelated policy-memory changes cannot reset an opaque transport obstruction
  ---
  duration_ms: 4.546833
  type: 'test'
  ...
# (node:6629) ExperimentalWarning: Module mocking is an experimental feature and might change at any time
# (Use `node --trace-warnings ...` to show where the warning was created)
# Subtest: diagnostic reads preserve the active cancellation controller and root transport failures close storage
ok 1227 - diagnostic reads preserve the active cancellation controller and root transport failures close storage
  ---
  duration_ms: 28.927084
  type: 'test'
  ...
# Subtest: ghost publishes a completely closed companion before another close fails
ok 1228 - ghost publishes a completely closed companion before another close fails
  ---
  duration_ms: 10.676334
  type: 'test'
  ...
# Subtest: gray publishes a completely closed companion before another close fails
ok 1229 - gray publishes a completely closed companion before another close fails
  ---
  duration_ms: 4.577708
  type: 'test'
  ...
# Subtest: OCR rejects malformed success envelopes as transport without publishing undefined
ok 1230 - OCR rejects malformed success envelopes as transport without publishing undefined
  ---
  duration_ms: 0.497
  type: 'test'
  ...
# Subtest: OCR aborts and drains companion input before releasing the batch or recreating a worker
ok 1231 - OCR aborts and drains companion input before releasing the batch or recreating a worker
  ---
  duration_ms: 49.771666
  type: 'test'
  ...
# Subtest: energy keeps its failed worker envelope until pending I/O drains
ok 1232 - energy keeps its failed worker envelope until pending I/O drains
  ---
  duration_ms: 9.711917
  type: 'test'
  ...
# Subtest: ghost keeps its failed worker envelope until pending I/O drains
ok 1233 - ghost keeps its failed worker envelope until pending I/O drains
  ---
  duration_ms: 5.965667
  type: 'test'
  ...
# Subtest: gray keeps its failed worker envelope until pending I/O drains
ok 1234 - gray keeps its failed worker envelope until pending I/O drains
  ---
  duration_ms: 7.773125
  type: 'test'
  ...
# {"i":0,"grayMax":0.0000457763671875,"normalizedMax":0.0000019073486328125,"stats":{"width":1312,"height":768,"mean":127.53336334228516,"inverseStd":0.0351768359541893,"reads":13,"normalization":"one global InstanceNorm; float64 moment reduction, float32 tensor"}}
# Subtest: XFeat native global preparation 1317x789
ok 1235 - XFeat native global preparation 1317x789
  ---
  duration_ms: 63.090083
  type: 'test'
  ...
# {"i":1,"grayMax":0,"normalizedMax":3.5762786865234375e-7,"stats":{"width":128,"height":96,"mean":127.01543426513672,"inverseStd":0.023393873125314713,"reads":2,"normalization":"one global InstanceNorm; float64 moment reduction, float32 tensor"}}
# Subtest: XFeat native global preparation 128x96
ok 1236 - XFeat native global preparation 128x96
  ---
  duration_ms: 5.008292
  type: 'test'
  ...
# {"i":2,"grayMax":0.000030517578125,"normalizedMax":0.0000014603137969970703,"stats":{"width":96,"height":128,"mean":126.6103286743164,"inverseStd":0.03513143211603165,"reads":3,"normalization":"one global InstanceNorm; float64 moment reduction, float32 tensor"}}
# Subtest: XFeat native global preparation 97x131
ok 1237 - XFeat native global preparation 97x131
  ---
  duration_ms: 3.552917
  type: 'test'
  ...
# Subtest: XFeat preparation releases native allocations after source failure
ok 1238 - XFeat preparation releases native allocations after source failure
  ---
  duration_ms: 4.435
  type: 'test'
  ...
# Subtest: global paged components, significance, native ordering and closing match the 76 native ZERO cases
ok 1239 - global paged components, significance, native ordering and closing match the 76 native ZERO cases
  ---
  duration_ms: 8400.70825
  type: 'test'
  ...
# Subtest: separate components restore x-major native order and retain edge/halo closing
ok 1240 - separate components restore x-major native order and retain edge/halo closing
  ---
  duration_ms: 92.650833
  type: 'test'
  ...
# Subtest: region refusal and consumer failure release all unpublished stores
ok 1241 - region refusal and consumer failure release all unpublished stores
  ---
  duration_ms: 45.040416
  type: 'test'
  ...
# Subtest: native ZERO luminance/votes and global significance survive row halos, phases and compact storage
ok 1242 - native ZERO luminance/votes and global significance survive row halos, phases and compact storage
  ---
  duration_ms: 4608.708666
  type: 'test'
  ...
# Subtest: JPEG99 global4:4:4 matches every native companion and remains distinct from4:2:0 cache entries
ok 1243 - JPEG99 global4:4:4 matches every native companion and remains distinct from4:2:0 cache entries
  ---
  duration_ms: 3812.117709
  type: 'test'
  ...
# Subtest: global vote ties follow native x-major arrival, not numeric grid order
ok 1244 - global vote ties follow native x-major arrival, not numeric grid order
  ---
  duration_ms: 0.344958
  type: 'test'
  ...
# Subtest: ZERO staged memory refusal and cancellation remove unpublished planes and keep the source usable
ok 1245 - ZERO staged memory refusal and cancellation remove unpublished planes and keep the source usable
  ---
  duration_ms: 61.429625
  type: 'test'
  ...
# Subtest: ZERO votes, detected/regularized masks and five views match native; significance preserves every decision
ok 1246 - ZERO votes, detected/regularized masks and five views match native; significance preserves every decision
  ---
  duration_ms: 3655.356542
  type: 'test'
  ...
# Subtest: ZERO original-order CPU override agrees with the optimized threshold filter on a native positive case
ok 1247 - ZERO original-order CPU override agrees with the optimized threshold filter on a native positive case
  ---
  duration_ms: 2388.859542
  type: 'test'
  ...
# Subtest: ZERO significance retains native threshold decisions on 413 boundary samples
ok 1248 - ZERO significance retains native threshold decisions on 413 boundary samples
  ---
  duration_ms: 10.623667
  type: 'test'
  ...
# Subtest: ZERO refuses an excessive working set before allocation and leaves a constrained engine usable
ok 1249 - ZERO refuses an excessive working set before allocation and leaves a constrained engine usable
  ---
  duration_ms: 2.802792
  type: 'test'
  ...
# Subtest: Compact RGB8 luminance conversion matches the native rounding of all 16,777,216 colors
ok 1250 - Compact RGB8 luminance conversion matches the native rounding of all 16,777,216 colors
  ---
  duration_ms: 533.439542
  type: 'test'
  ...
1..1250
# tests 1258
# suites 0
# pass 1256
# fail 0
# cancelled 0
# skipped 2
# todo 0
# duration_ms 245527.973917
