TAP version 13
# Subtest: Immediate concurrency uses the highest admitted capacity, evicts only cache and counts no preflight work
ok 1 - Immediate concurrency uses the highest admitted capacity, evicts only cache and counts no preflight work
  ---
  duration_ms: 0.963833
  type: 'test'
  ...
# Subtest: Concurrency decreases from actual slow work or resource failure and recovers from actual successful work
ok 2 - Concurrency decreases from actual slow work or resource failure and recovers from actual successful work
  ---
  duration_ms: 0.224375
  type: 'test'
  ...
# Subtest: Large browser memory hints are not capped at an arbitrary global four GiB
ok 3 - Large browser memory hints are not capped at an arbitrary global four GiB
  ---
  duration_ms: 0.270291
  type: 'test'
  ...
# Subtest: useful observations preserve decisions for other operation shapes and remain bounded
ok 4 - useful observations preserve decisions for other operation shapes and remain bounded
  ---
  duration_ms: 0.213834
  type: 'test'
  ...
# Subtest: Adjustment prefix caches skip source/local/global work for Otsu, fixed thresholds and inversion
ok 5 - Adjustment prefix caches skip source/local/global work for Otsu, fixed thresholds and inversion
  ---
  duration_ms: 588.997125
  type: 'test'
  ...
# Subtest: Adjustment cache is complete, private and evictable; cancelling cached or cold passes cleans partial output
ok 6 - Adjustment cache is complete, private and evictable; cancelling cached or cold passes cleans partial output
  ---
  duration_ms: 120.256792
  type: 'test'
  ...
# Subtest: Adjustment admits only useful workers and owned windows; all equalization modes and global histograms remain exact
ok 7 - Adjustment admits only useful workers and owned windows; all equalization modes and global histograms remain exact
  ---
  duration_ms: 1138.583
  type: 'test'
  ...
# Subtest: Adjustment retries only resource failures once and cancels before releasing windows/stores
ok 8 - Adjustment retries only resource failures once and cancels before releasing windows/stores
  ---
  duration_ms: 364.137958
  type: 'test'
  ...
# Subtest: AKAZE complete native PNG/mask and original JPEG/TIFF pipelines are exact
ok 9 - AKAZE complete native PNG/mask and original JPEG/TIFF pipelines are exact
  ---
  duration_ms: 46282.613834
  type: 'test'
  ...
# Subtest: AKAZE cache identity, explicit detector choice, owned outputs, budget and cancellation
ok 10 - AKAZE cache identity, explicit detector choice, owned outputs, budget and cancellation
  ---
  duration_ms: 5770.669125
  type: 'test'
  ...
# Subtest: ALIKED support rows preserve native preparation 131x97
ok 11 - ALIKED support rows preserve native preparation 131x97
  ---
  duration_ms: 224.564334
  type: 'test'
  ...
# Subtest: ALIKED support rows preserve native preparation 1537x1031
ok 12 - ALIKED support rows preserve native preparation 1537x1031
  ---
  duration_ms: 494.566458
  type: 'test'
  ...
# Subtest: ALIKED support rows preserve native preparation 1024x1024
ok 13 - ALIKED support rows preserve native preparation 1024x1024
  ---
  duration_ms: 388.353209
  type: 'test'
  ...
# Subtest: ALIKED support rows preserve native preparation 37x113
ok 14 - ALIKED support rows preserve native preparation 37x113
  ---
  duration_ms: 172.828833
  type: 'test'
  ...
# Subtest: ALIKED support rows preserve native preparation 2049x79
ok 15 - ALIKED support rows preserve native preparation 2049x79
  ---
  duration_ms: 42.971375
  type: 'test'
  ...
# Subtest: ALIKED row read failure and second admission failure release all working memory
ok 16 - ALIKED row read failure and second admission failure release all working memory
  ---
  duration_ms: 2.686833
  type: 'test'
  ...
# Subtest: ArrayBuffer refusal retires the optional backing before idle Wasm credit and waits for ownership ACK
ok 17 - ArrayBuffer refusal retires the optional backing before idle Wasm credit and waits for ownership ACK
  ---
  duration_ms: 5.959375
  type: 'test'
  ...
# Subtest: cold owners of the same backing domain precede unrelated accounting reclamation
ok 18 - cold owners of the same backing domain precede unrelated accounting reclamation
  ---
  duration_ms: 0.218125
  type: 'test'
  ...
# Subtest: logical MEMORY_LIMIT keeps ordinary admission reclamation and preserves optional cache
ok 19 - logical MEMORY_LIMIT keeps ordinary admission reclamation and preserves optional cache
  ---
  duration_ms: 0.192791
  type: 'test'
  ...
# Subtest: allocation kind is explicit and GPU or Wasm faults are never tagged as ArrayBuffer pressure
ok 20 - allocation kind is explicit and GPU or Wasm faults are never tagged as ArrayBuffer pressure
  ---
  duration_ms: 0.235542
  type: 'test'
  ...
# Subtest: cancellation during ownership retirement never publishes premature backing credit or retries useful allocation
ok 21 - cancellation during ownership retirement never publishes premature backing credit or retries useful allocation
  ---
  duration_ms: 0.541791
  type: 'test'
  ...
# Subtest: serialized allocation reclaims report their own domain and ownership result
ok 22 - serialized allocation reclaims report their own domain and ownership result
  ---
  duration_ms: 0.259416
  type: 'test'
  ...
# Subtest: Whole-image scope cancels detection, clears exclusions and rejects all old generations; automatic mode can return
ok 23 - Whole-image scope cancels detection, clears exclusions and rejects all old generations; automatic mode can return
  ---
  duration_ms: 2.206625
  type: 'test'
  ...
# Subtest: Empty or failed detection does not silently run whole-image branches; unavailable adapters remain explicit
ok 24 - Empty or failed detection does not silently run whole-image branches; unavailable adapters remain explicit
  ---
  duration_ms: 0.606167
  type: 'test'
  ...
# Subtest: Cancellation and disposal suppress late errors as well as progress/results
ok 25 - Cancellation and disposal suppress late errors as well as progress/results
  ---
  duration_ms: 0.15925
  type: 'test'
  ...
# Subtest: A scope action dispatched synchronously by a UI event cannot reuse the previous generation
ok 26 - A scope action dispatched synchronously by a UI event cannot reuse the previous generation
  ---
  duration_ms: 0.159875
  type: 'test'
  ...
# Subtest: segmented palette, morphology, global components and borders match all 144 native panel cases
ok 27 - segmented palette, morphology, global components and borders match all 144 native panel cases
  ---
  duration_ms: 15311.711709
  type: 'test'
  ...
# Subtest: panel cancellation in sampling/growing and consumer failure leave no temporary results
ok 28 - panel cancellation in sampling/growing and consumer failure leave no temporary results
  ---
  duration_ms: 656.350292
  type: 'test'
  ...
# Subtest: Panel polygons equal the native original-byte oracle across palette, morphology, geometry and codec boundaries
ok 29 - Panel polygons equal the native original-byte oracle across palette, morphology, geometry and codec boundaries
  ---
  duration_ms: 2526.544292
  type: 'test'
  ...
# Subtest: Detector checks initial admission and admits cancellation events during useful flat and coloured work
ok 30 - Detector checks initial admission and admits cancellation events during useful flat and coloured work
  ---
  duration_ms: 18.700459
  type: 'test'
  ...
# Subtest: Original PNG/JPEG/TIFF decode, original-byte provenance, polygons, half-open bounds and JSON are exact
ok 31 - Original PNG/JPEG/TIFF decode, original-byte provenance, polygons, half-open bounds and JSON are exact
  ---
  duration_ms: 6522.929042
  type: 'test'
  ...
# Subtest: Owned cache, resource refusals, cancelled useful work and actual scope detector adapter preserve explicit boundaries
ok 32 - Owned cache, resource refusals, cancelled useful work and actual scope detector adapter preserve explicit boundaries
  ---
  duration_ms: 797.085375
  type: 'test'
  ...
# Subtest: native half-open boxes and blackened crops preserve original RGB
ok 33 - native half-open boxes and blackened crops preserve original RGB
  ---
  duration_ms: 29.289875
  type: 'test'
  ...
# Subtest: D2PRL receives only native rectangles and output exclusions; disabled jobs have no request
ok 34 - D2PRL receives only native rectangles and output exclusions; disabled jobs have no request
  ---
  duration_ms: 0.808625
  type: 'test'
  ...
# Subtest: real analyzer boundary releases crops and partial outputs on failure, cancellation and invalid result
ok 35 - real analyzer boundary releases crops and partial outputs on failure, cancellation and invalid result
  ---
  duration_ms: 8.574292
  type: 'test'
  ...
# Subtest: AI archive preserves native mask/role types and ordered raw D2PRL grids across chunks
ok 36 - AI archive preserves native mask/role types and ordered raw D2PRL grids across chunks
  ---
  duration_ms: 146.041667
  type: 'test'
  ...
# Subtest: AI snapshots reject mixed analyses, reordered grids, missing data and lossy role conversion
ok 37 - AI snapshots reject mixed analyses, reordered grids, missing data and lossy role conversion
  ---
  duration_ms: 52.135834
  type: 'test'
  ...
# Subtest: segmented D2PRL snapshot exports the same complete scientific archive and rejects mixed layouts
ok 38 - segmented D2PRL snapshot exports the same complete scientific archive and rejects mixed layouts
  ---
  duration_ms: 184.763958
  type: 'test'
  ...
# Subtest: native panel fallback, ordered identity, disabled zones and four real submissions
ok 39 - native panel fallback, ordered identity, disabled zones and four real submissions
  ---
  duration_ms: 3.72275
  type: 'test'
  ...
# Subtest: complete analysis adds only ELA; M3/M4 receive independent native settings
ok 40 - complete analysis adds only ELA; M3/M4 receive independent native settings
  ---
  duration_ms: 0.284
  type: 'test'
  ...
# Subtest: selection and plan own coordinates; empty manual selection never becomes whole-image
ok 41 - selection and plan own coordinates; empty manual selection never becomes whole-image
  ---
  duration_ms: 0.505542
  type: 'test'
  ...
# Subtest: a provider resumes on admission credit while the producer still owns live work
ok 42 - a provider resumes on admission credit while the producer still owns live work
  ---
  duration_ms: 9.899417
  type: 'test'
  ...
# Subtest: memory retry resumes after a peer releases its workspace while the long group still runs
ok 43 - memory retry resumes after a peer releases its workspace while the long group still runs
  ---
  duration_ms: 28.211791
  type: 'test'
  ...
# Subtest: persistent memory failure waits for peers and stops after five comparable failures even when alone
ok 44 - persistent memory failure waits for peers and stops after five comparable failures even when alone
  ---
  duration_ms: 263.329666
  type: 'test'
  ...
# Subtest: real allocation failure waits for a peer and retains already completed scientific results
ok 45 - real allocation failure waits for a peer and retains already completed scientific results
  ---
  duration_ms: 28.258417
  type: 'test'
  ...
# Subtest: persistent allocator refusal stops after bounded peer-settlement retries and preserves its cause
ok 46 - persistent allocator refusal stops after bounded peer-settlement retries and preserves its cause
  ---
  duration_ms: 256.882
  type: 'test'
  ...
# Subtest: useful parallel admission retries only failed groups; independent view caches retain owned frames
ok 47 - useful parallel admission retries only failed groups; independent view caches retain owned frames
  ---
  duration_ms: 31.366292
  type: 'test'
  ...
# Subtest: cancel retains completed groups and disposes late provider results; partial inspection remains available
ok 48 - cancel retains completed groups and disposes late provider results; partial inspection remains available
  ---
  duration_ms: 3.007792
  type: 'test'
  ...
# Subtest: disabled selections invoke no providers; missing engines stay explicit failures
ok 49 - disabled selections invoke no providers; missing engines stay explicit failures
  ---
  duration_ms: 1.075208
  type: 'test'
  ...
# Subtest: disposing during an asynchronous entry preparation disposes its late owner
ok 50 - disposing during an asynchronous entry preparation disposes its late owner
  ---
  duration_ms: 0.870875
  type: 'test'
  ...
# Subtest: real selected ELA composition stays alive through cached frames and session disposal
ok 51 - real selected ELA composition stays alive through cached frames and session disposal
  ---
  duration_ms: 223.350709
  type: 'test'
  ...
# Subtest: scientific snapshot holds raw and prepared owners and excludes concurrent refilters
ok 52 - scientific snapshot holds raw and prepared owners and excludes concurrent refilters
  ---
  duration_ms: 1.090292
  type: 'test'
  ...
# Subtest: disposal cancels the snapshot consumer and waits for all of its owners
ok 53 - disposal cancels the snapshot consumer and waits for all of its owners
  ---
  duration_ms: 0.506958
  type: 'test'
  ...
# Subtest: completed raw planes release RAM under pressure without rerunning their provider or losing export ownership
ok 54 - completed raw planes release RAM under pressure without rerunning their provider or losing export ownership
  ---
  duration_ms: 3.202917
  type: 'test'
  ...
# Subtest: a lone raw allocator failure resumes at full configured capacity and preserves its output
ok 55 - a lone raw allocator failure resumes at full configured capacity and preserves its output
  ---
  duration_ms: 27.132334
  type: 'test'
  ...
# Subtest: more than five successive incidents with committed high-water progress can finish without a lifetime cap
ok 56 - more than five successive incidents with committed high-water progress can finish without a lifetime cap
  ---
  duration_ms: 208.902334
  type: 'test'
  ...
# Subtest: replayed provider progress does not evade the five-failure guard and keeps original diagnostics
ok 57 - replayed provider progress does not evade the five-failure guard and keeps original diagnostics
  ---
  duration_ms: 256.566708
  type: 'test'
  ...
# Subtest: an exhausted inner recovery loop is terminal to the session instead of five fresh provider starts
ok 58 - an exhausted inner recovery loop is terminal to the session instead of five fresh provider starts
  ---
  duration_ms: 0.904375
  type: 'test'
  ...
# Subtest: recovery does not lower admission of other useful providers or replay their completed results
ok 59 - recovery does not lower admission of other useful providers or replay their completed results
  ---
  duration_ms: 26.764333
  type: 'test'
  ...
# Subtest: cancelling a recovery delay releases pressure and never launches the next attempt
ok 60 - cancelling a recovery delay releases pressure and never launches the next attempt
  ---
  duration_ms: 0.798959
  type: 'test'
  ...
# Subtest: entry preparation retries preserve scientific raw and the previous display owner until successful replacement
ok 61 - entry preparation retries preserve scientific raw and the previous display owner until successful replacement
  ---
  duration_ms: 27.529708
  type: 'test'
  ...
# Subtest: a reclaimer allocation failure stays within the same five-failure guard without replaying the provider
ok 62 - a reclaimer allocation failure stays within the same five-failure guard without replaying the provider
  ---
  duration_ms: 1.088083
  type: 'test'
  ...
# Subtest: unrelated provider defects are terminal immediately with their original stack preserved
ok 63 - unrelated provider defects are terminal immediately with their original stack preserved
  ---
  duration_ms: 0.526917
  type: 'test'
  ...
# Subtest: a suspended provider resumes on backing retirement while an admitted peer continues
ok 64 - a suspended provider resumes on backing retirement while an admitted peer continues
  ---
  duration_ms: 6.915375
  type: 'test'
  ...
# Subtest: a provider ignores peer publication until its allocation domain actually retires backing
ok 65 - a provider ignores peer publication until its allocation domain actually retires backing
  ---
  duration_ms: 2.741667
  type: 'test'
  ...
# Subtest: matching domain retirement does not reset an unresolved provider five-failure streak
ok 66 - matching domain retirement does not reset an unresolved provider five-failure streak
  ---
  duration_ms: 6.832416
  type: 'test'
  ...
# Subtest: explicit resume preserves completed groups and stable checkpoint identities after the terminal guard
ok 67 - explicit resume preserves completed groups and stable checkpoint identities after the terminal guard
  ---
  duration_ms: 253.122583
  type: 'test'
  ...
# Subtest: nested recovery attempts remain visible independently from group attempts
ok 68 - nested recovery attempts remain visible independently from group attempts
  ---
  duration_ms: 0.333834
  type: 'test'
  ...
# Subtest: public integration facade preserves explicit missing engines and caller-owned source
ok 69 - public integration facade preserves explicit missing engines and caller-owned source
  ---
  duration_ms: 53.976
  type: 'test'
  ...
# Subtest: all-disabled complete selection allocates no ELA provider or fallback analysis
ok 70 - all-disabled complete selection allocates no ELA provider or fallback analysis
  ---
  duration_ms: 1.553291
  type: 'test'
  ...
# Subtest: complete native cell/Ghost/background and energy selections preserve global references
ok 71 - complete native cell/Ghost/background and energy selections preserve global references
  ---
  duration_ms: 1206.219292
  type: 'test'
  ...
# Subtest: selection/segmentation cancellation, consumer errors and invalid parameters release partial state
ok 72 - selection/segmentation cancellation, consumer errors and invalid parameters release partial state
  ---
  duration_ms: 78.308167
  type: 'test'
  ...
# Subtest: global automatic archive adds native method/context counts, deduplicated pairs and exact mask/cell arrays
ok 73 - global automatic archive adds native method/context counts, deduplicated pairs and exact mask/cell arrays
  ---
  duration_ms: 90.985083
  type: 'test'
  ...
# Subtest: corroboration-stage abort, output-stage abort and metadata failures clean all owned scratch data
ok 74 - corroboration-stage abort, output-stage abort and metadata failures clean all owned scratch data
  ---
  duration_ms: 162.524792
  type: 'test'
  ...
# Subtest: export admission reports its full scratch envelope without leaving a partial reservation
ok 75 - export admission reports its full scratch envelope without leaving a partial reservation
  ---
  duration_ms: 0.398625
  type: 'test'
  ...
# Subtest: translated M2 source crops preserve native black exclusions and borrowed source
ok 76 - translated M2 source crops preserve native black exclusions and borrowed source
  ---
  duration_ms: 22.164875
  type: 'test'
  ...
# Subtest: global segmented AI fields, analyzed exclusions and NPZ match contiguous assembly across overlapping zones
ok 77 - global segmented AI fields, analyzed exclusions and NPZ match contiguous assembly across overlapping zones
  ---
  duration_ms: 68.472583
  type: 'test'
  ...
# Subtest: paged automatic source failures and cancellation leave no output/window leases
ok 78 - paged automatic source failures and cancellation leave no output/window leases
  ---
  duration_ms: 10.509625
  type: 'test'
  ...
# (node:96662) ExperimentalWarning: Module mocking is an experimental feature and might change at any time
# (Use `node --trace-warnings ...` to show where the warning was created)
# Subtest: presentation allocation and storage failures preserve committed detector owners for update and export
ok 79 - presentation allocation and storage failures preserve committed detector owners for update and export
  ---
  duration_ms: 120.491584
  type: 'test'
  ...
# Subtest: native automatic snapshot recursively exports all dtypes, shapes and Python scientific scalars
ok 80 - native automatic snapshot recursively exports all dtypes, shapes and Python scientific scalars
  ---
  duration_ms: 97.059125
  type: 'test'
  ...
# Subtest: invalid snapshots, path collisions, boolean payloads and cancellation cannot publish partial archives
ok 81 - invalid snapshots, path collisions, boolean payloads and cancellation cannot publish partial archives
  ---
  duration_ms: 35.866042
  type: 'test'
  ...
# Subtest: native BGR byte view preserves partial-pixel windows, exact source hash and source immutability
ok 82 - native BGR byte view preserves partial-pixel windows, exact source hash and source immutability
  ---
  duration_ms: 48.120041
  type: 'test'
  ...
# Subtest: classical snapshots retain native array types, int64 biome indices and full dense fields
ok 83 - classical snapshots retain native array types, int64 biome indices and full dense fields
  ---
  duration_ms: 93.06825
  type: 'test'
  ...
# Subtest: classical snapshot rejects ambiguous arrays and preserves empty native matrices
ok 84 - classical snapshot rejects ambiguous arrays and preserves empty native matrices
  ---
  duration_ms: 11.471417
  type: 'test'
  ...
# Subtest: paged dense fields export every native byte and reject unmarked or truncated stores
ok 85 - paged dense fields export every native byte and reject unmarked or truncated stores
  ---
  duration_ms: 136.353542
  type: 'test'
  ...
# Subtest: public complete analysis preserves all-disabled scope, cached identity, explicit views and independent export lifetime
ok 86 - public complete analysis preserves all-disabled scope, cached identity, explicit views and independent export lifetime
  ---
  duration_ms: 79.934708
  type: 'test'
  ...
# Subtest: invalid automatic configuration and early cancellation never leak or fabricate completed detectors
ok 87 - invalid automatic configuration and early cancellation never leak or fabricate completed detectors
  ---
  duration_ms: 3.391666
  type: 'test'
  ...
# Subtest: partial automatic archive records unavailable engines and real original BGR identity without fabricating results
ok 88 - partial automatic archive records unavailable engines and real original BGR identity without fabricating results
  ---
  duration_ms: 36.90175
  type: 'test'
  ...
# Subtest: export refuses inconsistent view filters and cleans snapshot owners after missing source
ok 89 - export refuses inconsistent view filters and cleans snapshot owners after missing source
  ---
  duration_ms: 1.38725
  type: 'test'
  ...
# Subtest: automatic sparse adapter forwards lazy source storage and leaves borrowed session ownership with the source
ok 90 - automatic sparse adapter forwards lazy source storage and leaves borrowed session ownership with the source
  ---
  duration_ms: 13.3925
  type: 'test'
  ...
# Subtest: automatic SIFT consumes bounded source rows and windows without retaining full RGB
ok 91 - automatic SIFT consumes bounded source rows and windows without retaining full RGB
  ---
  duration_ms: 262.828917
  type: 'test'
  ...
# Subtest: complete display selections match actual native widget methods
ok 92 - complete display selections match actual native widget methods
  ---
  duration_ms: 2.071542
  type: 'test'
  ...
# Subtest: view and export share global source/branch/family controls and restore per-tab presentation
ok 93 - view and export share global source/branch/family controls and restore per-tab presentation
  ---
  duration_ms: 1.278667
  type: 'test'
  ...
# Subtest: BigTIFF native RGB/grayscale, first frame, byte order and mapped tiles
ok 94 - BigTIFF native RGB/grayscale, first frame, byte order and mapped tiles
  ---
  duration_ms: 154.556667
  type: 'test'
  ...
# Subtest: BigTIFF keeps non-safe scalar integers exact and refuses unsafe offsets/counts
ok 95 - BigTIFF keeps non-safe scalar integers exact and refuses unsafe offsets/counts
  ---
  duration_ms: 2.102833
  type: 'test'
  ...
# Subtest: original grayscale db8 axes, medians and rendered maps match native across orientation and block sizes
ok 96 - original grayscale db8 axes, medians and rendered maps match native across orientation and block sizes
  ---
  duration_ms: 789.941375
  type: 'test'
  ...
# Subtest: fallback loaded grayscale and cancellation retain global boundaries and clean stores
ok 97 - fallback loaded grayscale and cancellation retain global boundaries and clean stores
  ---
  duration_ms: 946.562459
  type: 'test'
  ...
# Subtest: Wavelet blocking preserves original-file grayscale, exact 1094 noise maps/displays and cache ownership
ok 98 - Wavelet blocking preserves original-file grayscale, exact 1094 noise maps/displays and cache ownership
  ---
  duration_ms: 5149.684334
  type: 'test'
  ...
# Subtest: recovery tokens are concurrent, reentrant, idempotent, and leave the policy budget unchanged
ok 99 - recovery tokens are concurrent, reentrant, idempotent, and leave the policy budget unchanged
  ---
  duration_ms: 3.749917
  type: 'test'
  ...
# Subtest: a cancelled asynchronous reclaim releases its recovery token in finally
ok 100 - a cancelled asynchronous reclaim releases its recovery token in finally
  ---
  duration_ms: 0.620208
  type: 'test'
  ...
# Subtest: shared pages remain readable while concurrent recovery protects reclaimed RAM for a useful retry
ok 101 - shared pages remain readable while concurrent recovery protects reclaimed RAM for a useful retry
  ---
  duration_ms: 34.473375
  type: 'test'
  ...
# Subtest: new optional cache metadata is deferred during recovery and a later reader can connect
ok 102 - new optional cache metadata is deferred during recovery and a later reader can connect
  ---
  duration_ms: 0.880459
  type: 'test'
  ...
# Subtest: mutable byte pages flush eviction, preserve prepared windows, and have synchronous hits
ok 103 - mutable byte pages flush eviction, preserve prepared windows, and have synchronous hits
  ---
  duration_ms: 2.798334
  type: 'test'
  ...
# Subtest: page I/O errors, abort, and refusal release the bounded cache
ok 104 - page I/O errors, abort, and refusal release the bounded cache
  ---
  duration_ms: 0.313
  type: 'test'
  ...
# Subtest: bounded official SDK and native state policy match current c2patool offline cases
ok 105 - bounded official SDK and native state policy match current c2patool offline cases
  ---
  duration_ms: 192.2885
  type: 'test'
  ...
# Subtest: trust configuration admits inline PEM only; unknown and failure remain distinct
ok 106 - trust configuration admits inline PEM only; unknown and failure remain distinct
  ---
  duration_ms: 0.5
  type: 'test'
  ...
# Subtest: cache transfer pins the same owner without reporting retired backing
ok 107 - cache transfer pins the same owner without reporting retired backing
  ---
  duration_ms: 0.983041
  type: 'test'
  ...
# Subtest: cache eviction, rejected insertion and replacement each settle their owner once
ok 108 - cache eviction, rejected insertion and replacement each settle their owner once
  ---
  duration_ms: 0.885792
  type: 'test'
  ...
# Subtest: Candidate radix sorting stays exact beyond a uint32 image key in both RAM and bounded external paths
ok 109 - Candidate radix sorting stays exact beyond a uint32 image key in both RAM and bounded external paths
  ---
  duration_ms: 85.935541
  type: 'test'
  ...
# Subtest: External sort cancellation disposes its extra arrays and leaves input ownership with the caller
ok 110 - External sort cancellation disposes its extra arrays and leaves input ownership with the caller
  ---
  duration_ms: 3.6085
  type: 'test'
  ...
# Subtest: CSV pages handle empty tables and release reservations on cancellation or failed reads
ok 111 - CSV pages handle empty tables and release reservations on cancellation or failed reads
  ---
  duration_ms: 0.387334
  type: 'test'
  ...
# Subtest: CAT-Net crops stored padding before all eight native EXIF orientations
ok 112 - CAT-Net crops stored padding before all eight native EXIF orientations
  ---
  duration_ms: 3.978209
  type: 'test'
  ...
# Subtest: segmented CAT-Net cropping/orientation equals dense mapping across internal tiles
ok 113 - segmented CAT-Net cropping/orientation equals dense mapping across internal tiles
  ---
  duration_ms: 166.238167
  type: 'test'
  ...
# Subtest: native annotations and pair ownership before hull construction
ok 114 - native annotations and pair ownership before hull construction
  ---
  duration_ms: 2.491417
  type: 'test'
  ...
# Subtest: uint32 method/context counts and holes match native through stripe boundaries
ok 115 - uint32 method/context counts and holes match native through stripe boundaries
  ---
  duration_ms: 2027.985583
  type: 'test'
  ...
# Subtest: D2PRL votes once across arbitrary pass contexts; counts do not saturate at display six
ok 116 - D2PRL votes once across arbitrary pass contexts; counts do not saturate at display six
  ---
  duration_ms: 395.673041
  type: 'test'
  ...
# Subtest: almost identical endpoint pairs deduplicate only presentation, retaining AI separately
ok 117 - almost identical endpoint pairs deduplicate only presentation, retaining AI separately
  ---
  duration_ms: 10.826791
  type: 'test'
  ...
# Subtest: relation filtering affects classical layers only and ELA never enters corroboration
ok 118 - relation filtering affects classical layers only and ELA never enters corroboration
  ---
  duration_ms: 0.396292
  type: 'test'
  ...
# Subtest: cancellation and consumer failures release stripe workspaces and guard reentrance
ok 119 - cancellation and consumer failures release stripe workspaces and guard reentrance
  ---
  duration_ms: 49.099042
  type: 'test'
  ...
# Subtest: tab/mode preferences restore ELA and relations without scheduling inference
ok 120 - tab/mode preferences restore ELA and relations without scheduling inference
  ---
  duration_ms: 2.116
  type: 'test'
  ...
# Subtest: native float32 hulls, Python JSON stable ids and BGR colors
ok 121 - native float32 hulls, Python JSON stable ids and BGR colors
  ---
  duration_ms: 78.177375
  type: 'test'
  ...
# Subtest: native D2PRL exact masks, holes, external contours, component order and stable identities
ok 122 - native D2PRL exact masks, holes, external contours, component order and stable identities
  ---
  duration_ms: 1272.978125
  type: 'test'
  ...
# Subtest: native Forgeryscope filtering, display polygons, duplicate identities and source offsets
ok 123 - native Forgeryscope filtering, display polygons, duplicate identities and source offsets
  ---
  duration_ms: 93.769583
  type: 'test'
  ...
# Subtest: D2PRL threshold changes require real cached-grid refilter, with cleanup on cancellation
ok 124 - D2PRL threshold changes require real cached-grid refilter, with cleanup on cancellation
  ---
  duration_ms: 425.220792
  type: 'test'
  ...
# Subtest: ORB32 and AKAZE61 Hamming include the final byte and preserve native tie order across batches
ok 125 - ORB32 and AKAZE61 Hamming include the final byte and preserve native tie order across batches
  ---
  duration_ms: 121.598333
  type: 'test'
  ...
# Subtest: AKAZE selection keeps all 61 descriptor bytes and refuses mismatched strides
ok 126 - AKAZE selection keeps all 61 descriptor bytes and refuses mismatched strides
  ---
  duration_ms: 2.680583
  type: 'test'
  ...
# Subtest: endpoint index preserves every native geometry row, duplicate rule and order
ok 127 - endpoint index preserves every native geometry row, duplicate rule and order
  ---
  duration_ms: 255.159375
  type: 'test'
  ...
# Subtest: endpoint index matches direct predicates around cell/norm boundaries and reversed pairs
ok 128 - endpoint index matches direct predicates around cell/norm boundaries and reversed pairs
  ---
  duration_ms: 192.880041
  type: 'test'
  ...
# {"rows":100000,"outputIndices":199900,"metrics":{"cloningGroupWorkers":1,"cloningGroupCandidateRows":149800,"cloningGroupAllPairRows":4999950000},"workspacePeakBytes":64861424,"borrowedInputBytes":13600000}
# Subtest: 100000 historical correspondences retain all ordered local groups without a quadratic scan
ok 129 - 100000 historical correspondences retain all ordered local groups without a quadratic scan
  ---
  duration_ms: 702.440708
  type: 'test'
  ...
# Subtest: ORB native arithmetic primitives and reference identities
ok 130 - ORB native arithmetic primitives and reference identities
  ---
  duration_ms: 237.336042
  type: 'test'
  ...
# Subtest: ORB PNG, binary-mask, geometry and rendering pipelines match native
ok 131 - ORB PNG, binary-mask, geometry and rendering pipelines match native
  ---
  duration_ms: 79670.558958
  type: 'test'
  ...
# Subtest: ORB caches, owned results, mask invalidation, admission and cancellation
ok 132 - ORB caches, owned results, mask invalidation, admission and cancellation
  ---
  duration_ms: 345.085791
  type: 'test'
  ...
# Subtest: ORB geometry resource retry preserves native groups and monotonic progress
ok 133 - ORB geometry resource retry preserves native groups and monotonic progress
  ---
  duration_ms: 1.286
  type: 'test'
  ...
# Subtest: Backbone rejects invalid structure before admission and rolls back partial helper setup
ok 134 - Backbone rejects invalid structure before admission and rolls back partial helper setup
  ---
  duration_ms: 12.01125
  type: 'test'
  ...
# Subtest: Backbone read failure and malformed verified bytes release temporary input leases and permit retry
ok 135 - Backbone read failure and malformed verified bytes release temporary input leases and permit retry
  ---
  duration_ms: 9.32
  type: 'test'
  ...
# Subtest: Backbone cancellation during parameter fetch frees borrowed input and read reservations
ok 136 - Backbone cancellation during parameter fetch frees borrowed input and read reservations
  ---
  duration_ms: 5.827083
  type: 'test'
  ...
# Subtest: The staged postprocessor admits every supported largest tile within a real32MiB heap ceiling
ok 137 - The staged postprocessor admits every supported largest tile within a real32MiB heap ceiling
  ---
  duration_ms: 28.453417
  type: 'test'
  ...
# Subtest: Hybrid refuses geometry, pre-abort and missing worker headroom before creating a worker or GPU
ok 138 - Hybrid refuses geometry, pre-abort and missing worker headroom before creating a worker or GPU
  ---
  duration_ms: 7.3845
  type: 'test'
  ...
# Subtest: Resident correlation constructor releases every buffer and reservation when bind group construction fails
ok 139 - Resident correlation constructor releases every buffer and reservation when bind group construction fails
  ---
  duration_ms: 3.971125
  type: 'test'
  ...
# Subtest: Native depthwise Winograd float32 order preserves complete tensors, odd borders and bias
ok 140 - Native depthwise Winograd float32 order preserves complete tensors, odd borders and bias
  ---
  duration_ms: 44.766708
  type: 'test'
  ...
# {"source":{"different":0,"max":0,"mae":0},"recompression":{"different":0,"max":0,"mae":0}}
# Subtest: JPEG source and recompression measured independently
ok 141 - JPEG source and recompression measured independently
  ---
  duration_ms: 24.284542
  type: 'test'
  ...
# Subtest: Rejects unsupported format and malformed source without canvas conversion
ok 142 - Rejects unsupported format and malformed source without canvas conversion
  ---
  duration_ms: 0.356
  type: 'test'
  ...
# Subtest: JPEG parity one.jpg: all declared qualities
ok 143 - JPEG parity one.jpg: all declared qualities
  ---
  duration_ms: 12.837583
  type: 'test'
  ...
# Subtest: JPEG parity odd.jpg: all declared qualities
ok 144 - JPEG parity odd.jpg: all declared qualities
  ---
  duration_ms: 14.719375
  type: 'test'
  ...
# Subtest: JPEG parity gray.jpg: all declared qualities
ok 145 - JPEG parity gray.jpg: all declared qualities
  ---
  duration_ms: 13.35875
  type: 'test'
  ...
# Subtest: JPEG parity progressive.jpg: all declared qualities
ok 146 - JPEG parity progressive.jpg: all declared qualities
  ---
  duration_ms: 13.732333
  type: 'test'
  ...
# Subtest: JPEG parity large-pattern.jpg: all declared qualities
ok 147 - JPEG parity large-pattern.jpg: all declared qualities
  ---
  duration_ms: 21.073333
  type: 'test'
  ...
# Subtest: JPEG parity bench-512.jpg: all declared qualities
ok 148 - JPEG parity bench-512.jpg: all declared qualities
  ---
  duration_ms: 90.086333
  type: 'test'
  ...
# Subtest: JPEG parity bench-1024.jpg: all declared qualities
ok 149 - JPEG parity bench-1024.jpg: all declared qualities
  ---
  duration_ms: 272.288667
  type: 'test'
  ...
# Subtest: Comparison histograms retain exact integer populations beyond 2^24
ok 150 - Comparison histograms retain exact integer populations beyond 2^24
  ---
  duration_ms: 1270.496375
  type: 'test'
  ...
# comparison reference passed: tiny
# comparison reference passed: small
# comparison reference passed: zero
# comparison reference passed: constant
# comparison reference passed: same
# comparison reference passed: shift
# comparison reference passed: brightness
# comparison reference passed: noise
# comparison reference passed: random
# comparison reference passed: gamma
# comparison reference passed: large
# comparison reference passed: row
# comparison reference passed: column
# comparison reference passed: narrow
# comparison reference passed: inverse
# comparison reference passed: impulse
# comparison reference passed: gradient
# comparison reference passed: checker
# comparison reference passed: saturated
# comparison reference passed: edge8
# comparison reference passed: edge9
# comparison reference passed: edge10
# comparison reference passed: edge11
# comparison reference passed: edge17
# comparison reference passed: edge31
# comparison reference passed: edge33
# comparison reference passed: edge79
# comparison reference passed: edge80
# comparison reference passed: edge81
# comparison reference passed: edge175
# comparison reference passed: edge176
# comparison reference passed: edge177
# comparison reference passed: megapixel
# Subtest: comparison segmented input preserves all twenty metrics and four rendered views
ok 151 - comparison segmented input preserves all twenty metrics and four rendered views
  ---
  duration_ms: 74295.788292
  type: 'test'
  ...
# Subtest: comparison cancellation disposes output and preserves metric caches transactionally
ok 152 - comparison cancellation disposes output and preserves metric caches transactionally
  ---
  duration_ms: 48.7315
  type: 'test'
  ...
# Subtest: Comparison guarded binary64 arithmetic equals software FMA on IEEE boundaries and rounding traps
ok 153 - Comparison guarded binary64 arithmetic equals software FMA on IEEE boundaries and rounding traps
  ---
  duration_ms: 2473.195208
  type: 'test'
  ...
# Subtest: Comparison optimized Sewar scores are bit-identical to the selectable software FMA reference
ok 154 - Comparison optimized Sewar scores are bit-identical to the selectable software FMA reference
  ---
  duration_ms: 89501.614042
  type: 'test'
  ...
# Subtest: Comparison exposes all 20 native measures and all 528 exact display variants
ok 155 - Comparison exposes all 20 native measures and all 528 exact display variants
  ---
  duration_ms: 37430.498416
  type: 'test'
  ...
# Subtest: Pair cache tracks both image lifetimes, including reused IDs with identical original bytes
ok 156 - Pair cache tracks both image lifetimes, including reused IDs with identical original bytes
  ---
  duration_ms: 23.415
  type: 'test'
  ...
# Subtest: Comparison rejects invalid pairs, budgets and parameters; cancellation is recoverable
ok 157 - Comparison rejects invalid pairs, budgets and parameters; cancellation is recoverable
  ---
  duration_ms: 353.989
  type: 'test'
  ...
# Subtest: qualification records every recovery transition and observes surviving peers after a detector failure
ok 158 - qualification records every recovery transition and observes surviving peers after a detector failure
  ---
  duration_ms: 1.496458
  type: 'test'
  ...
# Subtest: periodic diagnostics use only accounting and cancel their read without cancelling useful work
ok 159 - periodic diagnostics use only accounting and cancel their read without cancelling useful work
  ---
  duration_ms: 0.618458
  type: 'test'
  ...
# Subtest: post-analysis failure exports retained science before disposing its owner
ok 160 - post-analysis failure exports retained science before disposing its owner
  ---
  duration_ms: 0.257666
  type: 'test'
  ...
# Subtest: post-unload failure reuses committed archive and reports cleanup as secondary
ok 161 - post-unload failure reuses committed archive and reports cleanup as secondary
  ---
  duration_ms: 0.228042
  type: 'test'
  ...
# Subtest: emergency cleanup selects only the launched browser profile and its descendants
ok 162 - emergency cleanup selects only the launched browser profile and its descendants
  ---
  duration_ms: 47.964833
  type: 'test'
  ...
# Subtest: Composite policy and selected-model counters survive dense and windowed NPZ
ok 163 - Composite policy and selected-model counters survive dense and windowed NPZ
  ---
  duration_ms: 11.5895
  type: 'test'
  ...
# Subtest: Contrast core rows preserve native derivatives/padded block maps and all159 median/nearest displays
ok 164 - Contrast core rows preserve native derivatives/padded block maps and all159 median/nearest displays
  ---
  duration_ms: 756.86975
  type: 'test'
  ...
# Subtest: Contrast maps and three views preserve all native block sizes, padding and indicator arithmetic
ok 165 - Contrast maps and three views preserve all native block sizes, padding and indicator arithmetic
  ---
  duration_ms: 784.944083
  type: 'test'
  ...
# Subtest: Native paired biomes: translation
ok 166 - Native paired biomes: translation
  ---
  duration_ms: 4.453375
  type: 'test'
  ...
# Subtest: Native paired biomes: reversed
ok 167 - Native paired biomes: reversed
  ---
  duration_ms: 0.705375
  type: 'test'
  ...
# Subtest: Native paired biomes: independent-contexts
ok 168 - Native paired biomes: independent-contexts
  ---
  duration_ms: 1.147667
  type: 'test'
  ...
# Subtest: Native paired biomes: disjoint-small-groups
ok 169 - Native paired biomes: disjoint-small-groups
  ---
  duration_ms: 0.690917
  type: 'test'
  ...
# Subtest: Native paired biomes: large-connected-no-area-cap
ok 170 - Native paired biomes: large-connected-no-area-cap
  ---
  duration_ms: 0.648958
  type: 'test'
  ...
# Subtest: Native paired biomes: empty
ok 171 - Native paired biomes: empty
  ---
  duration_ms: 0.2205
  type: 'test'
  ...
# Subtest: Native paired biomes: duplicate-zero-tolerance
ok 172 - Native paired biomes: duplicate-zero-tolerance
  ---
  duration_ms: 0.258209
  type: 'test'
  ...
# Subtest: Native paired biomes: boundary
ok 173 - Native paired biomes: boundary
  ---
  duration_ms: 0.251667
  type: 'test'
  ...
# Subtest: paired biomes cancellation, invalid endpoints and admission
ok 174 - paired biomes cancellation, invalid endpoints and admission
  ---
  duration_ms: 0.872
  type: 'test'
  ...
# Subtest: translation
ok 175 - translation
  ---
  duration_ms: 28.936333
  type: 'test'
  ...
# Subtest: similarity
ok 176 - similarity
  ---
  duration_ms: 10.432917
  type: 'test'
  ...
# Subtest: reflection
ok 177 - reflection
  ---
  duration_ms: 8.823292
  type: 'test'
  ...
# Subtest: two-models
ok 178 - two-models
  ---
  duration_ms: 20.958916
  type: 'test'
  ...
# Subtest: outliers
ok 179 - outliers
  ---
  duration_ms: 11.548167
  type: 'test'
  ...
# Subtest: homography
ok 180 - homography
  ---
  duration_ms: 13.076917
  type: 'test'
  ...
# Subtest: insufficient-centres
ok 181 - insufficient-centres
  ---
  duration_ms: 9.33675
  type: 'test'
  ...
# Subtest: self-overlap
ok 182 - self-overlap
  ---
  duration_ms: 15.006917
  type: 'test'
  ...
# Subtest: near-identity
ok 183 - near-identity
  ---
  duration_ms: 9.901042
  type: 'test'
  ...
# Subtest: none
ok 184 - none
  ---
  duration_ms: 10.875417
  type: 'test'
  ...
# Subtest: independent-groups
ok 185 - independent-groups
  ---
  duration_ms: 13.558583
  type: 'test'
  ...
# Subtest: cancellation and mandatory memory admission
ok 186 - cancellation and mandatory memory admission
  ---
  duration_ms: 0.548167
  type: 'test'
  ...
# Subtest: SIFT model scale/anisotropy filters
ok 187 - SIFT model scale/anisotropy filters
  ---
  duration_ms: 0.119875
  type: 'test'
  ...
# Subtest: unverified normal groups remain aligned with verified reflected groups
ok 188 - unverified normal groups remain aligned with verified reflected groups
  ---
  duration_ms: 41.3425
  type: 'test'
  ...
# Subtest: Homography and global hull accept 100001 correspondences without a count cutoff
ok 189 - Homography and global hull accept 100001 correspondences without a count cutoff
  ---
  duration_ms: 122.578875
  type: 'test'
  ...
# Subtest: geometric verification terminates by exhausted matches beyond 2000 models
ok 190 - geometric verification terminates by exhausted matches beyond 2000 models
  ---
  duration_ms: 2627.679833
  type: 'test'
  ...
# Subtest: float-global
ok 191 - float-global
  ---
  duration_ms: 35.762333
  type: 'test'
  ...
# Subtest: float-zones
ok 192 - float-zones
  ---
  duration_ms: 14.864042
  type: 'test'
  ...
# Subtest: float-compare
ok 193 - float-compare
  ---
  duration_ms: 4.05425
  type: 'test'
  ...
# Subtest: float-gap
ok 194 - float-gap
  ---
  duration_ms: 27.053625
  type: 'test'
  ...
# Subtest: float-compact
ok 195 - float-compact
  ---
  duration_ms: 3.538917
  type: 'test'
  ...
# Subtest: binary-global
ok 196 - binary-global
  ---
  duration_ms: 2.754166
  type: 'test'
  ...
# Subtest: binary-zones
ok 197 - binary-zones
  ---
  duration_ms: 30.993875
  type: 'test'
  ...
# Subtest: binary-compare
ok 198 - binary-compare
  ---
  duration_ms: 2.359833
  type: 'test'
  ...
# Subtest: binary-gap
ok 199 - binary-gap
  ---
  duration_ms: 3.9545
  type: 'test'
  ...
# Subtest: binary-compact
ok 200 - binary-compact
  ---
  duration_ms: 2.526625
  type: 'test'
  ...
# Subtest: native SIFT and RootSIFT descriptor normalization
ok 201 - native SIFT and RootSIFT descriptor normalization
  ---
  duration_ms: 28.605917
  type: 'test'
  ...
# Subtest: normalization cancelled before useful work
ok 202 - normalization cancelled before useful work
  ---
  duration_ms: 0.49875
  type: 'test'
  ...
# Subtest: native cKDTree leaf order 0-random
ok 203 - native cKDTree leaf order 0-random
  ---
  duration_ms: 7.0335
  type: 'test'
  ...
# Subtest: native cKDTree leaf order 0-ties
ok 204 - native cKDTree leaf order 0-ties
  ---
  duration_ms: 0.723416
  type: 'test'
  ...
# Subtest: native cKDTree leaf order 0-identical
ok 205 - native cKDTree leaf order 0-identical
  ---
  duration_ms: 0.495458
  type: 'test'
  ...
# Subtest: native cKDTree leaf order 1-random
ok 206 - native cKDTree leaf order 1-random
  ---
  duration_ms: 1.718042
  type: 'test'
  ...
# Subtest: native cKDTree leaf order 1-ties
ok 207 - native cKDTree leaf order 1-ties
  ---
  duration_ms: 0.613416
  type: 'test'
  ...
# Subtest: native cKDTree leaf order 1-identical
ok 208 - native cKDTree leaf order 1-identical
  ---
  duration_ms: 0.562833
  type: 'test'
  ...
# Subtest: native cKDTree leaf order 16-random
ok 209 - native cKDTree leaf order 16-random
  ---
  duration_ms: 0.574708
  type: 'test'
  ...
# Subtest: native cKDTree leaf order 16-ties
ok 210 - native cKDTree leaf order 16-ties
  ---
  duration_ms: 1.051667
  type: 'test'
  ...
# Subtest: native cKDTree leaf order 16-identical
ok 211 - native cKDTree leaf order 16-identical
  ---
  duration_ms: 2.365
  type: 'test'
  ...
# Subtest: native cKDTree leaf order 17-random
ok 212 - native cKDTree leaf order 17-random
  ---
  duration_ms: 2.112916
  type: 'test'
  ...
# Subtest: native cKDTree leaf order 17-ties
ok 213 - native cKDTree leaf order 17-ties
  ---
  duration_ms: 0.6465
  type: 'test'
  ...
# Subtest: native cKDTree leaf order 17-identical
ok 214 - native cKDTree leaf order 17-identical
  ---
  duration_ms: 1.76
  type: 'test'
  ...
# Subtest: native cKDTree leaf order 40-random
ok 215 - native cKDTree leaf order 40-random
  ---
  duration_ms: 1.986208
  type: 'test'
  ...
# Subtest: native cKDTree leaf order 40-ties
ok 216 - native cKDTree leaf order 40-ties
  ---
  duration_ms: 0.70375
  type: 'test'
  ...
# Subtest: native cKDTree leaf order 40-identical
ok 217 - native cKDTree leaf order 40-identical
  ---
  duration_ms: 0.681
  type: 'test'
  ...
# Subtest: native cKDTree leaf order 801-random
ok 218 - native cKDTree leaf order 801-random
  ---
  duration_ms: 0.877916
  type: 'test'
  ...
# Subtest: native cKDTree leaf order 801-ties
ok 219 - native cKDTree leaf order 801-ties
  ---
  duration_ms: 3.707042
  type: 'test'
  ...
# Subtest: native cKDTree leaf order 801-identical
ok 220 - native cKDTree leaf order 801-identical
  ---
  duration_ms: 1.422042
  type: 'test'
  ...
# Subtest: native cKDTree leaf order 4096-random
ok 221 - native cKDTree leaf order 4096-random
  ---
  duration_ms: 4.678708
  type: 'test'
  ...
# Subtest: native cKDTree leaf order 4096-ties
ok 222 - native cKDTree leaf order 4096-ties
  ---
  duration_ms: 3.00625
  type: 'test'
  ...
# Subtest: native cKDTree leaf order 4096-identical
ok 223 - native cKDTree leaf order 4096-identical
  ---
  duration_ms: 1.068542
  type: 'test'
  ...
# Subtest: native cKDTree leaf order ORB/positive/Affine
ok 224 - native cKDTree leaf order ORB/positive/Affine
  ---
  duration_ms: 1.050208
  type: 'test'
  ...
# Subtest: native cKDTree leaf order AKAZE/positive/Affine
ok 225 - native cKDTree leaf order AKAZE/positive/Affine
  ---
  duration_ms: 0.58725
  type: 'test'
  ...
# Subtest: D2PRL rejects unqualified identities and relative URLs before fetching or reserving
ok 226 - D2PRL rejects unqualified identities and relative URLs before fetching or reserving
  ---
  duration_ms: 1.819625
  type: 'test'
  ...
# Subtest: D2PRL verifies actual manifest bytes and releases failed admissions for retry
ok 227 - D2PRL verifies actual manifest bytes and releases failed admissions for retry
  ---
  duration_ms: 33.79225
  type: 'test'
  ...
# Subtest: D2PRL manifest respects the shared budget before any network allocation
ok 228 - D2PRL manifest respects the shared budget before any network allocation
  ---
  duration_ms: 0.255208
  type: 'test'
  ...
# Subtest: An evicted D2PRL raw grid cannot trigger inference through refilter or raw export
ok 229 - An evicted D2PRL raw grid cannot trigger inference through refilter or raw export
  ---
  duration_ms: 9.582958
  type: 'test'
  ...
# Subtest: Memory pressure reclaims idle helper heaps before cached scientific results
ok 230 - Memory pressure reclaims idle helper heaps before cached scientific results
  ---
  duration_ms: 0.335875
  type: 'test'
  ...
# Subtest: owned candidate workspace matches pinned Torch propagation and RNG at the full 448 grid
ok 231 - owned candidate workspace matches pinned Torch propagation and RNG at the full 448 grid
  ---
  duration_ms: 1442.108958
  type: 'test'
  ...
# Subtest: a partial candidate growth stays owned for retry, and subsequent useful work reuses both banks
ok 232 - a partial candidate growth stays owned for retry, and subsequent useful work reuses both banks
  ---
  duration_ms: 4.850375
  type: 'test'
  ...
# Subtest: candidate wrapping never publishes a partially mutated committed input on cancellation
ok 233 - candidate wrapping never publishes a partially mutated committed input on cancellation
  ---
  duration_ms: 5.347292
  type: 'test'
  ...
# Subtest: D2 reclaims the explicitly failed domain with exact constructor bytes and one refusal event
ok 234 - D2 reclaims the explicitly failed domain with exact constructor bytes and one refusal event
  ---
  duration_ms: 8.253417
  type: 'test'
  ...
# Subtest: UNet terminal preserves validated nodes; explicit resume does not replay them
ok 235 - UNet terminal preserves validated nodes; explicit resume does not replay them
  ---
  duration_ms: 16.254292
  type: 'test'
  ...
# Subtest: changing a checkpoint identity discards prior owned graph values
ok 236 - changing a checkpoint identity discards prior owned graph values
  ---
  duration_ms: 8.1885
  type: 'test'
  ...
# Subtest: PatchMatch terminal at evaluation keeps exact candidate/RNG cursor and completed evaluations
ok 237 - PatchMatch terminal at evaluation keeps exact candidate/RNG cursor and completed evaluations
  ---
  duration_ms: 49.740208
  type: 'test'
  ...
# Subtest: analysis retains completed zones through terminal resume and releases the active pipeline key
ok 238 - analysis retains completed zones through terminal resume and releases the active pipeline key
  ---
  duration_ms: 5.641208
  type: 'test'
  ...
# Subtest: cancellation discards checkpoints rather than retaining cancelled output
ok 239 - cancellation discards checkpoints rather than retaining cancelled output
  ---
  duration_ms: 6.54225
  type: 'test'
  ...
# Subtest: descriptor checkpoint preserves previously completed convolutions and descriptor planes
ok 240 - descriptor checkpoint preserves previously completed convolutions and descriptor planes
  ---
  duration_ms: 323.4515
  type: 'test'
  ...
# Subtest: union checkpoint keeps completed DLF/convolutions and held weights at refusal
ok 241 - union checkpoint keeps completed DLF/convolutions and held weights at refusal
  ---
  duration_ms: 17.914375
  type: 'test'
  ...
# Subtest: a changed RNG identity invalidates the previous PatchMatch checkpoint
ok 242 - a changed RNG identity invalidates the previous PatchMatch checkpoint
  ---
  duration_ms: 7.827417
  type: 'test'
  ...
# Subtest: an already cancelled explicit graph resume discards the retained checkpoint
ok 243 - an already cancelled explicit graph resume discards the retained checkpoint
  ---
  duration_ms: 7.773542
  type: 'test'
  ...
# Subtest: cancelled queued analysis releases the preceding terminal checkpoint
ok 244 - cancelled queued analysis releases the preceding terminal checkpoint
  ---
  duration_ms: 2.010833
  type: 'test'
  ...
# Subtest: cancelled queued analysis preserves the following resume checkpoint
ok 245 - cancelled queued analysis preserves the following resume checkpoint
  ---
  duration_ms: 1.613583
  type: 'test'
  ...
# Subtest: D2PRL admits its large workspace only when the shared CPU lane is available
ok 246 - D2PRL admits its large workspace only when the shared CPU lane is available
  ---
  duration_ms: 6.018333
  type: 'test'
  ...
# Subtest: D2PRL cancellation before admission creates no worker and preserves source ownership
ok 247 - D2PRL cancellation before admission creates no worker and preserves source ownership
  ---
  duration_ms: 1.87475
  type: 'test'
  ...
# Subtest: general GPU convolution admits its entire useful peak before splitting ownership
ok 248 - general GPU convolution admits its entire useful peak before splitting ownership
  ---
  duration_ms: 7.633042
  type: 'test'
  ...
# Subtest: ordered GPU convolution admits its entire useful peak before splitting ownership
ok 249 - ordered GPU convolution admits its entire useful peak before splitting ownership
  ---
  duration_ms: 1.344
  type: 'test'
  ...
# Subtest: mapped GPU output survives engine disposal without a copied backing and releases idempotently
ok 250 - mapped GPU output survives engine disposal without a copied backing and releases idempotently
  ---
  duration_ms: 1.003583
  type: 'test'
  ...
# Subtest: one owned GPU output feeds another convolution and device lifetime covers every outstanding result
ok 251 - one owned GPU output feeds another convolution and device lifetime covers every outstanding result
  ---
  duration_ms: 1.529583
  type: 'test'
  ...
# Subtest: mapping and range recovery preserve the completed dispatch and release its transient resources before reclaim
ok 252 - mapping and range recovery preserve the completed dispatch and release its transient resources before reclaim
  ---
  duration_ms: 7.051125
  type: 'test'
  ...
# Subtest: cancellation after mapping frees unpublished output and does not keep a device lease
ok 253 - cancellation after mapping frees unpublished output and does not keep a device lease
  ---
  duration_ms: 0.590792
  type: 'test'
  ...
# Subtest: pending GPU readback stays visible until its useful mapping completes
ok 254 - pending GPU readback stays visible until its useful mapping completes
  ---
  duration_ms: 0.590459
  type: 'test'
  ...
# Subtest: pending GPU readback stays visible until cancelled mapping settles
ok 255 - pending GPU readback stays visible until cancelled mapping settles
  ---
  duration_ms: 0.566958
  type: 'test'
  ...
# (node:96775) ExperimentalWarning: Module mocking is an experimental feature and might change at any time
# (Use `node --trace-warnings ...` to show where the warning was created)
# Subtest: adapter-owned projected outputs and raw grid copies survive adapter disposal
ok 256 - adapter-owned projected outputs and raw grid copies survive adapter disposal
  ---
  duration_ms: 246.235209
  type: 'test'
  ...
# Subtest: weights stream to stable Wasm, reuse retained parameters, release exact ownership
ok 257 - weights stream to stable Wasm, reuse retained parameters, release exact ownership
  ---
  duration_ms: 154.06175
  type: 'test'
  ...
# Subtest: two network refusals preserve hashed prefix with validated Range
ok 258 - two network refusals preserve hashed prefix with validated Range
  ---
  duration_ms: 333.278833
  type: 'test'
  ...
# Subtest: two network refusals preserve hashed prefix with 200 fallback
ok 259 - two network refusals preserve hashed prefix with 200 fallback
  ---
  duration_ms: 330.613792
  type: 'test'
  ...
# Subtest: allocation retry does not re-read committed data; terminal keeps prefix for explicit resume
ok 260 - allocation retry does not re-read committed data; terminal keeps prefix for explicit resume
  ---
  duration_ms: 381.846875
  type: 'test'
  ...
# Subtest: wrong size/hash/range never publish a parameter and cancellation clears incomplete banks
ok 261 - wrong size/hash/range never publish a parameter and cancellation clears incomplete banks
  ---
  duration_ms: 427.502834
  type: 'test'
  ...
# Subtest: initial Wasm refusal is retried without fetching and int64 offsets stay exact
ok 262 - initial Wasm refusal is retried without fetching and int64 offsets stay exact
  ---
  duration_ms: 28.227916
  type: 'test'
  ...
# Subtest: different live parameter extents share one bank and one SHA instance without whole-heap views
ok 263 - different live parameter extents share one bank and one SHA instance without whole-heap views
  ---
  duration_ms: 2.68475
  type: 'test'
  ...
# Subtest: an EOF network fault resumes at the final byte without hashing the prefix twice
ok 264 - an EOF network fault resumes at the final byte without hashing the prefix twice
  ---
  duration_ms: 216.67125
  type: 'test'
  ...
# Subtest: chunk admission refusal holds the received bytes and retries admission without reopening HTTP
ok 265 - chunk admission refusal holds the received bytes and retries admission without reopening HTTP
  ---
  duration_ms: 110.536375
  type: 'test'
  ...
# Subtest: large interrupted responses continue in bounded closed ranges accepted by the production host
ok 266 - large interrupted responses continue in bounded closed ranges accepted by the production host
  ---
  duration_ms: 444.651834
  type: 'test'
  ...
# Subtest: D2 recovery forwards the real operation graph and recovery stage as serializable diagnostics
ok 267 - D2 recovery forwards the real operation graph and recovery stage as serializable diagnostics
  ---
  duration_ms: 5.804125
  type: 'test'
  ...
# Subtest: D2 policy refusal requests admission credit with 0 bytes of its own returned prefix
ok 268 - D2 policy refusal requests admission credit with 0 bytes of its own returned prefix
  ---
  duration_ms: 2.340917
  type: 'test'
  ...
# Subtest: D2 policy refusal requests admission credit with 128 bytes of its own returned prefix
ok 269 - D2 policy refusal requests admission credit with 128 bytes of its own returned prefix
  ---
  duration_ms: 1.706666
  type: 'test'
  ...
# Subtest: feature admission includes borrowed inputs and native heap growth atomically
ok 270 - feature admission includes borrowed inputs and native heap growth atomically
  ---
  duration_ms: 1.083542
  type: 'test'
  ...
# Subtest: neural admission includes borrowed inputs and native heap growth atomically
ok 271 - neural admission includes borrowed inputs and native heap growth atomically
  ---
  duration_ms: 2.491166
  type: 'test'
  ...
# Subtest: prepare admission includes borrowed inputs and native heap growth atomically
ok 272 - prepare admission includes borrowed inputs and native heap growth atomically
  ---
  duration_ms: 0.833375
  type: 'test'
  ...
# Subtest: D2 PatchMatch preserves committed evaluations and exact RNG across repeated later allocation incidents
ok 273 - D2 PatchMatch preserves committed evaluations and exact RNG across repeated later allocation incidents
  ---
  duration_ms: 36.804208
  type: 'test'
  ...
# Subtest: five failures without progress stop locally while more separated incidents remain recoverable
ok 274 - five failures without progress stop locally while more separated incidents remain recoverable
  ---
  duration_ms: 15.324208
  type: 'test'
  ...
# Subtest: feature copy recovery retains completed native work and releases all ownership
ok 275 - feature copy recovery retains completed native work and releases all ownership
  ---
  duration_ms: 5.930583
  type: 'test'
  ...
# Subtest: cancelled local recovery immediately releases pressure and does not retry
ok 276 - cancelled local recovery immediately releases pressure and does not retry
  ---
  duration_ms: 0.672875
  type: 'test'
  ...
# Subtest: two evaluator lanes refusing every useful tile stop without leaking work or pressure
ok 277 - two evaluator lanes refusing every useful tile stop without leaking work or pressure
  ---
  duration_ms: 9.100208
  type: 'test'
  ...
# Subtest: concurrent useful tiles do not combine independent first refusals into a loop
ok 278 - concurrent useful tiles do not combine independent first refusals into a loop
  ---
  duration_ms: 1.848917
  type: 'test'
  ...
# Subtest: guarded stages retain dynamic getters and original method ownership
ok 279 - guarded stages retain dynamic getters and original method ownership
  ---
  duration_ms: 0.187417
  type: 'test'
  ...
# Subtest: a refused optional evaluator preserves the ready pool and grows again after external release
ok 280 - a refused optional evaluator preserves the ready pool and grows again after external release
  ---
  duration_ms: 1.990416
  type: 'test'
  ...
# Subtest: parameter digest recovery retains already fetched useful model bytes
ok 281 - parameter digest recovery retains already fetched useful model bytes
  ---
  duration_ms: 33.876291
  type: 'test'
  ...
# Subtest: cancellation at a successful bootstrap boundary cannot create optional evaluator workers
ok 282 - cancellation at a successful bootstrap boundary cannot create optional evaluator workers
  ---
  duration_ms: 0.987666
  type: 'test'
  ...
# Subtest: paged D2 regions preserve complete native masks, contours, order, counts and identities
ok 283 - paged D2 regions preserve complete native masks, contours, order, counts and identities
  ---
  duration_ms: 23.10575
  type: 'test'
  ...
# Subtest: global run traversal agrees with native block CCL for random8-connected topology
ok 284 - global run traversal agrees with native block CCL for random8-connected topology
  ---
  duration_ms: 5221.907541
  type: 'test'
  ...
# Subtest: paged region abort, storage failure and consumer exceptions release scratch and entry leases
ok 285 - paged region abort, storage failure and consumer exceptions release scratch and entry leases
  ---
  duration_ms: 3.139459
  type: 'test'
  ...
# Subtest: automatic segmented refilter waits for borrowed result release and leaves independent entries
ok 286 - automatic segmented refilter waits for borrowed result release and leaves independent entries
  ---
  duration_ms: 8.687708
  type: 'test'
  ...
# Subtest: D2 waits for independent work without retrying or treating GPU retirement as ArrayBuffer backing
ok 287 - D2 waits for independent work without retrying or treating GPU retirement as ArrayBuffer backing
  ---
  duration_ms: 10.117917
  type: 'test'
  ...
# Subtest: scheduled D2 worker calls carry one owner and cannot be mistaken for an independent producer
ok 288 - scheduled D2 worker calls carry one owner and cannot be mistaken for an independent producer
  ---
  duration_ms: 0.68075
  type: 'test'
  ...
# Subtest: native D2 work is visible to peers but its parent does not manufacture progress during output recovery
ok 289 - native D2 work is visible to peers but its parent does not manufacture progress during output recovery
  ---
  duration_ms: 6.906042
  type: 'test'
  ...
# Subtest: guarded concurrent invocations forward distinct tickets without mutating caller options
ok 290 - guarded concurrent invocations forward distinct tickets without mutating caller options
  ---
  duration_ms: 0.738791
  type: 'test'
  ...
# Subtest: opaque role model is verified in a bounded owned Wasm byte view with symmetric child ledger
ok 291 - opaque role model is verified in a bounded owned Wasm byte view with symmetric child ledger
  ---
  duration_ms: 152.325209
  type: 'test'
  ...
# Subtest: model identity rejection releases every announced backing
ok 292 - model identity rejection releases every announced backing
  ---
  duration_ms: 5.4375
  type: 'test'
  ...
# Subtest: evaluator null retires only its worker and resumes the same tile
ok 293 - evaluator null retires only its worker and resumes the same tile
  ---
  duration_ms: 13.12325
  type: 'test'
  ...
# Subtest: evaluator messageerror retires only its worker and resumes the same tile
ok 294 - evaluator messageerror retires only its worker and resumes the same tile
  ---
  duration_ms: 3.548291
  type: 'test'
  ...
# Subtest: evaluator endpoint retires only its worker and resumes the same tile
ok 295 - evaluator endpoint retires only its worker and resumes the same tile
  ---
  duration_ms: 3.070542
  type: 'test'
  ...
# Subtest: evaluator wrong-id retires only its worker and resumes the same tile
ok 296 - evaluator wrong-id retires only its worker and resumes the same tile
  ---
  duration_ms: 2.014
  type: 'test'
  ...
# Subtest: five unreadable evaluator attempts stop locally with no orphaned scheduler lease
ok 297 - five unreadable evaluator attempts stop locally with no orphaned scheduler lease
  ---
  duration_ms: 7.491292
  type: 'test'
  ...
# Subtest: cancellation after unreadable evaluator data cannot recreate the failed worker
ok 298 - cancellation after unreadable evaluator data cannot recreate the failed worker
  ---
  duration_ms: 1.353667
  type: 'test'
  ...
# Subtest: optional evaluator bootstrap retries transport without reducing the healthy pool
ok 299 - optional evaluator bootstrap retries transport without reducing the healthy pool
  ---
  duration_ms: 1.657667
  type: 'test'
  ...
# Subtest: CPU convolution reuses an admitted arena output at exact remaining input and copy credit
ok 300 - CPU convolution reuses an admitted arena output at exact remaining input and copy credit
  ---
  duration_ms: 43.696916
  type: 'test'
  ...
# Subtest: CPU convolution retry includes retired previous-worker credit but not a retained arena bank
ok 301 - CPU convolution retry includes retired previous-worker credit but not a retained arena bank
  ---
  duration_ms: 26.541458
  type: 'test'
  ...
# Subtest: CPU convolution null preserves completed tiles and worker capacity
ok 302 - CPU convolution null preserves completed tiles and worker capacity
  ---
  duration_ms: 28.948125
  type: 'test'
  ...
# Subtest: CPU convolution messageerror preserves completed tiles and worker capacity
ok 303 - CPU convolution messageerror preserves completed tiles and worker capacity
  ---
  duration_ms: 23.468292
  type: 'test'
  ...
# Subtest: CPU convolution endpoint preserves completed tiles and worker capacity
ok 304 - CPU convolution endpoint preserves completed tiles and worker capacity
  ---
  duration_ms: 27.346167
  type: 'test'
  ...
# Subtest: unreadable convolution clear retains completed output and recreates only the idle slot on next layer
ok 305 - unreadable convolution clear retains completed output and recreates only the idle slot on next layer
  ---
  duration_ms: 26.102833
  type: 'test'
  ...
# Subtest: spatial transport retry retires its lease before retry and preserves input
ok 306 - spatial transport retry retires its lease before retry and preserves input
  ---
  duration_ms: 1.793875
  type: 'test'
  ...
# Subtest: bounded roles transport retry preserves prior inputs and releases each failed worker
ok 307 - bounded roles transport retry preserves prior inputs and releases each failed worker
  ---
  duration_ms: 4.339583
  type: 'test'
  ...
# Subtest: postprocess retries unreadable transport after retiring its workspace
ok 308 - postprocess retries unreadable transport after retiring its workspace
  ---
  duration_ms: 2.174375
  type: 'test'
  ...
# Subtest: evaluator terminal upload drains a companion retry before releasing shared buffers
ok 309 - evaluator terminal upload drains a companion retry before releasing shared buffers
  ---
  duration_ms: 1.650791
  type: 'test'
  ...
# Subtest: convolution terminal upload drains a companion retry before releasing shared buffers
ok 310 - convolution terminal upload drains a companion retry before releasing shared buffers
  ---
  duration_ms: 3.431791
  type: 'test'
  ...
# Subtest: five unreadable convolution tiles stop without reducing future configured parallelism or orphaning CPU
ok 311 - five unreadable convolution tiles stop without reducing future configured parallelism or orphaning CPU
  ---
  duration_ms: 14.284417
  type: 'test'
  ...
# Subtest: role child backing ledger is covered by the existing lease and follows growth, release and cancellation
ok 312 - role child backing ledger is covered by the existing lease and follows growth, release and cancellation
  ---
  duration_ms: 2.258792
  type: 'test'
  ...
# (node:96823) ExperimentalWarning: Module mocking is an experimental feature and might change at any time
# (Use `node --trace-warnings ...` to show where the warning was created)
# Subtest: explicit resume retains validated dense work after five terminal compute transport failures
ok 313 - explicit resume retains validated dense work after five terminal compute transport failures
  ---
  duration_ms: 52.387208
  type: 'test'
  ...
# Subtest: explicit resume retains validated dense work after five terminal cold transport failures
ok 314 - explicit resume retains validated dense work after five terminal cold transport failures
  ---
  duration_ms: 11.696291
  type: 'test'
  ...
# Subtest: completed coherence selections survive the failure of the next selection
ok 315 - completed coherence selections survive the failure of the next selection
  ---
  duration_ms: 6.864209
  type: 'test'
  ...
# Subtest: a cancelled checkpoint retains completed hypotheses until explicit cleanup
ok 316 - a cancelled checkpoint retains completed hypotheses until explicit cleanup
  ---
  duration_ms: 5.794708
  type: 'test'
  ...
# Subtest: changing checkpoint parameters retires the old incomplete owners
ok 317 - changing checkpoint parameters retires the old incomplete owners
  ---
  duration_ms: 5.795917
  type: 'test'
  ...
# { cases: 20, heap: 33554432 }
# Subtest: compact SIFT reconstructs every float32 and global field for paired mirrors and quarter frames
ok 318 - compact SIFT reconstructs every float32 and global field for paired mirrors and quarter frames
  ---
  duration_ms: 1384.284
  type: 'test'
  ...
# (node:96825) ExperimentalWarning: Module mocking is an experimental feature and might change at any time
# (Use `node --trace-warnings ...` to show where the warning was created)
# Subtest: geometry failure retains fully filtered evidence and releases it after both checkpoint and result owners close
ok 319 - geometry failure retains fully filtered evidence and releases it after both checkpoint and result owners close
  ---
  duration_ms: 33.039041
  type: 'test'
  ...
# Subtest: Integer GPU bound stays below the unchanged float32 evaluator across normal/subnormal and extreme values
ok 320 - Integer GPU bound stays below the unchanged float32 evaluator across normal/subnormal and extreme values
  ---
  duration_ms: 58.990125
  type: 'test'
  ...
# Subtest: Prefixes are valid full-distance bounds and nonfinite inputs cannot prove a rejection
ok 321 - Prefixes are valid full-distance bounds and nonfinite inputs cannot prove a rejection
  ---
  duration_ms: 0.13925
  type: 'test'
  ...
# (node:96827) ExperimentalWarning: Module mocking is an experimental feature and might change at any time
# (Use `node --trace-warnings ...` to show where the warning was created)
# Subtest: field recovery retains completed hypotheses and descriptors, and retries storage without recomputing the field
ok 322 - field recovery retains completed hypotheses and descriptors, and retries storage without recomputing the field
  ---
  duration_ms: 150.347167
  type: 'test'
  ...
# Subtest: partial free memory adds every fitting kernel and accounts for retained idle heaps
ok 323 - partial free memory adds every fitting kernel and accounts for retained idle heaps
  ---
  duration_ms: 4.06675
  type: 'test'
  ...
# Subtest: a bootstrap progress exception rejects the field and terminates its kernel
ok 324 - a bootstrap progress exception rejects the field and terminates its kernel
  ---
  duration_ms: 1.402708
  type: 'test'
  ...
# Subtest: a refused extra kernel preserves the ready field without repeated allocation attempts
ok 325 - a refused extra kernel preserves the ready field without repeated allocation attempts
  ---
  duration_ms: 1.576458
  type: 'test'
  ...
# Subtest: real recovered memory permits full width again without changing the budget limit
ok 326 - real recovered memory permits full width again without changing the budget limit
  ---
  duration_ms: 1.061875
  type: 'test'
  ...
# Subtest: a later release reopens a previously refused expansion
ok 327 - a later release reopens a previously refused expansion
  ---
  duration_ms: 2.724958
  type: 'test'
  ...
# Subtest: a failed bootstrap retries locally only after concrete memory recovery
ok 328 - a failed bootstrap retries locally only after concrete memory recovery
  ---
  duration_ms: 1.752333
  type: 'test'
  ...
# Subtest: allocation failures during a useful task remain fatal and retain their evidence
ok 329 - allocation failures during a useful task remain fatal and retain their evidence
  ---
  duration_ms: 0.555042
  type: 'test'
  ...
# Subtest: returning uncreated reservations does not itself retry a refused allocation
ok 330 - returning uncreated reservations does not itself retry a refused allocation
  ---
  duration_ms: 0.78025
  type: 'test'
  ...
# Subtest: dense output migration windows fit before a kernel fills the remaining workspace
ok 331 - dense output migration windows fit before a kernel fills the remaining workspace
  ---
  duration_ms: 7.87175
  type: 'test'
  ...
# Subtest: a field receives a partial memory grant and yields only its GPU coordinator CPU
ok 332 - a field receives a partial memory grant and yields only its GPU coordinator CPU
  ---
  duration_ms: 12.448375
  type: 'test'
  ...
# Subtest: unused kernel workspace is returned and a later useful grant can grow it again
ok 333 - unused kernel workspace is returned and a later useful grant can grow it again
  ---
  duration_ms: 1.450291
  type: 'test'
  ...
# Subtest: memory RPC hides blocked field activity without surrendering its CPU quota
ok 334 - memory RPC hides blocked field activity without surrendering its CPU quota
  ---
  duration_ms: 4.485542
  type: 'test'
  ...
# Subtest: two live fields acknowledge every immutable reader before a transactional migration
ok 335 - two live fields acknowledge every immutable reader before a transactional migration
  ---
  duration_ms: 42.397708
  type: 'test'
  ...
# Subtest: allocation-domain pressure changes automatic storage only for that live recovery
ok 336 - allocation-domain pressure changes automatic storage only for that live recovery
  ---
  duration_ms: 0.425083
  type: 'test'
  ...
# Subtest: allocation reclamation negotiates a safe boundary independently of detector identity
ok 337 - allocation reclamation negotiates a safe boundary independently of detector identity
  ---
  duration_ms: 4.795584
  type: 'test'
  ...
# Subtest: busy peer refuses immediate migration and already paused peers regain their authoritative banks
ok 338 - busy peer refuses immediate migration and already paused peers regain their authoritative banks
  ---
  duration_ms: 1.140666
  type: 'test'
  ...
# Subtest: allocation reclaim never waits for a reader without immediate boundary negotiation
ok 339 - allocation reclaim never waits for a reader without immediate boundary negotiation
  ---
  duration_ms: 1.58675
  type: 'test'
  ...
# Subtest: immediate pause refuses live kernels but pins the existing recovery boundary before restarting work
ok 340 - immediate pause refuses live kernels but pins the existing recovery boundary before restarting work
  ---
  duration_ms: 0.977
  type: 'test'
  ...
# Subtest: failed io migration restores all live readers on the old authoritative bank
ok 341 - failed io migration restores all live readers on the old authoritative bank
  ---
  duration_ms: 6.326916
  type: 'test'
  ...
# Subtest: failed cancel migration restores all live readers on the old authoritative bank
ok 342 - failed cancel migration restores all live readers on the old authoritative bank
  ---
  duration_ms: 5.409792
  type: 'test'
  ...
# Subtest: an unrevocable reader prevents active migration rather than invalidating its SAB
ok 343 - an unrevocable reader prevents active migration rather than invalidating its SAB
  ---
  duration_ms: 0.559458
  type: 'test'
  ...
# Subtest: input gate drains native work, supports overlapping stores, and returns CPU admission during I/O
ok 344 - input gate drains native work, supports overlapping stores, and returns CPU admission during I/O
  ---
  duration_ms: 1.57325
  type: 'test'
  ...
# Subtest: input gate cancellation releases blocked dispatcher and reader acknowledgements
ok 345 - input gate cancellation releases blocked dispatcher and reader acknowledgements
  ---
  duration_ms: 0.584458
  type: 'test'
  ...
# Subtest: final publication waits for a migration that first reaches its barrier during kernel shutdown
ok 346 - final publication waits for a migration that first reaches its barrier during kernel shutdown
  ---
  duration_ms: 0.570458
  type: 'test'
  ...
# Subtest: an ordinary reclaim queued behind migration exposes its already idle native boundary
ok 347 - an ordinary reclaim queued behind migration exposes its already idle native boundary
  ---
  duration_ms: 0.135709
  type: 'test'
  ...
# Subtest: field queued-start releases immutable publications without waiting for blocked CPU or a terminated worker
ok 348 - field queued-start releases immutable publications without waiting for blocked CPU or a terminated worker
  ---
  duration_ms: 10.278292
  type: 'test'
  ...
# Subtest: field cancel-ack releases immutable publications without waiting for blocked CPU or a terminated worker
ok 349 - field cancel-ack releases immutable publications without waiting for blocked CPU or a terminated worker
  ---
  duration_ms: 5.0505
  type: 'test'
  ...
# Subtest: retired SAB wrappers are collectible while old publications and reader objects remain alive
ok 350 - retired SAB wrappers are collectible while old publications and reader objects remain alive
  ---
  duration_ms: 117.678666
  type: 'test'
  ...
# Subtest: remote worker backing reports transfer adopted banks without a second policy charge
ok 351 - remote worker backing reports transfer adopted banks without a second policy charge
  ---
  duration_ms: 1.041125
  type: 'test'
  ...
# Subtest: native optional cache failure preserves the field and retries only on a memory recovery epoch
ok 352 - native optional cache failure preserves the field and retries only on a memory recovery epoch
  ---
  duration_ms: 1025.308917
  type: 'test'
  ...
# Subtest: actual linear-memory growth beyond planned vectors is charged and released
ok 353 - actual linear-memory growth beyond planned vectors is charged and released
  ---
  duration_ms: 0.994625
  type: 'test'
  ...
# Subtest: shared peer pressure prevents growth before the VM allocates the memory
ok 354 - shared peer pressure prevents growth before the VM allocates the memory
  ---
  duration_ms: 0.4145
  type: 'test'
  ...
# Subtest: VM-rejected growth does not leak a reservation
ok 355 - VM-rejected growth does not leak a reservation
  ---
  duration_ms: 0.22025
  type: 'test'
  ...
# Subtest: physical growth failures retain allocator evidence and release speculative capacity
ok 356 - physical growth failures retain allocator evidence and release speculative capacity
  ---
  duration_ms: 5.185166
  type: 'test'
  ...
# Subtest: initial physical allocation failure is distinct from a logical budget refusal
ok 357 - initial physical allocation failure is distinct from a logical budget refusal
  ---
  duration_ms: 0.146208
  type: 'test'
  ...
# Subtest: uses admitted RAM beyond the old16MiB descriptor cache without changing work
ok 358 - uses admitted RAM beyond the old16MiB descriptor cache without changing work
  ---
  duration_ms: 0.86825
  type: 'test'
  ...
# Subtest: real96MP and larger shapes fit the module and shared workspace
ok 359 - real96MP and larger shapes fit the module and shared workspace
  ---
  duration_ms: 1.394208
  type: 'test'
  ...
# Subtest: budget occupied by real source and peers reduces caches; no probe allocations
ok 360 - budget occupied by real source and peers reduces caches; no probe allocations
  ---
  duration_ms: 0.232292
  type: 'test'
  ...
# Subtest: explicit cache and batch choices remain exact and cannot overrun heap
ok 361 - explicit cache and batch choices remain exact and cannot overrun heap
  ---
  duration_ms: 0.614375
  type: 'test'
  ...
# Subtest: small cases allocate no initialization batch and explicit zero is honored
ok 362 - small cases allocate no initialization batch and explicit zero is honored
  ---
  duration_ms: 0.133875
  type: 'test'
  ...
# Subtest: 96MP propagation caches reuse initialization RAM without shrinking the native-sized batch
ok 363 - 96MP propagation caches reuse initialization RAM without shrinking the native-sized batch
  ---
  duration_ms: 0.1205
  type: 'test'
  ...
# Subtest: 96MP non-isolated admission includes every native and cloned candidate pool
ok 364 - 96MP non-isolated admission includes every native and cloned candidate pool
  ---
  duration_ms: 1.804291
  type: 'test'
  ...
# Subtest: dense preparation reclaims a completed plane before committing its hot descriptors to disk
ok 365 - dense preparation reclaims a completed plane before committing its hot descriptors to disk
  ---
  duration_ms: 9.359708
  type: 'test'
  ...
# Subtest: an impossible explicit in-memory preparation returns its layout lease without creating a worker
ok 366 - an impossible explicit in-memory preparation returns its layout lease without creating a worker
  ---
  duration_ms: 1.102291
  type: 'test'
  ...
# Subtest: only the missing shared migration capacity affects a resident preparation decision
ok 367 - only the missing shared migration capacity affects a resident preparation decision
  ---
  duration_ms: 1.076125
  type: 'test'
  ...
# Subtest: external preparation remains admissible when its worker fits but RAM and migration do not
ok 368 - external preparation remains admissible when its worker fits but RAM and migration do not
  ---
  duration_ms: 0.076333
  type: 'test'
  ...
# Subtest: native Zernike completes with exactly the planned source, descriptors, workspace and I/O budget
ok 369 - native Zernike completes with exactly the planned source, descriptors, workspace and I/O budget
  ---
  duration_ms: 70.308708
  type: 'test'
  ...
# Subtest: native compact SIFT completes every preparation stage at its exact planned I/O budget
ok 370 - native compact SIFT completes every preparation stage at its exact planned I/O budget
  ---
  duration_ms: 37.100541
  type: 'test'
  ...
# Subtest: native texture eligibility transfers its input window out of the planned allowance
ok 371 - native texture eligibility transfers its input window out of the planned allowance
  ---
  duration_ms: 41.515792
  type: 'test'
  ...
# Subtest: a transferred window keeps its output charged after the original allowance closes
ok 372 - a transferred window keeps its output charged after the original allowance closes
  ---
  duration_ms: 0.723959
  type: 'test'
  ...
# Subtest: failed window I/O returns transferred output and scratch ownership
ok 373 - failed window I/O returns transferred output and scratch ownership
  ---
  duration_ms: 1.778666
  type: 'test'
  ...
# Subtest: cancelling CPU admission returns the transferred window and its originating lane allowance
ok 374 - cancelling CPU admission returns the transferred window and its originating lane allowance
  ---
  duration_ms: 3.052167
  type: 'test'
  ...
# Subtest: resident null releases CPU and preserves only validated hypotheses for explicit resume
ok 375 - resident null releases CPU and preserves only validated hypotheses for explicit resume
  ---
  duration_ms: 6.576292
  type: 'test'
  ...
# Subtest: resident messageerror releases CPU and preserves only validated hypotheses for explicit resume
ok 376 - resident messageerror releases CPU and preserves only validated hypotheses for explicit resume
  ---
  duration_ms: 1.133083
  type: 'test'
  ...
# Subtest: resident retainResult refusal returns the split reservation exactly once
ok 377 - resident retainResult refusal returns the split reservation exactly once
  ---
  duration_ms: 0.572667
  type: 'test'
  ...
# Subtest: clearing a resident checkpoint before-clear cannot publish a late worker result
ok 378 - clearing a resident checkpoint before-clear cannot publish a late worker result
  ---
  duration_ms: 0.481333
  type: 'test'
  ...
# Subtest: clearing a resident checkpoint after-clear cannot publish a late worker result
ok 379 - clearing a resident checkpoint after-clear cannot publish a late worker result
  ---
  duration_ms: 0.98825
  type: 'test'
  ...
# Subtest: the real resident worker handler reports null once and rejects subsequent commands
ok 380 - the real resident worker handler reports null once and rejects subsequent commands
  ---
  duration_ms: 0.98375
  type: 'test'
  ...
# Subtest: the real resident worker handler reports messageerror once and rejects subsequent commands
ok 381 - the real resident worker handler reports messageerror once and rejects subsequent commands
  ---
  duration_ms: 0.532792
  type: 'test'
  ...
# Subtest: actual resident lanes keep D2 waiting and return the first retired lane credit before the last finishes
ok 382 - actual resident lanes keep D2 waiting and return the first retired lane credit before the last finishes
  ---
  duration_ms: 12.701292
  type: 'test'
  ...
# Subtest: resident lane identity and dependencies survive the CPU gap between two hypotheses
ok 383 - resident lane identity and dependencies survive the CPU gap between two hypotheses
  ---
  duration_ms: 0.952208
  type: 'test'
  ...
# Subtest: resident cancel drains all lane credits, tickets and backing owners
ok 384 - resident cancel drains all lane credits, tickets and backing owners
  ---
  duration_ms: 1.897708
  type: 'test'
  ...
# Subtest: resident transport drains all lane credits, tickets and backing owners
ok 385 - resident transport drains all lane credits, tickets and backing owners
  ---
  duration_ms: 0.933042
  type: 'test'
  ...
# Subtest: surface admission includes all retained fields, source materialization and the real Wasm ceiling
ok 386 - surface admission includes all retained fields, source materialization and the real Wasm ceiling
  ---
  duration_ms: 4.045209
  type: 'test'
  ...
# Subtest: persistent worker admission retains the largest Wasm heap across unlike following jobs
ok 387 - persistent worker admission retains the largest Wasm heap across unlike following jobs
  ---
  duration_ms: 0.117042
  type: 'test'
  ...
# Subtest: disposing a resident pool cancels queued CPU admission and never creates a late worker
ok 388 - disposing a resident pool cancels queued CPU admission and never creates a late worker
  ---
  duration_ms: 4.436875
  type: 'test'
  ...
# Subtest: a persistent resident worker yields its CPU lease to a queued GPU task between hypotheses
ok 389 - a persistent resident worker yields its CPU lease to a queued GPU task between hypotheses
  ---
  duration_ms: 1.307334
  type: 'test'
  ...
# Subtest: preparation keeps a fitting hot representation instead of spending its RAM on extra workers
ok 390 - preparation keeps a fitting hot representation instead of spending its RAM on extra workers
  ---
  duration_ms: 0.406625
  type: 'test'
  ...
# Subtest: cold result admission accounts for filtered fields and global coherence scratch
ok 391 - cold result admission accounts for filtered fields and global coherence scratch
  ---
  duration_ms: 0.926834
  type: 'test'
  ...
# Subtest: worker transport pins and aliases immutable shared inputs without duplicating descriptor banks
ok 392 - worker transport pins and aliases immutable shared inputs without duplicating descriptor banks
  ---
  duration_ms: 1.785334
  type: 'test'
  ...
# Subtest: failed field worker startup releases reservations and all shared input pins
ok 393 - failed field worker startup releases reservations and all shared input pins
  ---
  duration_ms: 5.917708
  type: 'test'
  ...
# Subtest: completed worker fields move to cold storage without discarding or recounting borrowed inputs
ok 394 - completed worker fields move to cold storage without discarding or recounting borrowed inputs
  ---
  duration_ms: 0.814083
  type: 'test'
  ...
# Subtest: SIMD independent pixels preserve scalar descriptor bits and global candidate decisions
ok 395 - SIMD independent pixels preserve scalar descriptor bits and global candidate decisions
  ---
  duration_ms: 2536.195208
  type: 'test'
  ...
# Subtest: compatibility fallback compiles the real scalar job without a capability probe
ok 396 - compatibility fallback compiles the real scalar job without a capability probe
  ---
  duration_ms: 3.364167
  type: 'test'
  ...
# Subtest: allocation and download failures are not hidden by a scalar fallback
ok 397 - allocation and download failures are not hidden by a scalar fallback
  ---
  duration_ms: 1.348834
  type: 'test'
  ...
# Subtest: every asynchronously completed row segment respects all first and second order predecessors
ok 398 - every asynchronously completed row segment respects all first and second order predecessors
  ---
  duration_ms: 80.918958
  type: 'test'
  ...
# Subtest: elastic null retires only the bad lane and preserves committed tiles
ok 399 - elastic null retires only the bad lane and preserves committed tiles
  ---
  duration_ms: 11.431917
  type: 'test'
  ...
# Subtest: elastic messageerror retires only the bad lane and preserves committed tiles
ok 400 - elastic messageerror retires only the bad lane and preserves committed tiles
  ---
  duration_ms: 4.0135
  type: 'test'
  ...
# Subtest: elastic unexpected retires only the bad lane and preserves committed tiles
ok 401 - elastic unexpected retires only the bad lane and preserves committed tiles
  ---
  duration_ms: 3.93625
  type: 'test'
  ...
# Subtest: five unreadable messages stop one elastic tile without holding CPU or replaying peers
ok 402 - five unreadable messages stop one elastic tile without holding CPU or replaying peers
  ---
  duration_ms: 8.474083
  type: 'test'
  ...
# Subtest: dense kernel null during bootstrap terminates pending native commands
ok 403 - dense kernel null during bootstrap terminates pending native commands
  ---
  duration_ms: 0.72975
  type: 'test'
  ...
# Subtest: dense kernel null during compute terminates pending native commands
ok 404 - dense kernel null during compute terminates pending native commands
  ---
  duration_ms: 0.596333
  type: 'test'
  ...
# Subtest: dense kernel messageerror during bootstrap terminates pending native commands
ok 405 - dense kernel messageerror during bootstrap terminates pending native commands
  ---
  duration_ms: 0.208208
  type: 'test'
  ...
# Subtest: dense kernel messageerror during compute terminates pending native commands
ok 406 - dense kernel messageerror during compute terminates pending native commands
  ---
  duration_ms: 0.253917
  type: 'test'
  ...
# Subtest: dense kernel unexpected during bootstrap terminates pending native commands
ok 407 - dense kernel unexpected during bootstrap terminates pending native commands
  ---
  duration_ms: 0.345416
  type: 'test'
  ...
# Subtest: dense kernel unexpected during compute terminates pending native commands
ok 408 - dense kernel unexpected during compute terminates pending native commands
  ---
  duration_ms: 0.492792
  type: 'test'
  ...
# Subtest: dense field null returns its parent CPU and storage ownership
ok 409 - dense field null returns its parent CPU and storage ownership
  ---
  duration_ms: 5.734458
  type: 'test'
  ...
# Subtest: dense field messageerror returns its parent CPU and storage ownership
ok 410 - dense field messageerror returns its parent CPU and storage ownership
  ---
  duration_ms: 0.557583
  type: 'test'
  ...
# Subtest: dense field unexpected returns its parent CPU and storage ownership
ok 411 - dense field unexpected returns its parent CPU and storage ownership
  ---
  duration_ms: 0.707041
  type: 'test'
  ...
# Subtest: SIFT null retries only detached input tile at unchanged width
ok 412 - SIFT null retries only detached input tile at unchanged width
  ---
  duration_ms: 8.587333
  type: 'test'
  ...
# Subtest: SIFT messageerror retries only detached input tile at unchanged width
ok 413 - SIFT messageerror retries only detached input tile at unchanged width
  ---
  duration_ms: 5.132541
  type: 'test'
  ...
# Subtest: SIFT unexpected retries only detached input tile at unchanged width
ok 414 - SIFT unexpected retries only detached input tile at unchanged width
  ---
  duration_ms: 5.398916
  type: 'test'
  ...
# Subtest: SIFT allocation retries only detached input tile at unchanged width
ok 415 - SIFT allocation retries only detached input tile at unchanged width
  ---
  duration_ms: 7.485041
  type: 'test'
  ...
# Subtest: SIFT transport guard terminates after five unreadable replies without global replay
ok 416 - SIFT transport guard terminates after five unreadable replies without global replay
  ---
  duration_ms: 6.150041
  type: 'test'
  ...
# Subtest: SIFT unavailable distinguishes local GPU fallback from numerical failure
ok 417 - SIFT unavailable distinguishes local GPU fallback from numerical failure
  ---
  duration_ms: 1.099917
  type: 'test'
  ...
# Subtest: SIFT lost distinguishes local GPU fallback from numerical failure
ok 418 - SIFT lost distinguishes local GPU fallback from numerical failure
  ---
  duration_ms: 0.482208
  type: 'test'
  ...
# Subtest: SIFT numeric distinguishes local GPU fallback from numerical failure
ok 419 - SIFT numeric distinguishes local GPU fallback from numerical failure
  ---
  duration_ms: 0.436041
  type: 'test'
  ...
# Subtest: SIFT cancellation during a broken lane retry settles admission and retains committed output
ok 420 - SIFT cancellation during a broken lane retry settles admission and retains committed output
  ---
  duration_ms: 0.602042
  type: 'test'
  ...
# { cases: 6, heap: 33554432 }
# Subtest: haloed resident Zernike reproduces full descriptors and global fields including seams/mirrors
ok 421 - haloed resident Zernike reproduces full descriptors and global fields including seams/mirrors
  ---
  duration_ms: 2872.389209
  type: 'test'
  ...
# Subtest: six native profiles preserve base duo and append scale/reflection hypotheses
ok 422 - six native profiles preserve base duo and append scale/reflection hypotheses
  ---
  duration_ms: 1.722458
  type: 'test'
  ...
# Subtest: ROI identity survives coincident and overlapping polygons, with owned coordinates
ok 423 - ROI identity survives coincident and overlapping polygons, with owned coordinates
  ---
  duration_ms: 0.352709
  type: 'test'
  ...
# Subtest: support and normalization preserve descriptor grids and zero vectors
ok 424 - support and normalization preserve descriptor grids and zero vectors
  ---
  duration_ms: 0.988459
  type: 'test'
  ...
# Subtest: real WASM respects masks, distances, deterministic candidate pools and empty outcome
ok 425 - real WASM respects masks, distances, deterministic candidate pools and empty outcome
  ---
  duration_ms: 27.475875
  type: 'test'
  ...
# Subtest: reciprocal links deduplicate by distance and source tie, then sample native ranks
ok 426 - reciprocal links deduplicate by distance and source tie, then sample native ranks
  ---
  duration_ms: 0.328208
  type: 'test'
  ...
# Subtest: paired SIFT supports use integer centers and preserve reflected target order
ok 427 - paired SIFT supports use integer centers and preserve reflected target order
  ---
  duration_ms: 0.425666
  type: 'test'
  ...
# Subtest: coherence evaluates all pixels, rejects incomplete disks and removes small components
ok 428 - coherence evaluates all pixels, rejects incomplete disks and removes small components
  ---
  duration_ms: 5.975625
  type: 'test'
  ...
# Subtest: image jobs retain overlapping contexts and native crop halo and distance compaction
ok 429 - image jobs retain overlapping contexts and native crop halo and distance compaction
  ---
  duration_ms: 1.62525
  type: 'test'
  ...
# Subtest: overwrite, insertion, deletion and EOF insertion use original coordinates and own input snapshots
ok 430 - overwrite, insertion, deletion and EOF insertion use original coordinates and own input snapshots
  ---
  duration_ms: 4.564375
  type: 'test'
  ...
# Subtest: invalid edits, memory refusal and cancellation release reservations
ok 431 - invalid edits, memory refusal and cancellation release reservations
  ---
  duration_ms: 2.928583
  type: 'test'
  ...
# Subtest: large immutable Blob is sliced without arrayBuffer materialization
ok 432 - large immutable Blob is sliced without arrayBuffer materialization
  ---
  duration_ms: 1.2825
  type: 'test'
  ...
# Subtest: public engine preserves source and caches and can reuse after cancellation
ok 433 - public engine preserves source and caches and can reuse after cancellation
  ---
  duration_ms: 13.227541
  type: 'test'
  ...
# Subtest: segmented JPEG uses original Blob under its existing small budget
ok 434 - segmented JPEG uses original Blob under its existing small budget
  ---
  duration_ms: 65.38275
  type: 'test'
  ...
# Subtest: Color moments and Marr-Hildreth match all existing native fixtures and original-byte downsampling cases
ok 435 - Color moments and Marr-Hildreth match all existing native fixtures and original-byte downsampling cases
  ---
  duration_ms: 1135.587542
  type: 'test'
  ...
# Subtest: extra hashes refuse unadmitted memory and stop between useful kernels
ok 436 - extra hashes refuse unadmitted memory and stop between useful kernels
  ---
  duration_ms: 46.708375
  type: 'test'
  ...
# Subtest: public segmented digest returns six exact image hashes, immutable cache and JSON
ok 437 - public segmented digest returns six exact image hashes, immutable cache and JSON
  ---
  duration_ms: 2680.620375
  type: 'test'
  ...
# Subtest: public cancellation during image hashing retains source and leaves no partial result cache
ok 438 - public cancellation during image hashing retains source and leaves no partial result cache
  ---
  duration_ms: 2811.998292
  type: 'test'
  ...
# Subtest: six bounded perceptual hashes match the existing native RGB corpus
ok 439 - six bounded perceptual hashes match the existing native RGB corpus
  ---
  duration_ms: 2712.253833
  type: 'test'
  ...
# Subtest: six bounded hashes match native downsampling, 2x resize and 3.52 MP JPEG
ok 440 - six bounded hashes match native downsampling, 2x resize and 3.52 MP JPEG
  ---
  duration_ms: 7779.635208
  type: 'test'
  ...
# Subtest: memory refusal and cancellation release all row and native reservations
ok 441 - memory refusal and cancellation release all row and native reservations
  ---
  duration_ms: 15.575083
  type: 'test'
  ...
# Subtest: all eight oriented surface mappings match independently oriented native hashes
ok 442 - all eight oriented surface mappings match independently oriented native hashes
  ---
  duration_ms: 3117.523959
  type: 'test'
  ...
# Subtest: All ten native cryptographic algorithms match independent streaming digests
ok 443 - All ten native cryptographic algorithms match independent streaming digests
  ---
  duration_ms: 170.852458
  type: 'test'
  ...
# Subtest: File digest cancellation stops between chunks
ok 444 - File digest cancellation stops between chunks
  ---
  duration_ms: 29.455375
  type: 'test'
  ...
# Subtest: public segmented DCT adapter preserves the native evidence and owned cache
ok 445 - public segmented DCT adapter preserves the native evidence and owned cache
  ---
  duration_ms: 1003.148333
  type: 'test'
  ...
# Premature end of JPEG file
# Subtest: Stored JPEG coefficients and lattice decisions match 13 native files and 335 histogram cases; cache and JSON preserve evidence
ok 446 - Stored JPEG coefficients and lattice decisions match 13 native files and 335 histogram cases; cache and JSON preserve evidence
  ---
  duration_ms: 857.372584
  type: 'test'
  ...
# Subtest: Staged Echo arithmetic preserves all 900 native radius/contrast/gray outputs
ok 447 - Staged Echo arithmetic preserves all 900 native radius/contrast/gray outputs
  ---
  duration_ms: 1525.467166
  type: 'test'
  ...
# Subtest: Echo starts only useful row jobs; transferred windows preserve source ownership and global extrema
ok 448 - Echo starts only useful row jobs; transferred windows preserve source ownership and global extrema
  ---
  duration_ms: 159.915584
  type: 'test'
  ...
# Subtest: Echo cancels workers before releasing partial stores and retries only resource failures once
ok 449 - Echo cancels workers before releasing partial stores and retries only resource failures once
  ---
  duration_ms: 183.42425
  type: 'test'
  ...
# Subtest: 27 streamed cell descriptors retain native profiles, background and support across arbitrary bands
ok 450 - 27 streamed cell descriptors retain native profiles, background and support across arbitrary bands
  ---
  duration_ms: 2823.163625
  type: 'test'
  ...
# Subtest: partial bottom cells and halo boundaries match the qualified contiguous descriptor exactly
ok 451 - partial bottom cells and halo boundaries match the qualified contiguous descriptor exactly
  ---
  duration_ms: 255.270542
  type: 'test'
  ...
# Subtest: streamed descriptor error, memory, cancellation and reuse retain ownership rules
ok 452 - streamed descriptor error, memory, cancellation and reuse retain ownership rules
  ---
  duration_ms: 147.429666
  type: 'test'
  ...
# Subtest: bounded descriptor windows preserve native full-width halo arithmetic and distant cell identities
ok 453 - bounded descriptor windows preserve native full-width halo arithmetic and distant cell identities
  ---
  duration_ms: 2376.218083
  type: 'test'
  ...
# {"width":12003,"key":"content","maximum":0,"mean":0}
# {"width":12003,"key":"profiles","maximum":0,"mean":0}
# {"width":12003,"key":"background","maximum":0,"mean":0}
# {"width":12003,"key":"usable","maximum":0,"mean":0}
# {"width":6001,"key":"content","maximum":0,"mean":0}
# {"width":6001,"key":"profiles","maximum":0,"mean":0}
# {"width":6001,"key":"background","maximum":2.384185791015625e-7,"mean":1.4100023495253697e-8}
# {"width":6001,"key":"usable","maximum":0,"mean":0}
# Subtest: ELA quality/spatial coherence and seeded legacy/Ghost/background segmentation match native
ok 454 - ELA quality/spatial coherence and seeded legacy/Ghost/background segmentation match native
  ---
  duration_ms: 2550.977125
  type: 'test'
  ...
# Subtest: Ghost area integration exactly registers fractional phases and invalid incomplete cells
ok 455 - Ghost area integration exactly registers fractional phases and invalid incomplete cells
  ---
  duration_ms: 113.459458
  type: 'test'
  ...
# Subtest: coherence cannot seed a new region; only retained legacy/Ghost/background components can
ok 456 - coherence cannot seed a new region; only retained legacy/Ghost/background components can
  ---
  duration_ms: 31.268083
  type: 'test'
  ...
# Subtest: cell preparation validates inputs and responds to cancellation
ok 457 - cell preparation validates inputs and responds to cancellation
  ---
  duration_ms: 0.8805
  type: 'test'
  ...
# {
#   status: 'passed',
#   preparations: 27,
#   scoreGroups: 9,
#   segmentations: 27,
#   values: 195486,
#   maximumContentError: 0,
#   peakAccountedBytes: 134705916
# }
# Subtest: original RGB, real JPEG, descriptor bands, native content peers and cell regions
ok 458 - original RGB, real JPEG, descriptor bands, native content peers and cell regions
  ---
  duration_ms: 3820.862083
  type: 'test'
  ...
# Subtest: descriptor memory refusal and cancellation release admission
ok 459 - descriptor memory refusal and cancellation release admission
  ---
  duration_ms: 40.357625
  type: 'test'
  ...
# Subtest: Native tail-knee quantiles and prominence match across generated images and sampling boundaries
ok 460 - Native tail-knee quantiles and prominence match across generated images and sampling boundaries
  ---
  duration_ms: 343.922208
  type: 'test'
  ...
# Subtest: Independent one-sided native Otsu deviations match generated score distributions
ok 461 - Independent one-sided native Otsu deviations match generated score distributions
  ---
  duration_ms: 137.8425
  type: 'test'
  ...
# Subtest: Named scientific profiles and decimal rounding preserve native settings, Conservative defaults remain1/99 and5/5
ok 462 - Named scientific profiles and decimal rounding preserve native settings, Conservative defaults remain1/99 and5/5
  ---
  duration_ms: 21.157667
  type: 'test'
  ...
# Subtest: Automatic scientific estimation rejects invalid scope and budget and accepts cancellation
ok 463 - Automatic scientific estimation rejects invalid scope and budget and accepts cancellation
  ---
  duration_ms: 0.721334
  type: 'test'
  ...
# Subtest: Each manual energy edit preserves the other three values and never reapplies automatic or standard settings
ok 464 - Each manual energy edit preserves the other three values and never reapplies automatic or standard settings
  ---
  duration_ms: 1.543791
  type: 'test'
  ...
# Subtest: Manual intent at an unchanged endpoint invalidates a pending profile estimate and its stale render
ok 465 - Manual intent at an unchanged endpoint invalidates a pending profile estimate and its stale render
  ---
  duration_ms: 0.13675
  type: 'test'
  ...
# Subtest: Explicit profile requests may update all four controls once; snapshots remain independent and partial estimates are rejected
ok 466 - Explicit profile requests may update all four controls once; snapshots remain independent and partial estimates are rejected
  ---
  duration_ms: 0.406167
  type: 'test'
  ...
# Subtest: Completing an estimate invalidates renders for its old values; another profile request rejects the previous response
ok 467 - Completing an estimate invalidates renders for its old values; another profile request rejects the previous response
  ---
  duration_ms: 0.501916
  type: 'test'
  ...
# Subtest: Bounded float32 energy log matches all184549377 native values with sparse static corrections
ok 468 - Bounded float32 energy log matches all184549377 native values with sparse static corrections
  ---
  duration_ms: 3175.936541
  type: 'test'
  ...
# Subtest: 51 actual API original-byte energy pipelines reproduce every native plane, score, label and region
ok 469 - 51 actual API original-byte energy pipelines reproduce every native plane, score, label and region
  ---
  duration_ms: 11352.51425
  type: 'test'
  ...
# Subtest: Energy stage caches reuse recompressions and scores, results/NPZ/JSON retain owned exact arrays
ok 470 - Energy stage caches reuse recompressions and scores, results/NPZ/JSON retain owned exact arrays
  ---
  duration_ms: 413.53925
  type: 'test'
  ...
# Subtest: Energy calculation cancels during useful work, releases reservations and succeeds after retry
ok 471 - Energy calculation cancels during useful work, releases reservations and succeeds after retry
  ---
  duration_ms: 2522.937166
  type: 'test'
  ...
# Subtest: Shared engine budget refuses energy workspace without altering or losing the original
ok 472 - Shared engine budget refuses energy workspace without altering or losing the original
  ---
  duration_ms: 17.939875
  type: 'test'
  ...
# Subtest: 84 energy preparations reproduce native score/scope bytes and percentile statistics
ok 473 - 84 energy preparations reproduce native score/scope bytes and percentile statistics
  ---
  duration_ms: 1151.020916
  type: 'test'
  ...
# Subtest: Energy preparation rejects invalid quantiles/domain, refuses admission, and cancels before returning maps
ok 474 - Energy preparation rejects invalid quantiles/domain, refuses admission, and cancels before returning maps
  ---
  duration_ms: 17.30875
  type: 'test'
  ...
# Subtest: Float32 residual luminance is exact for all RGB8 colours in native vector and scalar-tail orders
ok 475 - Float32 residual luminance is exact for all RGB8 colours in native vector and scalar-tail orders
  ---
  duration_ms: 143.596542
  type: 'test'
  ...
# Subtest: Sixty native residual gray and 7x7 energy blur pairs are bit exact including tails and tiny reflected borders
ok 476 - Sixty native residual gray and 7x7 energy blur pairs are bit exact including tails and tiny reflected borders
  ---
  duration_ms: 198.644459
  type: 'test'
  ...
# Subtest: Energy primitive input/budget checks and cooperative cancellation do not produce a partial scientific result
ok 477 - Energy primitive input/budget checks and cooperative cancellation do not produce a partial scientific result
  ---
  duration_ms: 14.442417
  type: 'test'
  ...
# Subtest: Energy hysteresis labels and region summaries match all generated native cases including zero/weak/strong boundaries
ok 478 - Energy hysteresis labels and region summaries match all generated native cases including zero/weak/strong boundaries
  ---
  duration_ms: 984.425208
  type: 'test'
  ...
# Subtest: Energy colours use reference panel/class identity for all 512 native cases
ok 479 - Energy colours use reference panel/class identity for all 512 native cases
  ---
  duration_ms: 0.715625
  type: 'test'
  ...
# Subtest: Energy mask generation validates parameters, admits memory and supports cancellation
ok 480 - Energy mask generation validates parameters, admits memory and supports cancellation
  ---
  duration_ms: 15.579958
  type: 'test'
  ...
# Subtest: native cKDTree peers, robust legacy/background and 71-quality Ghost deficits
ok 481 - native cKDTree peers, robust legacy/background and 71-quality Ghost deficits
  ---
  duration_ms: 603.199375
  type: 'test'
  ...
# Subtest: peer scorer reserves before allocation and releases failures/cancellation
ok 482 - peer scorer reserves before allocation and releases failures/cancellation
  ---
  duration_ms: 197.962792
  type: 'test'
  ...
# Subtest: native ELA cell operation, background, one/64 Ghost phases, caches and NPZ
ok 483 - native ELA cell operation, background, one/64 Ghost phases, caches and NPZ
  ---
  duration_ms: 25152.9205
  type: 'test'
  ...
# Subtest: cell operation cancellation and subsequent useful recovery
ok 484 - cell operation cancellation and subsequent useful recovery
  ---
  duration_ms: 214.938958
  type: 'test'
  ...
# Subtest: Native reference: synthetic
ok 485 - Native reference: synthetic
  ---
  duration_ms: 108.493917
  type: 'test'
  ...
# Subtest: Native reference: all-byte-pairs
ok 486 - Native reference: all-byte-pairs
  ---
  duration_ms: 64.57775
  type: 'test'
  ...
# Subtest: Parameters and cancellation
ok 487 - Parameters and cancellation
  ---
  duration_ms: 3.82575
  type: 'test'
  ...
# Subtest: Fused lookup output matches all 40 native expectations
ok 488 - Fused lookup output matches all 40 native expectations
  ---
  duration_ms: 209.379167
  type: 'test'
  ...
# Subtest: qualities grow from one to four workers after real competing CPU and RAM are returned
ok 489 - qualities grow from one to four workers after real competing CPU and RAM are returned
  ---
  duration_ms: 3.598541
  type: 'test'
  ...
# Subtest: bounded heaps persist between low-memory batches and are released only after termination
ok 490 - bounded heaps persist between low-memory batches and are released only after termination
  ---
  duration_ms: 0.979792
  type: 'test'
  ...
# Subtest: running useful streams are not retired to satisfy memory pressure
ok 491 - running useful streams are not retired to satisfy memory pressure
  ---
  duration_ms: 0.352959
  type: 'test'
  ...
# Subtest: more workers can be admitted by spilling cold data without re-running any stream
ok 492 - more workers can be admitted by spilling cold data without re-running any stream
  ---
  duration_ms: 0.176041
  type: 'test'
  ...
# Subtest: a first quality waits for admitted competing memory without occupying a CPU
ok 493 - a first quality waits for admitted competing memory without occupying a CPU
  ---
  duration_ms: 8.951959
  type: 'test'
  ...
# Subtest: cancelled memory admission never constructs a late quality worker
ok 494 - cancelled memory admission never constructs a late quality worker
  ---
  duration_ms: 4.9715
  type: 'test'
  ...
# Subtest: persistent workers grow their active concurrency when another detector returns CPUs
ok 495 - persistent workers grow their active concurrency when another detector returns CPUs
  ---
  duration_ms: 17.57125
  type: 'test'
  ...
# Subtest: idle native instances release real ownership under memory pressure and are recreated only for real work
ok 496 - idle native instances release real ownership under memory pressure and are recreated only for real work
  ---
  duration_ms: 2.125417
  type: 'test'
  ...
# Subtest: preparation and output writes do not retain CPU admission
ok 497 - preparation and output writes do not retain CPU admission
  ---
  duration_ms: 0.972708
  type: 'test'
  ...
# Subtest: disposing while CPU admission is queued does not start a late worker job
ok 498 - disposing while CPU admission is queued does not start a late worker job
  ---
  duration_ms: 2.097333
  type: 'test'
  ...
# Subtest: reservation split preserves ownership after its originating execution ends
ok 499 - reservation split preserves ownership after its originating execution ends
  ---
  duration_ms: 0.3355
  type: 'test'
  ...
# Subtest: tight memory reuses one native worker instead of repeatedly evicting it for queued lanes
ok 500 - tight memory reuses one native worker instead of repeatedly evicting it for queued lanes
  ---
  duration_ms: 1.888084
  type: 'test'
  ...
# Subtest: released peer memory starts additional useful lanes during the same preparation
ok 501 - released peer memory starts additional useful lanes during the same preparation
  ---
  duration_ms: 5.020833
  type: 'test'
  ...
# Subtest: multiple failed tile computations reprepare detached inputs without repeating completed tiles
ok 502 - multiple failed tile computations reprepare detached inputs without repeating completed tiles
  ---
  duration_ms: 88.64125
  type: 'test'
  ...
# Subtest: idempotent partial publication retains its result and never repeats preparation or computation
ok 503 - idempotent partial publication retains its result and never repeats preparation or computation
  ---
  duration_ms: 159.065875
  type: 'test'
  ...
# Subtest: failed source preparation retries only its tile and keeps the healthy worker
ok 504 - failed source preparation retries only its tile and keeps the healthy worker
  ---
  duration_ms: 78.790792
  type: 'test'
  ...
# Subtest: a consumer without an idempotent contract is never replayed
ok 505 - a consumer without an idempotent contract is never replayed
  ---
  duration_ms: 0.658
  type: 'test'
  ...
# Subtest: five comparable failures of one tile stop without resetting the guard after repeated preparation
ok 506 - five comparable failures of one tile stop without resetting the guard after repeated preparation
  ---
  duration_ms: 259.187875
  type: 'test'
  ...
# Subtest: cancellation during local recovery releases its input scope, worker and pressure token
ok 507 - cancellation during local recovery releases its input scope, worker and pressure token
  ---
  duration_ms: 1.802
  type: 'test'
  ...
# Subtest: segmented scientific profile sampling preserves every native estimate and one-sided Otsu threshold
ok 508 - segmented scientific profile sampling preserves every native estimate and one-sided Otsu threshold
  ---
  duration_ms: 410.69675
  type: 'test'
  ...
# Subtest: profile sample errors, refusal and cancellation release all owned buffers
ok 509 - profile sample errors, refusal and cancellation release all owned buffers
  ---
  duration_ms: 1.662542
  type: 'test'
  ...
# Subtest: progressive energy NPZ is byte-identical to contiguous scientific export across quality boundaries
ok 510 - progressive energy NPZ is byte-identical to contiguous scientific export across quality boundaries
  ---
  duration_ms: 75.631792
  type: 'test'
  ...
# Subtest: segmented preparation reproduces all 84 native energy maps, scopes and summaries with explicit panels
ok 511 - segmented preparation reproduces all 84 native energy maps, scopes and summaries with explicit panels
  ---
  duration_ms: 1240.886
  type: 'test'
  ...
# Subtest: overlapping panels keep native overwrite order, skipped identities, and final median
ok 512 - overlapping panels keep native overwrite order, skipped identities, and final median
  ---
  duration_ms: 49.166291
  type: 'test'
  ...
# Subtest: preparation validates invalid values even outside panels and cleans every cancelled stage
ok 513 - preparation validates invalid values even outside panels and cleans every cancelled stage
  ---
  duration_ms: 59.916958
  type: 'test'
  ...
# Subtest: paged global energy hysteresis preserves every native label and region summary
ok 514 - paged global energy hysteresis preserves every native label and region summary
  ---
  duration_ms: 3122.221292
  type: 'test'
  ...
# Subtest: exact float32 rank selection retains wide domain, duplicate ranks and native even-median rounding
ok 515 - exact float32 rank selection retains wide domain, duplicate ranks and native even-median rounding
  ---
  duration_ms: 2.950708
  type: 'test'
  ...
# Subtest: invalid maps, admission, cancellation and consumer errors leave no unpublished region stores
ok 516 - invalid maps, admission, cancellation and consumer errors leave no unpublished region stores
  ---
  duration_ms: 1.697417
  type: 'test'
  ...
# Subtest: bounded order statistics and ordered reductions match native panel summaries for 84 energy preparations
ok 517 - bounded order statistics and ordered reductions match native panel summaries for 84 energy preparations
  ---
  duration_ms: 407.768625
  type: 'test'
  ...
# Subtest: quantile endpoints, empty central selection, reduction boundaries and failures are exact
ok 518 - quantile endpoints, empty central selection, reduction boundaries and failures are exact
  ---
  duration_ms: 0.885708
  type: 'test'
  ...
# Subtest: multi-read external-order quantiles preserve NumPy statistics at a million values
ok 519 - multi-read external-order quantiles preserve NumPy statistics at a million values
  ---
  duration_ms: 129.492125
  type: 'test'
  ...
# Subtest: all60 native energy planes remain exact across variable row bands and tiny reflected edges
ok 520 - all60 native energy planes remain exact across variable row bands and tiny reflected edges
  ---
  duration_ms: 69.176083
  type: 'test'
  ...
# Subtest: incomplete, misordered, cancelled and failing energy consumers release their bounded workspace
ok 521 - incomplete, misordered, cancelled and failing energy consumers release their bounded workspace
  ---
  duration_ms: 1.924625
  type: 'test'
  ...
# Subtest: global JPEG to segmented energy reuses completed encoded qualities and cleans failed output
ok 522 - global JPEG to segmented energy reuses completed encoded qualities and cleans failed output
  ---
  duration_ms: 134.578
  type: 'test'
  ...
# Subtest: End-to-end native parity, defensive ownership, caches and lifecycle
ok 523 - End-to-end native parity, defensive ownership, caches and lifecycle
  ---
  duration_ms: 31.285708
  type: 'test'
  ...
# Subtest: Admission, unsupported modes, cancellation and no half-loaded image
ok 524 - Admission, unsupported modes, cancellation and no half-loaded image
  ---
  duration_ms: 17.957583
  type: 'test'
  ...
# Subtest: Concurrent work rejected, quality invalidates recompression
ok 525 - Concurrent work rejected, quality invalidates recompression
  ---
  duration_ms: 16.686209
  type: 'test'
  ...
# Subtest: Measured large-image lookup path stays byte-exact and reuses JPEG on gain change
ok 526 - Measured large-image lookup path stays byte-exact and reuses JPEG on gain change
  ---
  duration_ms: 206.893167
  type: 'test'
  ...
# Subtest: Native equalization above2^24 retains float32 count conversions in separation, magnifier and gradient
ok 527 - Native equalization above2^24 retains float32 count conversions in separation, magnifier and gradient
  ---
  duration_ms: 5275.856042
  type: 'test'
  ...
# Subtest: independent pools share CPU capacity and one GPU queue without preflight work
ok 528 - independent pools share CPU capacity and one GPU queue without preflight work
  ---
  duration_ms: 4.421459
  type: 'test'
  ...
# Subtest: memory and CPU are admitted together, then queued work resumes without retrying computation
ok 529 - memory and CPU are admitted together, then queued work resumes without retrying computation
  ---
  duration_ms: 0.393125
  type: 'test'
  ...
# Subtest: unrecoverable admission rejects instead of waiting forever for retained results
ok 530 - unrecoverable admission rejects instead of waiting forever for retained results
  ---
  duration_ms: 0.40575
  type: 'test'
  ...
# Subtest: queued cancellation removes listeners and cannot leak a late reservation
ok 531 - queued cancellation removes listeners and cannot leak a late reservation
  ---
  duration_ms: 0.340334
  type: 'test'
  ...
# Subtest: exceptions and disposal return all leases and reject only pending work
ok 532 - exceptions and disposal return all leases and reject only pending work
  ---
  duration_ms: 0.3285
  type: 'test'
  ...
# Subtest: elastic useful batches take spare cores and expand after a peer finishes
ok 533 - elastic useful batches take spare cores and expand after a peer finishes
  ---
  duration_ms: 0.244125
  type: 'test'
  ...
# Subtest: elastic width fits accounted memory without oversubscribing CPUs or reserving failed widths
ok 534 - elastic width fits accounted memory without oversubscribing CPUs or reserving failed widths
  ---
  duration_ms: 0.174208
  type: 'test'
  ...
# Subtest: cold data is reclaimed asynchronously before admitting memory and no CPU is held during migration
ok 535 - cold data is reclaimed asynchronously before admitting memory and no CPU is held during migration
  ---
  duration_ms: 0.448
  type: 'test'
  ...
# Subtest: cancellation during asynchronous reclamation cannot admit a late task
ok 536 - cancellation during asynchronous reclamation cannot admit a late task
  ---
  duration_ms: 5.497583
  type: 'test'
  ...
# Subtest: invalid elastic memory bounds reject without leaking execution capacity
ok 537 - invalid elastic memory bounds reject without leaking execution capacity
  ---
  duration_ms: 0.478542
  type: 'test'
  ...
# Subtest: a GPU coordinator returns only its own CPU while sibling native lanes stay admitted
ok 538 - a GPU coordinator returns only its own CPU while sibling native lanes stay admitted
  ---
  duration_ms: 0.305125
  type: 'test'
  ...
# Subtest: a queued GPU job permits all independent CPU slots that its current owner will not need
ok 539 - a queued GPU job permits all independent CPU slots that its current owner will not need
  ---
  duration_ms: 0.16675
  type: 'test'
  ...
# Subtest: GPU backfill preserves its successor minimum even when the GPU owner holds no CPU
ok 540 - GPU backfill preserves its successor minimum even when the GPU owner holds no CPU
  ---
  duration_ms: 0.0985
  type: 'test'
  ...
# Subtest: phase domains defer competing growth while the pressured operation can progress, without duplicating policy bytes
ok 541 - phase domains defer competing growth while the pressured operation can progress, without duplicating policy bytes
  ---
  duration_ms: 0.434958
  type: 'test'
  ...
# Subtest: pressure deferral never reserves CPUs ahead of the recovering parent child
ok 542 - pressure deferral never reserves CPUs ahead of the recovering parent child
  ---
  duration_ms: 0.322041
  type: 'test'
  ...
# Subtest: ExifTool 13.55 native complete grouped metadata, HTML and exact thumbnail bytes
ok 543 - ExifTool 13.55 native complete grouped metadata, HTML and exact thumbnail bytes
  ---
  duration_ms: 7405.661667
  type: 'test'
  ...
# Subtest: Fixed modes only and composite GPS validity / zero value
ok 544 - Fixed modes only and composite GPS validity / zero value
  ---
  duration_ms: 0.720625
  type: 'test'
  ...
# Subtest: one export registry preserves JSON metadata and original HDF5 bytes with independent lifetimes
ok 545 - one export registry preserves JSON metadata and original HDF5 bytes with independent lifetimes
  ---
  duration_ms: 26.661583
  type: 'test'
  ...
# Subtest: external contours match native order, holes, nested islands and border cases
ok 546 - external contours match native order, holes, nested islands and border cases
  ---
  duration_ms: 9299.120375
  type: 'test'
  ...
# Subtest: output admission failure and asynchronous cancellation release the working mask
ok 547 - output admission failure and asynchronous cancellation release the working mask
  ---
  duration_ms: 16.017
  type: 'test'
  ...
# Subtest: native lane decisions, ties, normalized similarity thresholds and final masks
ok 548 - native lane decisions, ties, normalized similarity thresholds and final masks
  ---
  duration_ms: 83.567166
  type: 'test'
  ...
# Subtest: Auto lane gate uses blot candidates BEFORE intersection exclusion
ok 549 - Auto lane gate uses blot candidates BEFORE intersection exclusion
  ---
  duration_ms: 0.432083
  type: 'test'
  ...
# Subtest: strict two-axis intersection margin, thresholds, stable sort and explicit variants
ok 550 - strict two-axis intersection margin, thresholds, stable sort and explicit variants
  ---
  duration_ms: 0.191958
  type: 'test'
  ...
# Subtest: touching exclusions reject a panel before embeddings, boundary contact does not
ok 551 - touching exclusions reject a panel before embeddings, boundary contact does not
  ---
  duration_ms: 0.2015
  type: 'test'
  ...
# Subtest: Auto accepts blot similarity evidence, standalone keeps candidates separate
ok 552 - Auto accepts blot similarity evidence, standalone keeps candidates separate
  ---
  duration_ms: 0.133792
  type: 'test'
  ...
# Subtest: lane groups use area >25 and transitive closure, not two-axis margin
ok 553 - lane groups use area >25 and transitive closure, not two-axis margin
  ---
  duration_ms: 0.089083
  type: 'test'
  ...
# Subtest: whole-panel expansion counts occurrences and strict >50%, exclusions remain empty
ok 554 - whole-panel expansion counts occurrences and strict >50%, exclusions remain empty
  ---
  duration_ms: 0.114333
  type: 'test'
  ...
# Subtest: lane matching cancellation and invalid partition reject instead of yielding partial success
ok 555 - lane matching cancellation and invalid partition reject instead of yielding partial success
  ---
  duration_ms: 0.451125
  type: 'test'
  ...
# Subtest: Maximal cliques retain native shared-edge ownership and duplicate overwrite
ok 556 - Maximal cliques retain native shared-edge ownership and duplicate overwrite
  ---
  duration_ms: 9.021
  type: 'test'
  ...
# Subtest: Native affine polygon areas, score statistics and exact rasterized masks
ok 557 - Native affine polygon areas, score statistics and exact rasterized masks
  ---
  duration_ms: 192.392875
  type: 'test'
  ...
# Subtest: Singular affine and cancellation have no successful result
ok 558 - Singular affine and cancellation have no successful result
  ---
  duration_ms: 1.697333
  type: 'test'
  ...
# Subtest: native adaptive microscopy controls at every threshold, equality and pruned totals
ok 559 - native adaptive microscopy controls at every threshold, equality and pruned totals
  ---
  duration_ms: 2.283083
  type: 'test'
  ...
# Subtest: final layer does not prune; original identities and prune counts survive successive gathers
ok 560 - final layer does not prune; original identities and prune counts survive successive gathers
  ---
  duration_ms: 0.367459
  type: 'test'
  ...
# Subtest: Forgeryscope waits for its whole input/output envelope before retrying admission
ok 561 - Forgeryscope waits for its whole input/output envelope before retrying admission
  ---
  duration_ms: 5.421958
  type: 'test'
  ...
# Subtest: Forgeryscope virtual float map preserves native cast and arbitrary byte windows
ok 562 - Forgeryscope virtual float map preserves native cast and arbitrary byte windows
  ---
  duration_ms: 2.560833
  type: 'test'
  ...
# Subtest: Forgeryscope source fields preserve full NPZ bytes and release export leases
ok 563 - Forgeryscope source fields preserve full NPZ bytes and release export leases
  ---
  duration_ms: 8.5995
  type: 'test'
  ...
# Subtest: native YOLO NMS, class separation, thresholds, clipping and rectangular coordinates
ok 564 - native YOLO NMS, class separation, thresholds, clipping and rectangular coordinates
  ---
  duration_ms: 306.384833
  type: 'test'
  ...
# Subtest: native panel exclusions, min side and rounded confidence
ok 565 - native panel exclusions, min side and rounded confidence
  ---
  duration_ms: 0.246542
  type: 'test'
  ...
# Subtest: YOLO cancellation and invalid tensors reject
ok 566 - YOLO cancellation and invalid tensors reject
  ---
  duration_ms: 0.411375
  type: 'test'
  ...
# Subtest: strip polar normalization and circle Gaussian axes preserve native frequency bases and masks
ok 567 - strip polar normalization and circle Gaussian axes preserve native frequency bases and masks
  ---
  duration_ms: 421.256208
  type: 'test'
  ...
# Subtest: Frequency split preserves 4320 native views, float32 base and threshold decisions; filter changes reuse analysis
ok 568 - Frequency split preserves 4320 native views, float32 base and threshold decisions; filter changes reuse analysis
  ---
  duration_ms: 4476.603458
  type: 'test'
  ...
# Subtest: Ghost maps retain native raw float64 block means and normalized cubes across quality endpoints and phase rolls
ok 569 - Ghost maps retain native raw float64 block means and normalized cubes across quality endpoints and phase rolls
  ---
  duration_ms: 6145.011666
  type: 'test'
  ...
# Subtest: All 640 native gradient views share private derivatives, resetting length extrema after inversion
ok 570 - All 640 native gradient views share private derivatives, resetting length extrema after inversion
  ---
  duration_ms: 13485.4735
  type: 'test'
  ...
# Subtest: Cached gradient orientation, cancellation, eviction and low-budget uncached path remain exact
ok 571 - Cached gradient orientation, cancellation, eviction and low-budget uncached path remain exact
  ---
  duration_ms: 7236.864083
  type: 'test'
  ...
# Subtest: Staged arithmetic reproduces all 640 native gradient variants, including global normalization and equalization
ok 572 - Staged arithmetic reproduces all 640 native gradient variants, including global normalization and equalization
  ---
  duration_ms: 1654.881375
  type: 'test'
  ...
# Subtest: header-only API agrees with byte parser without pixel decode, source registration or full JPEG read
ok 573 - header-only API agrees with byte parser without pixel decode, source registration or full JPEG read
  ---
  duration_ms: 53.741042
  type: 'test'
  ...
# Subtest: header-only cancellation, malformed input and memory refusal leave engine reusable
ok 574 - header-only cancellation, malformed input and memory refusal leave engine reusable
  ---
  duration_ms: 10.79175
  type: 'test'
  ...
# { outputs: 1440, maxNumericError: 1.1227130336521896e-14 }
# Subtest: native illuminant: all methods, cells, transfers, exclusions and views
ok 575 - native illuminant: all methods, cells, transfers, exclusions and views
  ---
  duration_ms: 7185.371584
  type: 'test'
  ...
# Subtest: PNG/TIFF source bytes and native RGB conversion, including alpha and 16-bit inputs
ok 576 - PNG/TIFF source bytes and native RGB conversion, including alpha and 16-bit inputs
  ---
  duration_ms: 70.838375
  type: 'test'
  ...
# Subtest: Four supported perceptual hashes match native bytes on every fixture
ok 577 - Four supported perceptual hashes match native bytes on every fixture
  ---
  duration_ms: 90.807417
  type: 'test'
  ...
# Subtest: Fresh CPU pools dispatch requested work once: no baseline, probe or repeated candidate
ok 578 - Fresh CPU pools dispatch requested work once: no baseline, probe or repeated candidate
  ---
  duration_ms: 3.702875
  type: 'test'
  ...
# Subtest: Fresh GPU preparation creates only its required device/pipeline and dispatches no probe
ok 579 - Fresh GPU preparation creates only its required device/pipeline and dispatches no probe
  ---
  duration_ms: 0.303042
  type: 'test'
  ...
# Subtest: paged libjpeg coefficients equal all native histograms with forced backing stores
ok 580 - paged libjpeg coefficients equal all native histograms with forced backing stores
  ---
  duration_ms: 1671.346167
  type: 'test'
  ...
# Subtest: paged coefficients release stores and reservations on I/O failure, cancellation and truncation
ok 581 - paged coefficients release stores and reservations on I/O failure, cancellation and truncation
  ---
  duration_ms: 302.731
  type: 'test'
  ...
# Subtest: bounded coefficient admission fails before allocating storage
ok 582 - bounded coefficient admission fails before allocating storage
  ---
  duration_ms: 0.240625
  type: 'test'
  ...
# Subtest: paged original RGB decode preserves baseline and progressive native-codec pixels
ok 583 - paged original RGB decode preserves baseline and progressive native-codec pixels
  ---
  duration_ms: 636.686083
  type: 'test'
  ...
# Subtest: progressive decode closes backing stores after output failure or cancellation
ok 584 - progressive decode closes backing stores after output failure or cancellation
  ---
  duration_ms: 445.212708
  type: 'test'
  ...
# Subtest: one global RGB JPEG streamed through external bytes matches every native recompression fixture
ok 585 - one global RGB JPEG streamed through external bytes matches every native recompression fixture
  ---
  duration_ms: 3029.139375
  type: 'test'
  ...
# Subtest: encoded cache keeps two qualities, hits skip encoding, cancellation leaves no partial cache
ok 586 - encoded cache keeps two qualities, hits skip encoding, cancellation leaves no partial cache
  ---
  duration_ms: 115.412167
  type: 'test'
  ...
# Subtest: RGB JPEG workspace refusal and a failed source read never leak cache storage
ok 587 - RGB JPEG workspace refusal and a failed source read never leak cache storage
  ---
  duration_ms: 6.867875
  type: 'test'
  ...
# Subtest: shared budget reclaims idle encoded RAM, but never the JPEG currently being decoded
ok 588 - shared budget reclaims idle encoded RAM, but never the JPEG currently being decoded
  ---
  duration_ms: 33.810292
  type: 'test'
  ...
# Subtest: JPEG scanline decoding preserves baseline/progressive/gray/orientation pixels for different group sizes
ok 589 - JPEG scanline decoding preserves baseline/progressive/gray/orientation pixels for different group sizes
  ---
  duration_ms: 15127.645625
  type: 'test'
  ...
# Subtest: JPEG row cancellation frees decoder working buffers and allows clean reload without publishing partial data
ok 590 - JPEG row cancellation frees decoder working buffers and allows clean reload without publishing partial data
  ---
  duration_ms: 28.384958
  type: 'test'
  ...
# Subtest: paged JSON preserves current numeric arrays, escapes, nulls and key order
ok 591 - paged JSON preserves current numeric arrays, escapes, nulls and key order
  ---
  duration_ms: 8.699583
  type: 'test'
  ...
# Subtest: large integer fields write bounded chunks, cancellation and limits release
ok 592 - large integer fields write bounded chunks, cancellation and limits release
  ---
  duration_ms: 53.4185
  type: 'test'
  ...
# Subtest: trufor streamed NPZ matches legacy bytes including unaligned reads
ok 593 - trufor streamed NPZ matches legacy bytes including unaligned reads
  ---
  duration_ms: 15.409917
  type: 'test'
  ...
# Subtest: composite streamed NPZ matches legacy bytes including unaligned reads
ok 594 - composite streamed NPZ matches legacy bytes including unaligned reads
  ---
  duration_ms: 12.65125
  type: 'test'
  ...
# Subtest: catnet streamed NPZ matches legacy bytes including unaligned reads
ok 595 - catnet streamed NPZ matches legacy bytes including unaligned reads
  ---
  duration_ms: 4.917292
  type: 'test'
  ...
# Subtest: cfa streamed NPZ matches legacy bytes including unaligned reads
ok 596 - cfa streamed NPZ matches legacy bytes including unaligned reads
  ---
  duration_ms: 9.446167
  type: 'test'
  ...
# Subtest: forgeryscope streamed NPZ matches legacy bytes including unaligned reads
ok 597 - forgeryscope streamed NPZ matches legacy bytes including unaligned reads
  ---
  duration_ms: 12.337334
  type: 'test'
  ...
# Subtest: Large archive fits a small export budget and preparation cancellation releases it
ok 598 - Large archive fits a small export budget and preparation cancellation releases it
  ---
  duration_ms: 296.735167
  type: 'test'
  ...
# Subtest: TruFor tensor-backed async NPZ matches all dense bytes across unaligned windows
ok 599 - TruFor tensor-backed async NPZ matches all dense bytes across unaligned windows
  ---
  duration_ms: 20.303125
  type: 'test'
  ...
# Subtest: CAT-Net segmented maps preserve dense NPZ bytes including odd byte offsets
ok 600 - CAT-Net segmented maps preserve dense NPZ bytes including odd byte offsets
  ---
  duration_ms: 6.623584
  type: 'test'
  ...
# Subtest: Composite async NPZ preserves scalar types in segmented byte and float banks
ok 601 - Composite async NPZ preserves scalar types in segmented byte and float banks
  ---
  duration_ms: 13.079458
  type: 'test'
  ...
# Subtest: automatic Panels+Text empty-panel result completes without requiring OCR weights
ok 602 - automatic Panels+Text empty-panel result completes without requiring OCR weights
  ---
  duration_ms: 23.517875
  type: 'test'
  ...
# Subtest: sparse NPZ checks the metadata bound before building a large nested mirror
ok 603 - sparse NPZ checks the metadata bound before building a large nested mirror
  ---
  duration_ms: 0.673041
  type: 'test'
  ...
# Subtest: equal96MP aspect ratios reach resource admission instead of a texture-axis guard
ok 604 - equal96MP aspect ratios reach resource admission instead of a texture-axis guard
  ---
  duration_ms: 0.92125
  type: 'test'
  ...
# Subtest: native pixel-index overflow and invalid dimensions fail before allocation
ok 605 - native pixel-index overflow and invalid dimensions fail before allocation
  ---
  duration_ms: 1.228042
  type: 'test'
  ...
# Subtest: long-axis oriented source lease preserves bytes and releases on success/failure 1
ok 606 - long-axis oriented source lease preserves bytes and releases on success/failure 1
  ---
  duration_ms: 54.797625
  type: 'test'
  ...
# Subtest: long-axis oriented source lease preserves bytes and releases on success/failure 6
ok 607 - long-axis oriented source lease preserves bytes and releases on success/failure 6
  ---
  duration_ms: 73.998542
  type: 'test'
  ...
# Subtest: learned candidate graph preserves all edges beyond 6000 points
ok 608 - learned candidate graph preserves all edges beyond 6000 points
  ---
  duration_ms: 132.653875
  type: 'test'
  ...
# Subtest: learned graph keeps more than four million directed edges globally
ok 609 - learned graph keeps more than four million directed edges globally
  ---
  duration_ms: 472.880625
  type: 'test'
  ...
# Subtest: typed confidence ordering preserves mutual choices and endpoint order
ok 610 - typed confidence ordering preserves mutual choices and endpoint order
  ---
  duration_ms: 1.101125
  type: 'test'
  ...
# Subtest: confidence threshold cut preserves native greedy seen flags and ties
ok 611 - confidence threshold cut preserves native greedy seen flags and ties
  ---
  duration_ms: 2.3785
  type: 'test'
  ...
# Subtest: typed correspondence pages reduce page size under pressure and preserve last assignment and contexts
ok 612 - typed correspondence pages reduce page size under pressure and preserve last assignment and contexts
  ---
  duration_ms: 2.248709
  type: 'test'
  ...
# Subtest: 30001 historical points survive response selection and enter useful Hamming work
ok 613 - 30001 historical points survive response selection and enter useful Hamming work
  ---
  duration_ms: 71.418958
  type: 'test'
  ...
# Subtest: global historical grouping retains more than the former 128 MiB index allowance
ok 614 - global historical grouping retains more than the former 128 MiB index allowance
  ---
  duration_ms: 1515.773709
  type: 'test'
  ...
# Subtest: spatial matcher keeps every pair beyond 100000, with separate context provenance
ok 615 - spatial matcher keeps every pair beyond 100000, with separate context provenance
  ---
  duration_ms: 195.382084
  type: 'test'
  ...
# Subtest: G2NN retains more than 100000 deduplicated pairs across global contexts
ok 616 - G2NN retains more than 100000 deduplicated pairs across global contexts
  ---
  duration_ms: 639.507458
  type: 'test'
  ...
# Subtest: G2NN training blocks preserve global neighbours across staging boundaries
ok 617 - G2NN training blocks preserve global neighbours across staging boundaries
  ---
  duration_ms: 1304.283625
  type: 'test'
  ...
# Subtest: research result windows preserve native nearest sampling and oriented RGB 1
ok 618 - research result windows preserve native nearest sampling and oriented RGB 1
  ---
  duration_ms: 82.693333
  type: 'test'
  ...
# Subtest: research result windows preserve native nearest sampling and oriented RGB 2
ok 619 - research result windows preserve native nearest sampling and oriented RGB 2
  ---
  duration_ms: 66.371
  type: 'test'
  ...
# Subtest: research result windows preserve native nearest sampling and oriented RGB 3
ok 620 - research result windows preserve native nearest sampling and oriented RGB 3
  ---
  duration_ms: 64.055375
  type: 'test'
  ...
# Subtest: research result windows preserve native nearest sampling and oriented RGB 4
ok 621 - research result windows preserve native nearest sampling and oriented RGB 4
  ---
  duration_ms: 61.977917
  type: 'test'
  ...
# Subtest: research result windows preserve native nearest sampling and oriented RGB 5
ok 622 - research result windows preserve native nearest sampling and oriented RGB 5
  ---
  duration_ms: 72.523334
  type: 'test'
  ...
# Subtest: research result windows preserve native nearest sampling and oriented RGB 6
ok 623 - research result windows preserve native nearest sampling and oriented RGB 6
  ---
  duration_ms: 70.239583
  type: 'test'
  ...
# Subtest: research result windows preserve native nearest sampling and oriented RGB 7
ok 624 - research result windows preserve native nearest sampling and oriented RGB 7
  ---
  duration_ms: 70.068334
  type: 'test'
  ...
# Subtest: research result windows preserve native nearest sampling and oriented RGB 8
ok 625 - research result windows preserve native nearest sampling and oriented RGB 8
  ---
  duration_ms: 70.10575
  type: 'test'
  ...
# Subtest: map windows need no RGB source reads and refusal releases reservations
ok 626 - map windows need no RGB source reads and refusal releases reservations
  ---
  duration_ms: 1.288625
  type: 'test'
  ...
# Subtest: M3 segmented oriented source lease 1
ok 627 - M3 segmented oriented source lease 1
  ---
  duration_ms: 9.306167
  type: 'test'
  ...
# Subtest: M3 segmented oriented source lease 2
ok 628 - M3 segmented oriented source lease 2
  ---
  duration_ms: 18.397667
  type: 'test'
  ...
# Subtest: M3 segmented oriented source lease 3
ok 629 - M3 segmented oriented source lease 3
  ---
  duration_ms: 16.788542
  type: 'test'
  ...
# Subtest: M3 segmented oriented source lease 4
ok 630 - M3 segmented oriented source lease 4
  ---
  duration_ms: 16.407167
  type: 'test'
  ...
# Subtest: M3 segmented oriented source lease 5
ok 631 - M3 segmented oriented source lease 5
  ---
  duration_ms: 19.580458
  type: 'test'
  ...
# Subtest: M3 segmented oriented source lease 6
ok 632 - M3 segmented oriented source lease 6
  ---
  duration_ms: 19.230292
  type: 'test'
  ...
# Subtest: M3 segmented oriented source lease 7
ok 633 - M3 segmented oriented source lease 7
  ---
  duration_ms: 18.478
  type: 'test'
  ...
# Subtest: M3 segmented oriented source lease 8
ok 634 - M3 segmented oriented source lease 8
  ---
  duration_ms: 19.338
  type: 'test'
  ...
# Subtest: M3 materialization refusal releases earlier source and preserves original stores
ok 635 - M3 materialization refusal releases earlier source and preserves original stores
  ---
  duration_ms: 2.384875
  type: 'test'
  ...
# { outputs: 440 }
# Subtest: native magnifier: clipped ROI, empty regions, equalization and contrast
ok 636 - native magnifier: clipped ROI, empty regions, equalization and contrast
  ---
  duration_ms: 1069.523958
  type: 'test'
  ...
# Subtest: Median API owns local model bytes, caches analysis across views and invalidates model dependencies
ok 637 - Median API owns local model bytes, caches analysis across views and invalidates model dependencies
  ---
  duration_ms: 189.12625
  type: 'test'
  ...
# Subtest: Median loading and analysis failures leave no active model reservations
ok 638 - Median loading and analysis failures leave no active model reservations
  ---
  duration_ms: 140.988208
  type: 'test'
  ...
# Subtest: Segmented median RPC contract owns grid masks and tracks local model cache dependencies
ok 639 - Segmented median RPC contract owns grid masks and tracks local model cache dependencies
  ---
  duration_ms: 153.467041
  type: 'test'
  ...
# Subtest: All four median feature formats preserve native float32 model inputs and declared float64 tolerance
ok 640 - All four median feature formats preserve native float32 model inputs and declared float64 tolerance
  ---
  duration_ms: 12510.159542
  type: 'test'
  ...
# Subtest: Median block extraction rejects layout/format mismatches and pre-cancelled work
ok 641 - Median block extraction rejects layout/format mismatches and pre-cancelled work
  ---
  duration_ms: 0.5165
  type: 'test'
  ...
# Subtest: Strict numeric model preserves float32 inputs, missing directions, sequential margins and owned scores
ok 642 - Strict numeric model preserves float32 inputs, missing directions, sequential margins and owned scores
  ---
  duration_ms: 13.466125
  type: 'test'
  ...
# Subtest: Invalid topology, layouts and byte budgets fail before a model is retained
ok 643 - Invalid topology, layouts and byte budgets fail before a model is retained
  ---
  duration_ms: 21.693042
  type: 'test'
  ...
# Subtest: Cancellation and disposal during useful model work release every counted buffer
ok 644 - Cancellation and disposal during useful model work release every counted buffer
  ---
  duration_ms: 8.79275
  type: 'test'
  ...
# Subtest: Median score filtering, variance/threshold decisions and linear64 RGB crops match native rendering
ok 645 - Median score filtering, variance/threshold decisions and linear64 RGB crops match native rendering
  ---
  duration_ms: 16127.42125
  type: 'test'
  ...
# Subtest: Median RGB luminance, black padding, complete batches and zero score border match native inputs
ok 646 - Median RGB luminance, black padding, complete batches and zero score border match native inputs
  ---
  duration_ms: 3242.759375
  type: 'test'
  ...
# Subtest: Median parameters and cancellation reject incomplete work
ok 647 - Median parameters and cancellation reject incomplete work
  ---
  duration_ms: 14.56025
  type: 'test'
  ...
# Subtest: Median pool starts useful batches at fitting capacity with no calibration and frees workers
ok 648 - Median pool starts useful batches at fitting capacity with no calibration and frees workers
  ---
  duration_ms: 135.971709
  type: 'test'
  ...
# Subtest: Median pool releases reservations and only retries recognized resource failures once
ok 649 - Median pool releases reservations and only retries recognized resource failures once
  ---
  duration_ms: 124.378333
  type: 'test'
  ...
# Subtest: Median worker admission preserves bounded source-window headroom without charging it twice
ok 650 - Median worker admission preserves bounded source-window headroom without charging it twice
  ---
  duration_ms: 1.892709
  type: 'test'
  ...
# Subtest: real Asyncify growth preserves native field targets, distances and comparison count
ok 651 - real Asyncify growth preserves native field targets, distances and comparison count
  ---
  duration_ms: 144.551584
  type: 'test'
  ...
# Subtest: broker mutable read renews a multiblock destination after every await
ok 652 - broker mutable read renews a multiblock destination after every await
  ---
  duration_ms: 7.147542
  type: 'test'
  ...
# Subtest: broker immutable read renews a multiblock destination after every await
ok 653 - broker immutable read renews a multiblock destination after every await
  ---
  duration_ms: 6.127417
  type: 'test'
  ...
# Subtest: broker writes all blocks despite growth
ok 654 - broker writes all blocks despite growth
  ---
  duration_ms: 6.089
  type: 'test'
  ...
# Subtest: closing a Wasm owner during a broker read rejects the operation without publishing bytes
ok 655 - closing a Wasm owner during a broker read rejects the operation without publishing bytes
  ---
  duration_ms: 0.331875
  type: 'test'
  ...
# Subtest: resident segmented transfers remain synchronous with renewable ranges
ok 656 - resident segmented transfers remain synchronous with renewable ranges
  ---
  duration_ms: 0.229167
  type: 'test'
  ...
# Subtest: shared cache renews a waiting destination and always unlocks a rejected hit
ok 657 - shared cache renews a waiting destination and always unlocks a rejected hit
  ---
  duration_ms: 2.239334
  type: 'test'
  ...
# Subtest: Wasm ranges retain fixed addresses across growth and invalidate with their owner
ok 658 - Wasm ranges retain fixed addresses across growth and invalidate with their owner
  ---
  duration_ms: 1.938583
  type: 'test'
  ...
# Subtest: an ordinary borrowed range rejects detachment instead of becoming empty
ok 659 - an ordinary borrowed range rejects detachment instead of becoming empty
  ---
  duration_ms: 0.235791
  type: 'test'
  ...
# Subtest: range bounds are checked on creation and at every refreshed access
ok 660 - range bounds are checked on creation and at every refreshed access
  ---
  duration_ms: 0.099416
  type: 'test'
  ...
# Subtest: Synthetic GPS rationals and thumbnail offsets agree with independent reader and exact source bytes
ok 661 - Synthetic GPS rationals and thumbnail offsets agree with independent reader and exact source bytes
  ---
  duration_ms: 8.021917
  type: 'test'
  ...
# Subtest: All eight EXIF orientations, both byte orders, ICC and XMP preserve native RGB and source bytes
ok 662 - All eight EXIF orientations, both byte orders, ICC and XMP preserve native RGB and source bytes
  ---
  duration_ms: 100.290834
  type: 'test'
  ...
# Subtest: Malformed metadata is bounded and rejected explicitly
ok 663 - Malformed metadata is bounded and rejected explicitly
  ---
  duration_ms: 1.616917
  type: 'test'
  ...
# Subtest: migration owners share one allowance and keep it until the last in-flight I/O ends
ok 664 - migration owners share one allowance and keep it until the last in-flight I/O ends
  ---
  duration_ms: 4.608458
  type: 'test'
  ...
# Subtest: cancelled migration queue entries do not block later useful I/O
ok 665 - cancelled migration queue entries do not block later useful I/O
  ---
  duration_ms: 1.485291
  type: 'test'
  ...
# Subtest: store allocation failure releases the migration allowance and delete errors do not strand it
ok 666 - store allocation failure releases the migration allowance and delete errors do not strand it
  ---
  duration_ms: 2.553084
  type: 'test'
  ...
# Subtest: migration accounting survives a live buffer beyond operation completion
ok 667 - migration accounting survives a live buffer beyond operation completion
  ---
  duration_ms: 0.522875
  type: 'test'
  ...
# Subtest: Published neural handles and paged scientific exports own separate lifetimes
ok 668 - Published neural handles and paged scientific exports own separate lifetimes
  ---
  duration_ms: 22.237542
  type: 'test'
  ...
# Subtest: Cancellation or publication failure rolls back all unpublished neural planes
ok 669 - Cancellation or publication failure rolls back all unpublished neural planes
  ---
  duration_ms: 0.923375
  type: 'test'
  ...
# Subtest: Queued abort leaves active worker intact; output lease and dispose release separately
ok 670 - Queued abort leaves active worker intact; output lease and dispose release separately
  ---
  duration_ms: 4.35675
  type: 'test'
  ...
# Subtest: Useful allocation failure admits a larger real heap once, without a calibration job
ok 671 - Useful allocation failure admits a larger real heap once, without a calibration job
  ---
  duration_ms: 0.5985
  type: 'test'
  ...
# Subtest: Admission refusal and identity failure leave no active reservations
ok 672 - Admission refusal and identity failure leave no active reservations
  ---
  duration_ms: 0.466666
  type: 'test'
  ...
# Subtest: Auto uses CPU when GPU residency cannot fit, without disabling later GPU work
ok 673 - Auto uses CPU when GPU residency cannot fit, without disabling later GPU work
  ---
  duration_ms: 1.99125
  type: 'test'
  ...
# Subtest: Immutable input reuse avoids retransmission and keeps its residency charged
ok 674 - Immutable input reuse avoids retransmission and keeps its residency charged
  ---
  duration_ms: 1.054291
  type: 'test'
  ...
# Subtest: Separate neural pools initialize together but share a single admitted GPU execution
ok 675 - Separate neural pools initialize together but share a single admitted GPU execution
  ---
  duration_ms: 4.317791
  type: 'test'
  ...
# Subtest: Cancelling after initialization removes the pending execution without touching another pool
ok 676 - Cancelling after initialization removes the pending execution without touching another pool
  ---
  duration_ms: 0.674917
  type: 'test'
  ...
# Subtest: Idle reclamation drops only enough inexpensive model residency for the requested allocation
ok 677 - Idle reclamation drops only enough inexpensive model residency for the requested allocation
  ---
  duration_ms: 0.580458
  type: 'test'
  ...
# Subtest: GPU failure releases its execution lease before the useful CPU retry
ok 678 - GPU failure releases its execution lease before the useful CPU retry
  ---
  duration_ms: 0.372
  type: 'test'
  ...
# Subtest: ORT CPU width follows shared capacity between useful jobs without multiplying worker teams
ok 679 - ORT CPU width follows shared capacity between useful jobs without multiplying worker teams
  ---
  duration_ms: 0.923375
  type: 'test'
  ...
# Subtest: GPU inference proceeds while all CPU slots are occupied and retains no CPU slot
ok 680 - GPU inference proceeds while all CPU slots are occupied and retains no CPU slot
  ---
  duration_ms: 0.21175
  type: 'test'
  ...
# Subtest: Hybrid CFA exchanges its GPU admission for CPU work and returns the CPU slot before GPU wait
ok 681 - Hybrid CFA exchanges its GPU admission for CPU work and returns the CPU slot before GPU wait
  ---
  duration_ms: 0.295541
  type: 'test'
  ...
# Subtest: Opaque ORT WebGPU retains one CPU admission for possible WASM fallback operators
ok 682 - Opaque ORT WebGPU retains one CPU admission for possible WASM fallback operators
  ---
  duration_ms: 0.185125
  type: 'test'
  ...
# Subtest: Canonical neural identity hashes oriented RGB, memoizes only completed reads and releases every window
ok 683 - Canonical neural identity hashes oriented RGB, memoizes only completed reads and releases every window
  ---
  duration_ms: 55.454375
  type: 'test'
  ...
# Subtest: Both controllers consume real row crops, keep only serializable context and recompose cached grids
ok 684 - Both controllers consume real row crops, keep only serializable context and recompose cached grids
  ---
  duration_ms: 18.412708
  type: 'test'
  ...
# Subtest: independent ORT CPU output ownership moves without a second array allocation
ok 685 - independent ORT CPU output ownership moves without a second array allocation
  ---
  duration_ms: 1.642084
  type: 'test'
  ...
# Subtest: feed aliases, borrowed slices and pinned memory retain their copy boundary
ok 686 - feed aliases, borrowed slices and pinned memory retain their copy boundary
  ---
  duration_ms: 0.180333
  type: 'test'
  ...
# Subtest: shared output storage is copied and duplicate owned buffers transfer once
ok 687 - shared output storage is copied and duplicate owned buffers transfer once
  ---
  duration_ms: 0.301375
  type: 'test'
  ...
# Subtest: Neural numeric/mask handles remain owned across sibling disposal and streaming exports preserve native NPY fields
ok 688 - Neural numeric/mask handles remain owned across sibling disposal and streaming exports preserve native NPY fields
  ---
  duration_ms: 44.880792
  type: 'test'
  ...
# Subtest: Neural streamed export cancellation/limit leaves its scientific stores available
ok 689 - Neural streamed export cancellation/limit leaves its scientific stores available
  ---
  duration_ms: 13.486208
  type: 'test'
  ...
# Subtest: Row preparations preserve all Torch and Pillow native tensor references across arbitrary strips
ok 690 - Row preparations preserve all Torch and Pillow native tensor references across arbitrary strips
  ---
  duration_ms: 4452.012542
  type: 'test'
  ...
# Subtest: Oriented half-open ROI reads match contiguous preparations and retain source bytes
ok 691 - Oriented half-open ROI reads match contiguous preparations and retain source bytes
  ---
  duration_ms: 752.838125
  type: 'test'
  ...
# Subtest: Rows preparation cancellation, malformed reads and memory refusal release windows and allow retry
ok 692 - Rows preparation cancellation, malformed reads and memory refusal release windows and allow retry
  ---
  duration_ms: 57.5275
  type: 'test'
  ...
# Subtest: Bounded projection rows preserve native full-output float bits for D2PRL and CMSeg domains
ok 693 - Bounded projection rows preserve native full-output float bits for D2PRL and CMSeg domains
  ---
  duration_ms: 5486.651
  type: 'test'
  ...
# Subtest: Projection cancellation, consumer failure, nonfinite data and admission errors preserve input and release staging
ok 694 - Projection cancellation, consumer failure, nonfinite data and admission errors preserve input and release staging
  ---
  duration_ms: 9.180125
  type: 'test'
  ...
# Subtest: channel-major windows cross byte pages and use complete global reductions
ok 695 - channel-major windows cross byte pages and use complete global reductions
  ---
  duration_ms: 23.240667
  type: 'test'
  ...
# Subtest: strided local operators retain halos, align phase and cover outputs exactly once
ok 696 - strided local operators retain halos, align phase and cover outputs exactly once
  ---
  duration_ms: 3.816459
  type: 'test'
  ...
# Subtest: temporary tensors retain >4 GiB offsets without allocating a global buffer
ok 697 - temporary tensors retain >4 GiB offsets without allocating a global buffer
  ---
  duration_ms: 3.731417
  type: 'test'
  ...
# Subtest: cancelled and failed window reads release their scratch leases
ok 698 - cancelled and failed window reads release their scratch leases
  ---
  duration_ms: 0.875875
  type: 'test'
  ...
# Subtest: GPU graph preserves ordered passes with two activation buffers and bounded command batches
ok 699 - GPU graph preserves ordered passes with two activation buffers and bounded command batches
  ---
  duration_ms: 3.620584
  type: 'test'
  ...
# Subtest: Replacing model identity and failed useful execution release retained GPU resources
ok 700 - Replacing model identity and failed useful execution release retained GPU resources
  ---
  duration_ms: 0.774666
  type: 'test'
  ...
# Subtest: Smaller useful windows reuse the arena and expose only the current output extent
ok 701 - Smaller useful windows reuse the arena and expose only the current output extent
  ---
  duration_ms: 0.465584
  type: 'test'
  ...
# Subtest: 96MP two-bit memberships retain repeated marks and full native byte export
ok 702 - 96MP two-bit memberships retain repeated marks and full native byte export
  ---
  duration_ms: 4789.336292
  type: 'test'
  ...
# Subtest: insufficient spare RAM keeps the byte-page fallback; cancellation releases packed data
ok 703 - insufficient spare RAM keeps the byte-page fallback; cancellation releases packed data
  ---
  duration_ms: 0.492
  type: 'test'
  ...
# { cases: 8 }
# Subtest: external global selection preserves all channel/bin orders and flags with stored sparse patches
ok 704 - external global selection preserves all channel/bin orders and flags with stored sparse patches
  ---
  duration_ms: 4702.555917
  type: 'test'
  ...
# { nativeViews: 360 }
# Subtest: global stored selection, ordered growth and three views retain native outputs
ok 705 - global stored selection, ordered growth and three views retain native outputs
  ---
  duration_ms: 16322.486375
  type: 'test'
  ...
# Subtest: cancel stored analysis phases and keep published old view alive across cache replacement
ok 706 - cancel stored analysis phases and keep published old view alive across cache replacement
  ---
  duration_ms: 999.283042
  type: 'test'
  ...
# Subtest: NPZ pages match existing archive bytes, including int64 IDs and BGR distribution
ok 707 - NPZ pages match existing archive bytes, including int64 IDs and BGR distribution
  ---
  duration_ms: 356.257833
  type: 'test'
  ...
# Subtest: stored byte8x8 standard deviations preserve every native sum bit and ties
ok 708 - stored byte8x8 standard deviations preserve every native sum bit and ties
  ---
  duration_ms: 71.624417
  type: 'test'
  ...
# Subtest: selected RGB patch samples preserve native deviations through all source orientations
ok 709 - selected RGB patch samples preserve native deviations through all source orientations
  ---
  duration_ms: 189.118792
  type: 'test'
  ...
# { cases: 36 }
# Subtest: segmented statistics preserve native global means, validity and DCT
ok 710 - segmented statistics preserve native global means, validity and DCT
  ---
  duration_ms: 1543.77325
  type: 'test'
  ...
# Subtest: megapixel segmented statistics retain global FFT grid and clean cancellation
ok 711 - megapixel segmented statistics retain global FFT grid and clean cancellation
  ---
  duration_ms: 12287.959875
  type: 'test'
  ...
# Subtest: Noisesniffer native statistics, unstable selection ties, positive regions and three views
ok 712 - Noisesniffer native statistics, unstable selection ties, positive regions and three views
  ---
  duration_ms: 3441.39275
  type: 'test'
  ...
# Subtest: Noisesniffer original FMA statistics and independent DCT bands preserve each native value
ok 713 - Noisesniffer original FMA statistics and independent DCT bands preserve each native value
  ---
  duration_ms: 1428.910833
  type: 'test'
  ...
# Subtest: Noisesniffer 1 MP statistics retain the full native bitstream without resizing
ok 714 - Noisesniffer 1 MP statistics retain the full native bitstream without resizing
  ---
  duration_ms: 6504.906166
  type: 'test'
  ...
# Subtest: Noisesniffer public lifecycle, defensive buffers, stage/view caches and exports
ok 715 - Noisesniffer public lifecycle, defensive buffers, stage/view caches and exports
  ---
  duration_ms: 550.864584
  type: 'test'
  ...
# Subtest: Noisesniffer reports numerical ambiguity instead of silently changing a boundary decision
ok 716 - Noisesniffer reports numerical ambiguity instead of silently changing a boundary decision
  ---
  duration_ms: 1.085916
  type: 'test'
  ...
# Subtest: Noisesniffer budget and parameter rejection leave the source intact
ok 717 - Noisesniffer budget and parameter rejection leave the source intact
  ---
  duration_ms: 5.0985
  type: 'test'
  ...
# Subtest: Scientific row banks preserve float64, float32 and bytes through unaligned byte pages
ok 718 - Scientific row banks preserve float64, float32 and bytes through unaligned byte pages
  ---
  duration_ms: 9.960958
  type: 'test'
  ...
# Subtest: Numeric bank cancellation and invalid scalar types never retain scratch memory
ok 719 - Numeric bank cancellation and invalid scalar types never retain scratch memory
  ---
  duration_ms: 0.536417
  type: 'test'
  ...
# Subtest: scientific windows preserve float/int bits, coordinate offsets and independent output ownership
ok 720 - scientific windows preserve float/int bits, coordinate offsets and independent output ownership
  ---
  duration_ms: 9.642291
  type: 'test'
  ...
# Subtest: external paired sort preserves NumPy unstable ties, NaNs and adversarial partitions
ok 721 - external paired sort preserves NumPy unstable ties, NaNs and adversarial partitions
  ---
  duration_ms: 354.853791
  type: 'test'
  ...
# Subtest: OPFS logical arrays cross GiB and uint32 seams with short physical I/O
ok 722 - OPFS logical arrays cross GiB and uint32 seams with short physical I/O
  ---
  duration_ms: 4.816459
  type: 'test'
  ...
# Subtest: OPFS cleans partial multi-file allocation and restores logical admission
ok 723 - OPFS cleans partial multi-file allocation and restores logical admission
  ---
  duration_ms: 0.54125
  type: 'test'
  ...
# Subtest: OPFS rejects impossible successful byte counts and failed truncation
ok 724 - OPFS rejects impossible successful byte counts and failed truncation
  ---
  duration_ms: 0.421542
  type: 'test'
  ...
# Subtest: source orientation cache keeps raw store, IDs, metadata and exact whole/cropped pixels
ok 725 - source orientation cache keeps raw store, IDs, metadata and exact whole/cropped pixels
  ---
  duration_ms: 466.367417
  type: 'test'
  ...
# Subtest: cache failure and cancellation remove only the cache and leave raw source owned
ok 726 - cache failure and cancellation remove only the cache and leave raw source owned
  ---
  duration_ms: 16.56025
  type: 'test'
  ...
# Subtest: optional orientation cache falls back only on resource limits and preserves raw ownership
ok 727 - optional orientation cache falls back only on resource limits and preserves raw ownership
  ---
  duration_ms: 0.535959
  type: 'test'
  ...
# Subtest: both source stores are released even if one disposer throws synchronously
ok 728 - both source stores are released even if one disposer throws synchronously
  ---
  duration_ms: 11.775625
  type: 'test'
  ...
# Subtest: segmented PCA keeps native basis and every view across chunk boundaries and orientation
ok 729 - segmented PCA keeps native basis and every view across chunk boundaries and orientation
  ---
  duration_ms: 10037.027041
  type: 'test'
  ...
# Subtest: temporary PCA arrays close on cancellation and preserve source on failed writes
ok 730 - temporary PCA arrays close on cancellation and preserve source on failed writes
  ---
  duration_ms: 891.111417
  type: 'test'
  ...
# Subtest: PCA preserves native float64 axes, eigenvalues and every rendered view
ok 731 - PCA preserves native float64 axes, eigenvalues and every rendered view
  ---
  duration_ms: 1084.432792
  type: 'test'
  ...
# Subtest: Pixel operations share admission, lifecycle, provenance and defensive cache ownership
ok 732 - Pixel operations share admission, lifecycle, provenance and defensive cache ownership
  ---
  duration_ms: 60.058417
  type: 'test'
  ...
# Subtest: Defect CSV bytes match native export for all radius/kind/view/threshold variants
ok 733 - Defect CSV bytes match native export for all radius/kind/view/threshold variants
  ---
  duration_ms: 328.62375
  type: 'test'
  ...
# Subtest: Cancellation does not publish or retain partial masks and results
ok 734 - Cancellation does not publish or retain partial masks and results
  ---
  duration_ms: 24.594792
  type: 'test'
  ...
# Subtest: colors.stats matches native pixels, masks and numeric data for all fixtures
ok 735 - colors.stats matches native pixels, masks and numeric data for all fixtures
  ---
  duration_ms: 77.208708
  type: 'test'
  ...
# Subtest: noise.planes matches native pixels, masks and numeric data for all fixtures
ok 736 - noise.planes matches native pixels, masks and numeric data for all fixtures
  ---
  duration_ms: 3144.798125
  type: 'test'
  ...
# Subtest: inspection.histogram matches native pixels, masks and numeric data for all fixtures
ok 737 - inspection.histogram matches native pixels, masks and numeric data for all fixtures
  ---
  duration_ms: 240.495416
  type: 'test'
  ...
# Subtest: noise.minmax matches native pixels, masks and numeric data for all fixtures
ok 738 - noise.minmax matches native pixels, masks and numeric data for all fixtures
  ---
  duration_ms: 5412.778791
  type: 'test'
  ...
# Subtest: pixels.defects matches native pixels, masks and numeric data for all fixtures
ok 739 - pixels.defects matches native pixels, masks and numeric data for all fixtures
  ---
  duration_ms: 1465.607833
  type: 'test'
  ...
# Subtest: Pixel tool parameters reject unknown keys and invalid variants
ok 740 - Pixel tool parameters reject unknown keys and invalid variants
  ---
  duration_ms: 0.551417
  type: 'test'
  ...
# Subtest: Histogram preserves integer counts beyond the float32 exact limit
ok 741 - Histogram preserves integer counts beyond the float32 exact limit
  ---
  duration_ms: 253.245166
  type: 'test'
  ...
# Subtest: camera preserves normalized axes and projected center
ok 742 - camera preserves normalized axes and projected center
  ---
  duration_ms: 2.273167
  type: 'test'
  ...
# Subtest: values-only layout bypasses redundant CPU geometry without changing data
ok 743 - values-only layout bypasses redundant CPU geometry without changing data
  ---
  duration_ms: 0.335542
  type: 'test'
  ...
# Subtest: RGB/HSV plot values, axes, color and alpha match native; view changes reuse analysis
ok 744 - RGB/HSV plot values, axes, color and alpha match native; view changes reuse analysis
  ---
  duration_ms: 4475.522583
  type: 'test'
  ...
# Subtest: PNG eXIf directories GPS and thumbnail match native before and after IDAT
ok 745 - PNG eXIf directories GPS and thumbnail match native before and after IDAT
  ---
  duration_ms: 72.435334
  type: 'test'
  ...
# Subtest: duplicated or out-of-range PNG eXIf is explicitly rejected
ok 746 - duplicated or out-of-range PNG eXIf is explicitly rejected
  ---
  duration_ms: 2.050625
  type: 'test'
  ...
# Subtest: native PNG packed gray, palette/tRNS, Adam7 and EXIF orientation through both load paths
ok 747 - native PNG packed gray, palette/tRNS, Adam7 and EXIF orientation through both load paths
  ---
  duration_ms: 273.844417
  type: 'test'
  ...
# Subtest: unsupported PNG depth/type and coding methods fail before decode
ok 748 - unsupported PNG depth/type and coding methods fail before decode
  ---
  duration_ms: 1.629167
  type: 'test'
  ...
# Subtest: sparse PNG headers skip image/compressed metadata bytes and preserve late eXIf absolute offsets
ok 749 - sparse PNG headers skip image/compressed metadata bytes and preserve late eXIf absolute offsets
  ---
  duration_ms: 89.27375
  type: 'test'
  ...
# Subtest: PNG chunk corruption, ambiguous EXIF, oversized metadata and cancellation recover cleanly
ok 750 - PNG chunk corruption, ambiguous EXIF, oversized metadata and cancellation recover cleanly
  ---
  duration_ms: 19.322583
  type: 'test'
  ...
# Subtest: all qualified PNG depth, palette, Adam7 and EXIF cases keep identical structural headers
ok 751 - all qualified PNG depth, palette, Adam7 and EXIF cases keep identical structural headers
  ---
  duration_ms: 193.482
  type: 'test'
  ...
# Subtest: 22MP public PNG stream and six native hashes retain source bytes without contiguous staging
ok 752 - 22MP public PNG stream and six native hashes retain source bytes without contiguous staging
  ---
  duration_ms: 4171.625167
  type: 'test'
  ...
# Subtest: Adam7 segmented source supports the non-JPEG quality curve and explicit decode cancellation
ok 753 - Adam7 segmented source supports the non-JPEG quality curve and explicit decode cancellation
  ---
  duration_ms: 3510.297917
  type: 'test'
  ...
# Subtest: segmented animated PNG is explicitly refused before frame interpretation
ok 754 - segmented animated PNG is explicitly refused before frame interpretation
  ---
  duration_ms: 55.898666
  type: 'test'
  ...
# Subtest: libpng async scanlines preserve native RGB across depths, palette, alpha, Adam7 and EXIF orientation
ok 755 - libpng async scanlines preserve native RGB across depths, palette, alpha, Adam7 and EXIF orientation
  ---
  duration_ms: 823.907417
  type: 'test'
  ...
# Subtest: PNG stream corrupt/truncated input, source-read cancellation and budget refusal release native admission
ok 756 - PNG stream corrupt/truncated input, source-read cancellation and budget refusal release native admission
  ---
  duration_ms: 25.323958
  type: 'test'
  ...
# Subtest: admission refusal reports exact credit and reclaims only its shortfall
ok 757 - admission refusal reports exact credit and reclaims only its shortfall
  ---
  duration_ms: 2.371417
  type: 'test'
  ...
# Subtest: policy wait ignores commits and physical retirements until enough credit is available
ok 758 - policy wait ignores commits and physical retirements until enough credit is available
  ---
  duration_ms: 13.415833
  type: 'test'
  ...
# Subtest: policy wait cancellation retires its budget and graph subscriptions without replay
ok 759 - policy wait cancellation retires its budget and graph subscriptions without replay
  ---
  duration_ms: 1.189666
  type: 'test'
  ...
# Subtest: policy recovery does not treat a dependency cycle as an independent producer
ok 760 - policy recovery does not treat a dependency cycle as an independent producer
  ---
  duration_ms: 1.643875
  type: 'test'
  ...
# Subtest: a peer that cannot free enough credit resumes the five-failure guard when it stops
ok 761 - a peer that cannot free enough credit resumes the five-failure guard when it stops
  ---
  duration_ms: 1.234667
  type: 'test'
  ...
# Subtest: a failed reclaim retargets its domain and then completes the original reclaim before useful retry
ok 762 - a failed reclaim retargets its domain and then completes the original reclaim before useful retry
  ---
  duration_ms: 4.157459
  type: 'test'
  ...
# Subtest: cancellation of an inner policy recovery releases all nested pressures
ok 763 - cancellation of an inner policy recovery releases all nested pressures
  ---
  duration_ms: 1.02825
  type: 'test'
  ...
# Subtest: alternating domains in reclaim share one guard and never replay the useful allocation
ok 764 - alternating domains in reclaim share one guard and never replay the useful allocation
  ---
  duration_ms: 0.473917
  type: 'test'
  ...
# Subtest: same-domain nested failures still resume the original reclaim with its own error context
ok 765 - same-domain nested failures still resume the original reclaim with its own error context
  ---
  duration_ms: 0.379875
  type: 'test'
  ...
# Subtest: owner null settles pending IO and keeps its staging until the active read exits
ok 766 - owner null settles pending IO and keeps its staging until the active read exits
  ---
  duration_ms: 39.292708
  type: 'test'
  ...
# Subtest: owner invalid settles pending IO and keeps its staging until the active read exits
ok 767 - owner invalid settles pending IO and keeps its staging until the active read exits
  ---
  duration_ms: 2.901458
  type: 'test'
  ...
# Subtest: owner messageerror settles pending IO and keeps its staging until the active read exits
ok 768 - owner messageerror settles pending IO and keeps its staging until the active read exits
  ---
  duration_ms: 1.549875
  type: 'test'
  ...
# Subtest: owner close settles pending IO and keeps its staging until the active read exits
ok 769 - owner close settles pending IO and keeps its staging until the active read exits
  ---
  duration_ms: 0.527667
  type: 'test'
  ...
# Subtest: owner cancel settles pending IO and keeps its staging until the active read exits
ok 770 - owner cancel settles pending IO and keeps its staging until the active read exits
  ---
  duration_ms: 0.629291
  type: 'test'
  ...
# Subtest: reader null rejects every pending RPC once and is never reused
ok 771 - reader null rejects every pending RPC once and is never reused
  ---
  duration_ms: 0.466166
  type: 'test'
  ...
# Subtest: reader unknown-id rejects every pending RPC once and is never reused
ok 772 - reader unknown-id rejects every pending RPC once and is never reused
  ---
  duration_ms: 0.555667
  type: 'test'
  ...
# Subtest: reader short-read rejects every pending RPC once and is never reused
ok 773 - reader short-read rejects every pending RPC once and is never reused
  ---
  duration_ms: 1.725708
  type: 'test'
  ...
# Subtest: reader messageerror rejects every pending RPC once and is never reused
ok 774 - reader messageerror rejects every pending RPC once and is never reused
  ---
  duration_ms: 1.6895
  type: 'test'
  ...
# Subtest: reader close rejects every pending RPC once and is never reused
ok 775 - reader close rejects every pending RPC once and is never reused
  ---
  duration_ms: 0.65025
  type: 'test'
  ...
# Subtest: reader post-failure rejects every pending RPC once and is never reused
ok 776 - reader post-failure rejects every pending RPC once and is never reused
  ---
  duration_ms: 0.299375
  type: 'test'
  ...
# Subtest: invalid broker window is rejected before any reservation or RPC
ok 777 - invalid broker window is rejected before any reservation or RPC
  ---
  duration_ms: 0.124875
  type: 'test'
  ...
# Subtest: a later useful write failure preserves completed blocks and its structured cause
ok 778 - a later useful write failure preserves completed blocks and its structured cause
  ---
  duration_ms: 12.400459
  type: 'test'
  ...
# Subtest: immutable broker groups useful page reads, preserves seams, and releases pins
ok 779 - immutable broker groups useful page reads, preserves seams, and releases pins
  ---
  duration_ms: 45.914709
  type: 'test'
  ...
# Subtest: mutable broker serializes the owned backing and flushes before publication
ok 780 - mutable broker serializes the owned backing and flushes before publication
  ---
  duration_ms: 3.969208
  type: 'test'
  ...
# Subtest: shared mutable publication includes sparse zero banks and borrows one reservation
ok 781 - shared mutable publication includes sparse zero banks and borrows one reservation
  ---
  duration_ms: 0.511291
  type: 'test'
  ...
# Subtest: shared cache reuses actual pages across clients and waits for retirement acknowledgements
ok 782 - shared cache reuses actual pages across clients and waits for retirement acknowledgements
  ---
  duration_ms: 2.847958
  type: 'test'
  ...
# Subtest: released competing RAM expands useful shared pages and nested workers acknowledge retirement
ok 783 - released competing RAM expands useful shared pages and nested workers acknowledge retirement
  ---
  duration_ms: 14.920208
  type: 'test'
  ...
# Subtest: cold result reclamation preserves useful bytes and excludes active read pins
ok 784 - cold result reclamation preserves useful bytes and excludes active read pins
  ---
  duration_ms: 3.231208
  type: 'test'
  ...
# Subtest: forcing the portable immutable broker still pins its source
ok 785 - forcing the portable immutable broker still pins its source
  ---
  duration_ms: 0.766875
  type: 'test'
  ...
# Subtest: adopted worker SAB outputs migrate after publication without a duplicate reservation or recomputation
ok 786 - adopted worker SAB outputs migrate after publication without a duplicate reservation or recomputation
  ---
  duration_ms: 1.075625
  type: 'test'
  ...
# Subtest: segmented I/O and migrations forward the operation-owned staging allocator
ok 787 - segmented I/O and migrations forward the operation-owned staging allocator
  ---
  duration_ms: 2.072333
  type: 'test'
  ...
# Subtest: completed bootstrap writer becomes an immutable pin without disconnecting its reader
ok 788 - completed bootstrap writer becomes an immutable pin without disconnecting its reader
  ---
  duration_ms: 1.875875
  type: 'test'
  ...
# Subtest: broker read staging is admitted before a competing heap fills the budget
ok 789 - broker read staging is admitted before a competing heap fills the budget
  ---
  duration_ms: 0.904959
  type: 'test'
  ...
# Subtest: small and empty broker planes reserve only their possible windows
ok 790 - small and empty broker planes reserve only their possible windows
  ---
  duration_ms: 0.740042
  type: 'test'
  ...
# Subtest: optional shared cache metadata failures preserve direct transport and later useful admission
ok 791 - optional shared cache metadata failures preserve direct transport and later useful admission
  ---
  duration_ms: 0.462834
  type: 'test'
  ...
# Subtest: failed cache growth waits for external memory release and never feeds its own notifications
ok 792 - failed cache growth waits for external memory release and never feeds its own notifications
  ---
  duration_ms: 16.813208
  type: 'test'
  ...
# Subtest: Dispose during factory initialization keeps the heap charged until completion
ok 793 - Dispose during factory initialization keeps the heap charged until completion
  ---
  duration_ms: 1.713583
  type: 'test'
  ...
# Subtest: bounded PRNU NCC preserves NumPy reductions across crops and 8192 boundaries
ok 794 - bounded PRNU NCC preserves NumPy reductions across crops and 8192 boundaries
  ---
  duration_ms: 56.194667
  type: 'test'
  ...
# Subtest: HDF5 fingerprints ingest progressively into disposable stores and retain native scores
ok 795 - HDF5 fingerprints ingest progressively into disposable stores and retain native scores
  ---
  duration_ms: 174.778292
  type: 'test'
  ...
# Subtest: stored native fingerprints export progressively to exact HDF5 datasets and metadata
ok 796 - stored native fingerprints export progressively to exact HDF5 datasets and metadata
  ---
  duration_ms: 212.586833
  type: 'test'
  ...
# Subtest: HDF5 encoded random-access storage preserves datasets without a full encoded byte buffer
ok 797 - HDF5 encoded random-access storage preserves datasets without a full encoded byte buffer
  ---
  duration_ms: 42.30325
  type: 'test'
  ...
# Subtest: complete PRNU axes retain every bit of the qualified global FFT convolution
ok 798 - complete PRNU axes retain every bit of the qualified global FFT convolution
  ---
  duration_ms: 263.499666
  type: 'test'
  ...
# Subtest: PRNU display uses native decimal ties-to-even without changing raw thresholds
ok 799 - PRNU display uses native decimal ties-to-even without changing raw thresholds
  ---
  duration_ms: 0.943959
  type: 'test'
  ...
# Subtest: PRNU filename grouping follows the native basename/stem rule, including dots and literal backslashes
ok 800 - PRNU filename grouping follows the native basename/stem rule, including dots and literal backslashes
  ---
  duration_ms: 0.100625
  type: 'test'
  ...
# Subtest: PRNU seed file hash is checked before installing; a failed load can retry
ok 801 - PRNU seed file hash is checked before installing; a failed load can retry
  ---
  duration_ms: 32.168458
  type: 'test'
  ...
# Subtest: PRNU native residuals, buffered/cropped NCC, thresholds, training means and HDF5 retain exact float64
ok 802 - PRNU native residuals, buffered/cropped NCC, thresholds, training means and HDF5 retain exact float64
  ---
  duration_ms: 1213.070125
  type: 'test'
  ...
# Subtest: PRNU two-multiplier SIMD FMA equals the IEEE reference, including cancellation and midpoint ties
ok 803 - PRNU two-multiplier SIMD FMA equals the IEEE reference, including cancellation and midpoint ties
  ---
  duration_ms: 2625.921167
  type: 'test'
  ...
# Subtest: PRNU selectable original and SIMD residuals retain every native float64 bit
ok 804 - PRNU selectable original and SIMD residuals retain every native float64 bit
  ---
  duration_ms: 2448.828375
  type: 'test'
  ...
# Subtest: PRNU 8 MP residual bits match the independent native recipe checksum
ok 805 - PRNU 8 MP residual bits match the independent native recipe checksum
  ---
  duration_ms: 3757.379584
  type: 'test'
  ...
# Subtest: PRNU HDF5 memory admission and cancellation release reservations and leave no partial snapshot
ok 806 - PRNU HDF5 memory admission and cancellation release reservations and leave no partial snapshot
  ---
  duration_ms: 23.614666
  type: 'test'
  ...
# Subtest: PRNU engine references, caches, original bytes, explicit streaming snapshots and exports
ok 807 - PRNU engine references, caches, original bytes, explicit streaming snapshots and exports
  ---
  duration_ms: 387.540458
  type: 'test'
  ...
# Subtest: PRNU engine cancels a snapshot between files and rejects a small budget before allocation
ok 808 - PRNU engine cancels a snapshot between files and rejects a small budget before allocation
  ---
  duration_ms: 235.412542
  type: 'test'
  ...
# Subtest: Aggressive resources adapt to RAM/heap/cores independently of forensic parameters
ok 809 - Aggressive resources adapt to RAM/heap/cores independently of forensic parameters
  ---
  duration_ms: 4.878
  type: 'test'
  ...
# Subtest: one JavaScript isolate heap does not cap shared banks and all worker heaps together
ok 810 - one JavaScript isolate heap does not cap shared banks and all worker heaps together
  ---
  duration_ms: 0.103667
  type: 'test'
  ...
# Subtest: Quality model is explicit, curve cache survives model changes, outputs and dependencies are owned
ok 811 - Quality model is explicit, curve cache survives model changes, outputs and dependencies are owned
  ---
  duration_ms: 51.937958
  type: 'test'
  ...
# Subtest: JPEG table evidence has priority; corrupt tables suppress learned fallback
ok 812 - JPEG table evidence has priority; corrupt tables suppress learned fallback
  ---
  duration_ms: 435.264208
  type: 'test'
  ...
# Subtest: Quality cancellation and malformed models release admission, then recover
ok 813 - Quality cancellation and malformed models release admission, then recover
  ---
  duration_ms: 147.985417
  type: 'test'
  ...
# Subtest: Quality normalization preserves all native non-JPEG curves and rejects nonfinite values
ok 814 - Quality normalization preserves all native non-JPEG curves and rejects nonfinite values
  ---
  duration_ms: 20.401958
  type: 'test'
  ...
# Subtest: Quality regression starts with float32 base score, keeps sequential rounding and never clips or sigmoids
ok 815 - Quality regression starts with float32 base score, keeps sequential rounding and never clips or sigmoids
  ---
  duration_ms: 14.350083
  type: 'test'
  ...
# Subtest: Quality and median readers keep separate feature/objective contracts and reject unqualified base scores
ok 816 - Quality and median readers keep separate feature/objective contracts and reject unqualified base scores
  ---
  duration_ms: 9.530333
  type: 'test'
  ...
# Subtest: quality retries retain successful companions and stop the same failed quality at five refusals
ok 817 - quality retries retain successful companions and stop the same failed quality at five refusals
  ---
  duration_ms: 10.466792
  type: 'test'
  ...
# Subtest: separate qualities can each recover without a lifetime retry ceiling
ok 818 - separate qualities can each recover without a lifetime retry ceiling
  ---
  duration_ms: 10.800875
  type: 'test'
  ...
# Subtest: transport cleanup completes before retry and cancellation creates no replacement
ok 819 - transport cleanup completes before retry and cancellation creates no replacement
  ---
  duration_ms: 0.657625
  type: 'test'
  ...
# Subtest: transport-only local boundary leaves real allocation faults to their domain recovery owner
ok 820 - transport-only local boundary leaves real allocation faults to their domain recovery owner
  ---
  duration_ms: 0.122208
  type: 'test'
  ...
# Subtest: Native JPEG quality tables, all 100 grayscale recompressions and final minimum agree
ok 821 - Native JPEG quality tables, all 100 grayscale recompressions and final minimum agree
  ---
  duration_ms: 865.969834
  type: 'test'
  ...
# Subtest: Quantization estimator does not fabricate absent component tables
ok 822 - Quantization estimator does not fabricate absent component tables
  ---
  duration_ms: 0.120541
  type: 'test'
  ...
# Subtest: native fixed-angle projection and floating normalization match six large independent patterns
ok 823 - native fixed-angle projection and floating normalization match six large independent patterns
  ---
  duration_ms: 1961.8075
  type: 'test'
  ...
# Subtest: contiguous digest uses the identical corrected radial arithmetic
ok 824 - contiguous digest uses the identical corrected radial arithmetic
  ---
  duration_ms: 510.02025
  type: 'test'
  ...
# Subtest: native PNG exports preserve every oriented RGB byte and raw mask/flag values, with independent CRC/filter decoding
ok 825 - native PNG exports preserve every oriented RGB byte and raw mask/flag values, with independent CRC/filter decoding
  ---
  duration_ms: 1559.281916
  type: 'test'
  ...
# Subtest: public export survives source unload, owned pages reject stale handles, stream applies backpressure and releases
ok 826 - public export survives source unload, owned pages reject stale handles, stream applies backpressure and releases
  ---
  duration_ms: 62.866917
  type: 'test'
  ...
# Subtest: output cap, cancellation, source read failure and memory refusal release unpublished storage
ok 827 - output cap, cancellation, source read failure and memory refusal release unpublished storage
  ---
  duration_ms: 50.33925
  type: 'test'
  ...
# Subtest: failed destination aborts and releases the completed export
ok 828 - failed destination aborts and releases the completed export
  ---
  duration_ms: 10.519916
  type: 'test'
  ...
# Subtest: multi-page destination backpressure and disposed engine cleanup retain no complete encoded copy
ok 829 - multi-page destination backpressure and disposed engine cleanup retain no complete encoded copy
  ---
  duration_ms: 485.7595
  type: 'test'
  ...
# Subtest: public result-mask export keeps raw evidence and survives source/result release
ok 830 - public result-mask export keeps raw evidence and survives source/result release
  ---
  duration_ms: 2342.463
  type: 'test'
  ...
# Subtest: historical 101-quality loss through original PNG, cached quality estimation and CSV export
ok 831 - historical 101-quality loss through original PNG, cached quality estimation and CSV export
  ---
  duration_ms: 739.787042
  type: 'test'
  ...
# Subtest: recompression cancellation frees active admission and permits a subsequent useful run
ok 832 - recompression cancellation frees active admission and permits a subsequent useful run
  ---
  duration_ms: 147.186417
  type: 'test'
  ...
# Subtest: EM surfaces/tables own source-relative maps for full-memory and segmented sources
ok 833 - EM surfaces/tables own source-relative maps for full-memory and segmented sources
  ---
  duration_ms: 469.970333
  type: 'test'
  ...
# Subtest: disposing a complete-memory source closes EM cache even after all published handles are released
ok 834 - disposing a complete-memory source closes EM cache even after all published handles are released
  ---
  duration_ms: 251.532833
  type: 'test'
  ...
# Subtest: global native ROI maps, composites and their Fourier outputs preserve bits and existing tolerance
ok 835 - global native ROI maps, composites and their Fourier outputs preserve bits and existing tolerance # SKIP Generate local native integration oracle first.
  ---
  duration_ms: 2.132625
  type: 'test'
  ...
# Subtest: regions reject overlap and partial coordinates; cancellation preserves published owners
ok 836 - regions reject overlap and partial coordinates; cancellation preserves published owners
  ---
  duration_ms: 1494.828
  type: 'test'
  ...
# Subtest: streaming global EM preserves native validities, iterations and every binary64 weight
ok 837 - streaming global EM preserves native validities, iterations and every binary64 weight # SKIP Generate local native EM oracle first.
  ---
  duration_ms: 2.087292
  type: 'test'
  ...
# Subtest: complete binary64 resampling axes and pyrUp halo strips preserve the qualified whole kernel
ok 838 - complete binary64 resampling axes and pyrUp halo strips preserve the qualified whole kernel
  ---
  duration_ms: 357.554166
  type: 'test'
  ...
# {"cases":992,"expectedErrors":32,"maxAbsolute":7.891769371326518e-8,"maxScaled":8.128108605379478e-9,"differingBytes":0,"peakChanges":22,"peakMeaning":"Diagnostic first-argmax changes include conjugate equal/near-equal peaks; native Fourier has no argmax-based classification."}
# Subtest: Resampling FFT/pyrUp exact primitives, Fourier variants and actual native gray LUT
ok 839 - Resampling FFT/pyrUp exact primitives, Fourier variants and actual native gray LUT
  ---
  duration_ms: 2174.585292
  type: 'test'
  ...
# Subtest: Resampling original-file grayscale, normalization before ROI, caches and owned exports
ok 840 - Resampling original-file grayscale, normalization before ROI, caches and owned exports
  ---
  duration_ms: 1416.771042
  type: 'test'
  ...
# Subtest: Resampling invalid inputs, bounded allocations, cancellation and cache stage reuse
ok 841 - Resampling invalid inputs, bounded allocations, cancellation and cache stage reuse
  ---
  duration_ms: 45.885834
  type: 'test'
  ...
# Subtest: catnet render 0
ok 842 - catnet render 0
  ---
  duration_ms: 5.443834
  type: 'test'
  ...
# Subtest: catnet render 1
ok 843 - catnet render 1
  ---
  duration_ms: 3.015083
  type: 'test'
  ...
# Subtest: adaptive_cfa render 0
ok 844 - adaptive_cfa render 0
  ---
  duration_ms: 2.391792
  type: 'test'
  ...
# Subtest: adaptive_cfa render 1
ok 845 - adaptive_cfa render 1
  ---
  duration_ms: 10.154709
  type: 'test'
  ...
# Subtest: adaptive_cfa render 2
ok 846 - adaptive_cfa render 2
  ---
  duration_ms: 4.458792
  type: 'test'
  ...
# Subtest: CFA window rendering uses original global coordinates including native border
ok 847 - CFA window rendering uses original global coordinates including native border
  ---
  duration_ms: 24.128375
  type: 'test'
  ...
# Subtest: sequential operations reuse their admitted bytes without another budget reservation
ok 848 - sequential operations reuse their admitted bytes without another budget reservation
  ---
  duration_ms: 1.055917
  type: 'test'
  ...
# Subtest: closing an operation retains its allowance until every live buffer is released
ok 849 - closing an operation retains its allowance until every live buffer is released
  ---
  duration_ms: 0.764791
  type: 'test'
  ...
# Subtest: the observed convolution prefix must be readmitted after its own cleanup, not mistaken for peer credit
ok 850 - the observed convolution prefix must be readmitted after its own cleanup, not mistaken for peer credit
  ---
  duration_ms: 9.179209
  type: 'test'
  ...
# Subtest: nested scopes add only unique captured owners, including splits and a simultaneous peer release
ok 851 - nested scopes add only unique captured owners, including splits and a simultaneous peer release
  ---
  duration_ms: 0.369541
  type: 'test'
  ...
# Subtest: tracking the same reservation across nested scopes counts its return only once
ok 852 - tracking the same reservation across nested scopes counts its return only once
  ---
  duration_ms: 0.191125
  type: 'test'
  ...
# Subtest: closing a successful scope keeps its returned output owner alive and freezes old failure evidence
ok 853 - closing a successful scope keeps its returned output owner alive and freezes old failure evidence
  ---
  duration_ms: 0.33975
  type: 'test'
  ...
# Subtest: a closed successful scope can transfer a still-live owner into a later attempt
ok 854 - a closed successful scope can transfer a still-live owner into a later attempt
  ---
  duration_ms: 0.099291
  type: 'test'
  ...
# Subtest: scheduler-retained credit can transfer into the attempted operation without a second charge
ok 855 - scheduler-retained credit can transfer into the attempted operation without a second charge
  ---
  duration_ms: 2.420083
  type: 'test'
  ...
# Subtest: capturing an external wrapped refusal preserves its cause and includes only returned transient credit
ok 856 - capturing an external wrapped refusal preserves its cause and includes only returned transient credit
  ---
  duration_ms: 0.509041
  type: 'test'
  ...
# Subtest: physical refusal and cancellation never manufacture policy rollback credit
ok 857 - physical refusal and cancellation never manufacture policy rollback credit
  ---
  duration_ms: 0.309333
  type: 'test'
  ...
# Subtest: cancelling while waiting for the replay peak releases all transaction and recovery bookkeeping
ok 858 - cancelling while waiting for the replay peak releases all transaction and recovery bookkeeping
  ---
  duration_ms: 1.708083
  type: 'test'
  ...
# Subtest: fixed admitted allowances report local capacity without waiting for or reclaiming global peers
ok 859 - fixed admitted allowances report local capacity without waiting for or reclaiming global peers
  ---
  duration_ms: 0.906625
  type: 'test'
  ...
# Subtest: the guard compares the replay peak while retaining the original failing reservation diagnostic
ok 860 - the guard compares the replay peak while retaining the original failing reservation diagnostic
  ---
  duration_ms: 0.180917
  type: 'test'
  ...
# Subtest: Known codec capacity is admitted for imports, calculations and owned legacy copies
ok 861 - Known codec capacity is admitted for imports, calculations and owned legacy copies
  ---
  duration_ms: 14.941334
  type: 'test'
  ...
# Subtest: unrelated commits do not spend another allocation attempt; matching retirement wakes the suspended operation
ok 862 - unrelated commits do not spend another allocation attempt; matching retirement wakes the suspended operation
  ---
  duration_ms: 10.665792
  type: 'test'
  ...
# Subtest: a typed reclaim result and its retirement notification are counted once
ok 863 - a typed reclaim result and its retirement notification are counted once
  ---
  duration_ms: 2.363375
  type: 'test'
  ...
# Subtest: legacy typed owners publish only missing retirement notifications
ok 864 - legacy typed owners publish only missing retirement notifications
  ---
  duration_ms: 0.358417
  type: 'test'
  ...
# Subtest: waiting cancellation releases pressure and subscriptions without replaying the operation
ok 865 - waiting cancellation releases pressure and subscriptions without replaying the operation
  ---
  duration_ms: 1.083583
  type: 'test'
  ...
# Subtest: blocked, own, and merely queued leases cannot keep recovery waiting
ok 866 - blocked, own, and merely queued leases cannot keep recovery waiting
  ---
  duration_ms: 1.339833
  type: 'test'
  ...
# Subtest: peer quiescence resumes the bounded guard and two waiting owners cannot deadlock
ok 867 - peer quiescence resumes the bounded guard and two waiting owners cannot deadlock
  ---
  duration_ms: 1.059209
  type: 'test'
  ...
# Subtest: invalid producer ownership is rejected before execution admission
ok 868 - invalid producer ownership is rejected before execution admission
  ---
  duration_ms: 0.663125
  type: 'test'
  ...
# Subtest: only a contiguous range in the failed allocator wakes reuse pressure
ok 869 - only a contiguous range in the failed allocator wakes reuse pressure
  ---
  duration_ms: 5.988791
  type: 'test'
  ...
# Subtest: allocator failures normalize without treating invalid arguments or coding errors as memory pressure
ok 870 - allocator failures normalize without treating invalid arguments or coding errors as memory pressure
  ---
  duration_ms: 1.590125
  type: 'test'
  ...
# Subtest: normalization and wire errors preserve original stack, nested cause and details
ok 871 - normalization and wire errors preserve original stack, nested cause and details
  ---
  duration_ms: 0.988667
  type: 'test'
  ...
# Subtest: five failures with small memory jitter form one obstruction
ok 872 - five failures with small memory jitter form one obstruction
  ---
  duration_ms: 0.464292
  type: 'test'
  ...
# Subtest: distinct recoveries have no lifetime limit and committed progress resets the streak
ok 873 - distinct recoveries have no lifetime limit and committed progress resets the streak
  ---
  duration_ms: 2.016125
  type: 'test'
  ...
# Subtest: replayed checkpoints and attempt numbers cannot reset the high-water mark
ok 874 - replayed checkpoints and attempt numbers cannot reset the high-water mark
  ---
  duration_ms: 0.163208
  type: 'test'
  ...
# Subtest: different useful operations and substantially different capacity start a new streak
ok 875 - different useful operations and substantially different capacity start a new streak
  ---
  duration_ms: 0.204083
  type: 'test'
  ...
# Subtest: recovery pressure protects reclaim through the successful useful retry and is released once
ok 876 - recovery pressure protects reclaim through the successful useful retry and is released once
  ---
  duration_ms: 0.322084
  type: 'test'
  ...
# Subtest: terminal unrelated errors and cancellation release recovery pressure without another operation
ok 877 - terminal unrelated errors and cancellation release recovery pressure without another operation
  ---
  duration_ms: 0.458917
  type: 'test'
  ...
# Subtest: five stable failures yield between retries and stop without an outer restart
ok 878 - five stable failures yield between retries and stop without an outer restart
  ---
  duration_ms: 7.97075
  type: 'test'
  ...
# Subtest: generic engine wrappers normalize only explicit allocator evidence and retain exhausted local guards
ok 879 - generic engine wrappers normalize only explicit allocator evidence and retain exhausted local guards
  ---
  duration_ms: 0.784
  type: 'test'
  ...
# Subtest: public recovery events are plain cloneable diagnostics without AbortSignal or Error instances
ok 880 - public recovery events are plain cloneable diagnostics without AbortSignal or Error instances
  ---
  duration_ms: 0.319666
  type: 'test'
  ...
# Subtest: a successful owned result survives a cancellation race for caller cleanup
ok 881 - a successful owned result survives a cancellation race for caller cleanup
  ---
  duration_ms: 0.206542
  type: 'test'
  ...
# Subtest: allocator failures in reclaim share the suspended operation guard and keep pressure held
ok 882 - allocator failures in reclaim share the suspended operation guard and keep pressure held
  ---
  duration_ms: 0.471291
  type: 'test'
  ...
# Subtest: storage failures during reclaim remain terminal without replaying useful work
ok 883 - storage failures during reclaim remain terminal without replaying useful work
  ---
  duration_ms: 0.156334
  type: 'test'
  ...
# Subtest: alternating startup and compute phases cannot hide the same stalled operation
ok 884 - alternating startup and compute phases cannot hide the same stalled operation
  ---
  duration_ms: 0.160708
  type: 'test'
  ...
# Subtest: explicit transient network errors share the five-failure guard without any memory reclaim
ok 885 - explicit transient network errors share the five-failure guard without any memory reclaim
  ---
  duration_ms: 0.250458
  type: 'test'
  ...
# Subtest: wrapping an already dispatched transaction preserves its child dependency
ok 886 - wrapping an already dispatched transaction preserves its child dependency
  ---
  duration_ms: 2.283
  type: 'test'
  ...
# Subtest: domain ledger separates logical reservation, materialized backing and aliased pinned ownership
ok 887 - domain ledger separates logical reservation, materialized backing and aliased pinned ownership
  ---
  duration_ms: 1.987291
  type: 'test'
  ...
# Subtest: backing pressure is domain-specific, nested and ends after the useful retry
ok 888 - backing pressure is domain-specific, nested and ends after the useful retry
  ---
  duration_ms: 2.867375
  type: 'test'
  ...
# Subtest: durable operations bridge CPU lease gaps and real IO until backing retirement
ok 889 - durable operations bridge CPU lease gaps and real IO until backing retirement
  ---
  duration_ms: 10.099291
  type: 'test'
  ...
# Subtest: queued operations have holder dependencies, and blocked cycles are not productive work
ok 890 - queued operations have holder dependencies, and blocked cycles are not productive work
  ---
  duration_ms: 0.620625
  type: 'test'
  ...
# Subtest: all operation owners waiting in recovery cannot keep each other alive
ok 891 - all operation owners waiting in recovery cannot keep each other alive
  ---
  duration_ms: 0.266291
  type: 'test'
  ...
# Subtest: reclaim carries owner, bounded target and attributable retirement diagnostics
ok 892 - reclaim carries owner, bounded target and attributable retirement diagnostics
  ---
  duration_ms: 0.429584
  type: 'test'
  ...
# Subtest: resource wait diagnostics preserve wait stage and exact baseline across cancellation
ok 893 - resource wait diagnostics preserve wait stage and exact baseline across cancellation
  ---
  duration_ms: 0.730083
  type: 'test'
  ...
# Subtest: one recovering lane does not hide useful compute or IO from the same owner
ok 894 - one recovering lane does not hide useful compute or IO from the same owner
  ---
  duration_ms: 0.187
  type: 'test'
  ...
# Subtest: mixed legacy owner dependencies resolve through an explicit useful operation
ok 895 - mixed legacy owner dependencies resolve through an explicit useful operation
  ---
  duration_ms: 0.19475
  type: 'test'
  ...
# Subtest: a retired backing from a peer lane with the same owner wakes its suspended sibling
ok 896 - a retired backing from a peer lane with the same owner wakes its suspended sibling
  ---
  duration_ms: 0.788042
  type: 'test'
  ...
# Subtest: memory admission rejects self-held or parent-child cyclic ownership
ok 897 - memory admission rejects self-held or parent-child cyclic ownership
  ---
  duration_ms: 0.418042
  type: 'test'
  ...
# Subtest: explicit parent operations survive child RPC handoffs and restore their IO state
ok 898 - explicit parent operations survive child RPC handoffs and restore their IO state
  ---
  duration_ms: 0.084083
  type: 'test'
  ...
# Subtest: a parent awaiting two queued RPCs is not productive behind a blocked holder
ok 899 - a parent awaiting two queued RPCs is not productive behind a blocked holder
  ---
  duration_ms: 2.953
  type: 'test'
  ...
# Subtest: backing aliases are counted once and a resized worker heap advances its generation
ok 900 - backing aliases are counted once and a resized worker heap advances its generation
  ---
  duration_ms: 0.229917
  type: 'test'
  ...
# Subtest: cache eviction and independent result leases preserve pixels and shared budget ownership
ok 901 - cache eviction and independent result leases preserve pixels and shared budget ownership
  ---
  duration_ms: 6.339625
  type: 'test'
  ...
# Subtest: pool clear prevents late dispatch to a terminated worker, next generation is reusable
ok 902 - pool clear prevents late dispatch to a terminated worker, next generation is reusable
  ---
  duration_ms: 4.840875
  type: 'test'
  ...
# Subtest: different worker pools cannot multiply the shared CPU quota
ok 903 - different worker pools cannot multiply the shared CPU quota
  ---
  duration_ms: 4.5365
  type: 'test'
  ...
# Subtest: production quality and LUT pools honor one quota and clearing a queued pool preserves its input
ok 904 - production quality and LUT pools honor one quota and clearing a queued pool preserves its input
  ---
  duration_ms: 8.060709
  type: 'test'
  ...
# Subtest: legacy CPU and GPU worker calls are visible for their full admitted lifetime
ok 905 - legacy CPU and GPU worker calls are visible for their full admitted lifetime
  ---
  duration_ms: 1.48075
  type: 'test'
  ...
# Subtest: worker calls inherit their parent owner and preserve two blocked child dependencies
ok 906 - worker calls inherit their parent owner and preserve two blocked child dependencies
  ---
  duration_ms: 0.973916
  type: 'test'
  ...
# Subtest: a supplied worker operation remains owned by the caller without a duplicate ticket
ok 907 - a supplied worker operation remains owned by the caller without a duplicate ticket
  ---
  duration_ms: 1.279334
  type: 'test'
  ...
# Subtest: cancelling active legacy dispatch keeps activity visible until owned work has settled
ok 908 - cancelling active legacy dispatch keeps activity visible until owned work has settled
  ---
  duration_ms: 0.975958
  type: 'test'
  ...
# Subtest: queued worker cancellation restores its parent and leaves no stale operation
ok 909 - queued worker cancellation restores its parent and leaves no stale operation
  ---
  duration_ms: 0.431333
  type: 'test'
  ...
# Subtest: AKAZE and grouping RPCs carry explicit service owners rather than the compatibility fallback
ok 910 - AKAZE and grouping RPCs carry explicit service owners rather than the compatibility fallback
  ---
  duration_ms: 2.054833
  type: 'test'
  ...
# Subtest: allocation recovery waits for admitted legacy worker credit instead of exhausting five retries
ok 911 - allocation recovery waits for admitted legacy worker credit instead of exhausting five retries
  ---
  duration_ms: 6.208625
  type: 'test'
  ...
# Subtest: Cooperative scientific export preserves float64/int32 bits and Unicode across scalar/hash block boundaries
ok 912 - Cooperative scientific export preserves float64/int32 bits and Unicode across scalar/hash block boundaries
  ---
  duration_ms: 159.586292
  type: 'test'
  ...
# Subtest: Python zipfile and NumPy read the real streamed ZIP64 NPZ without changing scientific values
ok 913 - Python zipfile and NumPy read the real streamed ZIP64 NPZ without changing scientific values
  ---
  duration_ms: 295.737041
  type: 'test'
  ...
# Subtest: Independent ZIP reader resolves a genuine offset above 4 GiB in a sparse test file
ok 914 - Independent ZIP reader resolves a genuine offset above 4 GiB in a sparse test file
  ---
  duration_ms: 37.158167
  type: 'test'
  ...
# Subtest: Segmentation configuration admits only known identity and performs no network or inference
ok 915 - Segmentation configuration admits only known identity and performs no network or inference
  ---
  duration_ms: 2.366708
  type: 'test'
  ...
# Subtest: Segmentation refuses unsupported native choices and insufficient shared memory before model fetch
ok 916 - Segmentation refuses unsupported native choices and insufficient shared memory before model fetch
  ---
  duration_ms: 3.236958
  type: 'test'
  ...
# Subtest: GPU mirror is pinned and lazy; auto honours capabilities, memory and explicit CPU
ok 917 - GPU mirror is pinned and lazy; auto honours capabilities, memory and explicit CPU
  ---
  duration_ms: 0.565417
  type: 'test'
  ...
# Subtest: CMSeg bundles are separate immutable identities, configured without fetching their child graphs
ok 918 - CMSeg bundles are separate immutable identities, configured without fetching their child graphs
  ---
  duration_ms: 0.892083
  type: 'test'
  ...
# Subtest: Repaired EffNet and source/target identities exclude the rejected original graphs
ok 919 - Repaired EffNet and source/target identities exclude the rejected original graphs
  ---
  duration_ms: 0.725583
  type: 'test'
  ...
# Subtest: CMSeg generalization accepts only repaired lazy identity and refuses the former bundle
ok 920 - CMSeg generalization accepts only repaired lazy identity and refuses the former bundle
  ---
  duration_ms: 194.592708
  type: 'test'
  ...
# Subtest: TNT shares its qualified CPU/GPU bundle and rejects the old full ONNX
ok 921 - TNT shares its qualified CPU/GPU bundle and rejects the old full ONNX
  ---
  duration_ms: 8.020709
  type: 'test'
  ...
# Subtest: VIG admits the qualified shared CPU/GPU bundle and refuses the divergent ONNX identity
ok 922 - VIG admits the qualified shared CPU/GPU bundle and refuses the divergent ONNX identity
  ---
  duration_ms: 3.385791
  type: 'test'
  ...
# Subtest: VIG auto uses shared assets and its staged GPU/CPU residency without a workload probe
ok 923 - VIG auto uses shared assets and its staged GPU/CPU residency without a workload probe
  ---
  duration_ms: 0.3785
  type: 'test'
  ...
# Subtest: Both CMSeg variants share verified GPU assets and retain explicit CPU without preloading
ok 924 - Both CMSeg variants share verified GPU assets and retain explicit CPU without preloading
  ---
  duration_ms: 0.555334
  type: 'test'
  ...
# Subtest: MGCF16 and repaired EffNet share exact pinned CPU/GPU assets with no startup work
ok 925 - MGCF16 and repaired EffNet share exact pinned CPU/GPU assets with no startup work
  ---
  duration_ms: 0.334833
  type: 'test'
  ...
# Subtest: ST automatic preference requires three distinct CPU lanes and leaves explicit choices intact
ok 926 - ST automatic preference requires three distinct CPU lanes and leaves explicit choices intact
  ---
  duration_ms: 1.6955
  type: 'test'
  ...
# Subtest: ST capacity preserves source and other active owners but recovers its own idle sessions
ok 927 - ST capacity preserves source and other active owners but recovers its own idle sessions
  ---
  duration_ms: 0.398542
  type: 'test'
  ...
# Subtest: GPU admission holds destroyed buffers until submitted work completes and rejects validation failures
ok 928 - GPU admission holds destroyed buffers until submitted work completes and rejects validation failures
  ---
  duration_ms: 1.869333
  type: 'test'
  ...
# Subtest: verified bytes are lazy, shared by identity and reclaimed before result cache
ok 929 - verified bytes are lazy, shared by identity and reclaimed before result cache
  ---
  duration_ms: 1.602375
  type: 'test'
  ...
# Subtest: a new cache entry never evicts live results or lowers admitted CPU capacity
ok 930 - a new cache entry never evicts live results or lowers admitted CPU capacity
  ---
  duration_ms: 0.2085
  type: 'test'
  ...
# Subtest: transport identity failure and cancellation never populate the cache
ok 931 - transport identity failure and cancellation never populate the cache
  ---
  duration_ms: 30.765375
  type: 'test'
  ...
# Subtest: disabled CPU mode remains lazy and never retains parameter bytes
ok 932 - disabled CPU mode remains lazy and never retains parameter bytes
  ---
  duration_ms: 0.221209
  type: 'test'
  ...
# Subtest: concurrent identical reads do not double-charge residency; shrink evicts LRU
ok 933 - concurrent identical reads do not double-charge residency; shrink evicts LRU
  ---
  duration_ms: 0.214
  type: 'test'
  ...
# Subtest: Segmentation preparation refuses memory before allocation and releases partial admission
ok 934 - Segmentation preparation refuses memory before allocation and releases partial admission
  ---
  duration_ms: 17.71275
  type: 'test'
  ...
# Subtest: Segmentation preparation cancellation keeps source bytes and permits retry
ok 935 - Segmentation preparation cancellation keeps source bytes and permits retry
  ---
  duration_ms: 48.76225
  type: 'test'
  ...
# Subtest: Native sigmoid and source/target rules differ at exactly one half
ok 936 - Native sigmoid and source/target rules differ at exactly one half
  ---
  duration_ms: 14.302375
  type: 'test'
  ...
# Subtest: Invalid probability, cancellation and partial budget failure release reservations
ok 937 - Invalid probability, cancellation and partial budget failure release reservations
  ---
  duration_ms: 1.116708
  type: 'test'
  ...
# Subtest: only useful acquisition creates a session; warm acquisition reuses it
ok 938 - only useful acquisition creates a session; warm acquisition reuses it
  ---
  duration_ms: 1.668458
  type: 'test'
  ...
# Subtest: idle model yields to useful work before a result grid; active RPC remains protected
ok 939 - idle model yields to useful work before a result grid; active RPC remains protected
  ---
  duration_ms: 0.420292
  type: 'test'
  ...
# Subtest: failed construction rolls back reservation; CPU-style explicit retirement is reusable
ok 940 - failed construction rolls back reservation; CPU-style explicit retirement is reusable
  ---
  duration_ms: 0.235625
  type: 'test'
  ...
# Subtest: Split manifests pin unchanged complete boundaries and variant-specific CPU/GPU placement
ok 941 - Split manifests pin unchanged complete boundaries and variant-specific CPU/GPU placement
  ---
  duration_ms: 4.920958
  type: 'test'
  ...
# Subtest: Split asset reader verifies actual bytes and rejects truncation, excess and wrong SHA
ok 942 - Split asset reader verifies actual bytes and rejects truncation, excess and wrong SHA
  ---
  duration_ms: 27.206583
  type: 'test'
  ...
# Subtest: Split GPU mirror is lazy and budgets both child graphs and bridge, not just tiny manifest
ok 943 - Split GPU mirror is lazy and budgets both child graphs and bridge, not just tiny manifest
  ---
  duration_ms: 6.062666
  type: 'test'
  ...
# Subtest: concurrency uses shared live memory, source copies and useful jobs; nested pools opt out
ok 944 - concurrency uses shared live memory, source copies and useful jobs; nested pools opt out
  ---
  duration_ms: 1.514916
  type: 'test'
  ...
# Subtest: out-of-order workers retain source order and never exceed admitted lanes
ok 945 - out-of-order workers retain source order and never exceed admitted lanes
  ---
  duration_ms: 32.644292
  type: 'test'
  ...
# Subtest: real admission pressure drains active work then retries only unfinished work serially
ok 946 - real admission pressure drains active work then retries only unfinished work serially
  ---
  duration_ms: 17.304625
  type: 'test'
  ...
# Subtest: fatal error and external cancellation abort siblings and await their cleanup
ok 947 - fatal error and external cancellation abort siblings and await their cleanup
  ---
  duration_ms: 15.476666
  type: 'test'
  ...
# Subtest: analysis keeps ordered probabilities, deduplicates identical bounds and reprojects without inference
ok 948 - analysis keeps ordered probabilities, deduplicates identical bounds and reprojects without inference
  ---
  duration_ms: 19.735042
  type: 'test'
  ...
# Subtest: large projected planes reclaim idle model sessions while preserving owned raw grids
ok 949 - large projected planes reclaim idle model sessions while preserving owned raw grids
  ---
  duration_ms: 4.998875
  type: 'test'
  ...
# Subtest: hybrid sessions stay warm when results fit, yield to cached large views, and reload on later useful work
ok 950 - hybrid sessions stay warm when results fit, yield to cached large views, and reload on later useful work
  ---
  duration_ms: 1.18025
  type: 'test'
  ...
# Subtest: Unsupported native segmentation modes refuse before any spatial work
ok 951 - Unsupported native segmentation modes refuse before any spatial work
  ---
  duration_ms: 1.86875
  type: 'test'
  ...
# Subtest: A failing spatial job releases the projection and raw-grid reservations
ok 952 - A failing spatial job releases the projection and raw-grid reservations
  ---
  duration_ms: 6.592584
  type: 'test'
  ...
# Subtest: All510 native adjustment outputs preserve stage order, global equalization/CLAHE and Otsu by row bands
ok 953 - All510 native adjustment outputs preserve stage order, global equalization/CLAHE and Otsu by row bands
  ---
  duration_ms: 9187.847375
  type: 'test'
  ...
# Subtest: Adjustment orientations, asymmetric CLAHE padding and sharp halos remain exact
ok 954 - Adjustment orientations, asymmetric CLAHE padding and sharp halos remain exact
  ---
  duration_ms: 5594.539875
  type: 'test'
  ...
# Subtest: Adjustment cancels each pass without partial outputs and refuses impossible rows before reads
ok 955 - Adjustment cancels each pass without partial outputs and refuses impossible rows before reads
  ---
  duration_ms: 423.39925
  type: 'test'
  ...
# Subtest: Adjustment arithmetic rejects invalid LUT indices and global coordinate casts
ok 956 - Adjustment arithmetic rejects invalid LUT indices and global coordinate casts
  ---
  duration_ms: 0.372917
  type: 'test'
  ...
# Subtest: a real shared bank failure preserves prior data and concurrent writes at a full budget
ok 957 - a real shared bank failure preserves prior data and concurrent writes at a full budget
  ---
  duration_ms: 5.607542
  type: 'test'
  ...
# Subtest: a real ordinary bank failure preserves prior data and concurrent writes at a full budget
ok 958 - a real ordinary bank failure preserves prior data and concurrent writes at a full budget
  ---
  duration_ms: 1.905042
  type: 'test'
  ...
# Subtest: failed write during allocation recovery preserves the complete old RAM source
ok 959 - failed write during allocation recovery preserves the complete old RAM source
  ---
  duration_ms: 1.423625
  type: 'test'
  ...
# Subtest: failed flush during allocation recovery preserves the complete old RAM source
ok 960 - failed flush during allocation recovery preserves the complete old RAM source
  ---
  duration_ms: 1.894083
  type: 'test'
  ...
# Subtest: failed cancel during allocation recovery preserves the complete old RAM source
ok 961 - failed cancel during allocation recovery preserves the complete old RAM source
  ---
  duration_ms: 2.342083
  type: 'test'
  ...
# Subtest: mutable SAB materialization falls back before publishing and preserves a parallel broker
ok 962 - mutable SAB materialization falls back before publishing and preserves a parallel broker
  ---
  duration_ms: 29.618417
  type: 'test'
  ...
# Subtest: an already published mutable broker survives its backing allocation failure
ok 963 - an already published mutable broker survives its backing allocation failure
  ---
  duration_ms: 2.479167
  type: 'test'
  ...
# Subtest: without temporary storage allocation errors retain useful diagnostics and old bytes
ok 964 - without temporary storage allocation errors retain useful diagnostics and old bytes
  ---
  duration_ms: 0.278542
  type: 'test'
  ...
# Subtest: disposal waits for allocation recovery and rejects queued writes without losing ownership
ok 965 - disposal waits for allocation recovery and rejects queued writes without losing ownership
  ---
  duration_ms: 1.593375
  type: 'test'
  ...
# Subtest: a published direct SAB remains pinned until every worker releases it
ok 966 - a published direct SAB remains pinned until every worker releases it
  ---
  duration_ms: 0.740833
  type: 'test'
  ...
# Subtest: allocation recovery uses its prefunded window rather than the narrow pending-write scope
ok 967 - allocation recovery uses its prefunded window rather than the narrow pending-write scope
  ---
  duration_ms: 1.9965
  type: 'test'
  ...
# Subtest: All segmented result adapters name allocation exhaustion and retain the original source after cleanup
ok 968 - All segmented result adapters name allocation exhaustion and retain the original source after cleanup
  ---
  duration_ms: 12.283208
  type: 'test'
  ...
# Subtest: lazy 576 MB cold store reports only materialized bank bytes after a committed spill
ok 969 - lazy 576 MB cold store reports only materialized bank bytes after a committed spill
  ---
  duration_ms: 5.026667
  type: 'test'
  ...
# Subtest: backing capacity counts exact final banks, excludes holes, and disposal waits for pins
ok 970 - backing capacity counts exact final banks, excludes holes, and disposal waits for pins
  ---
  duration_ms: 0.388416
  type: 'test'
  ...
# Subtest: an aborted spill never publishes the still-owned RAM as freed backing
ok 971 - an aborted spill never publishes the still-owned RAM as freed backing
  ---
  duration_ms: 2.067459
  type: 'test'
  ...
# Subtest: JPEG allocation reclamation retires actual encoded banks before unrelated Wasm credit
ok 972 - JPEG allocation reclamation retires actual encoded banks before unrelated Wasm credit
  ---
  duration_ms: 1.0595
  type: 'test'
  ...
# Subtest: JPEG allocation reclaim waits for the retired encoded store transport ACK
ok 973 - JPEG allocation reclaim waits for the retired encoded store transport ACK
  ---
  duration_ms: 0.666875
  type: 'test'
  ...
# Subtest: typed JPEG reclaim preserves the quality actively decoded by the native codec
ok 974 - typed JPEG reclaim preserves the quality actively decoded by the native codec
  ---
  duration_ms: 39.845667
  type: 'test'
  ...
# Subtest: Segmented RAM preserves byte ranges across every seam, holes and ownership
ok 975 - Segmented RAM preserves byte ranges across every seam, holes and ownership
  ---
  duration_ms: 47.013958
  type: 'test'
  ...
# Subtest: Segmented Blob staging is bounded, cancellable and preserves the source
ok 976 - Segmented Blob staging is bounded, cancellable and preserves the source
  ---
  duration_ms: 1.982084
  type: 'test'
  ...
# Subtest: Segmented admission requires an actual storage alternative and rejects invalid ranges
ok 977 - Segmented admission requires an actual storage alternative and rejects invalid ranges
  ---
  duration_ms: 0.233791
  type: 'test'
  ...
# Subtest: Temporary session creation is deferred until admitted RAM no longer fits
ok 978 - Temporary session creation is deferred until admitted RAM no longer fits
  ---
  duration_ms: 0.766583
  type: 'test'
  ...
# Subtest: Recomputable cached pages cannot force a live result out of otherwise admissible RAM
ok 979 - Recomputable cached pages cannot force a live result out of otherwise admissible RAM
  ---
  duration_ms: 0.189875
  type: 'test'
  ...
# Subtest: All 290 native color channels preserve complete rows across segmented seams and row-group boundaries
ok 980 - All 290 native color channels preserve complete rows across segmented seams and row-group boundaries
  ---
  duration_ms: 18868.369958
  type: 'test'
  ...
# Subtest: Eight orientations preserve the oriented vector-prefix and scalar-tail positions
ok 981 - Eight orientations preserve the oriented vector-prefix and scalar-tail positions
  ---
  duration_ms: 12992.716041
  type: 'test'
  ...
# Subtest: Cancellation disposes unpublished output; retry works, and too-small budgets refuse before input reads
ok 982 - Cancellation disposes unpublished output; retry works, and too-small budgets refuse before input reads
  ---
  duration_ms: 9.795625
  type: 'test'
  ...
# Subtest: All53 native maps and159 views preserve segmented halos, black padding, extra grid row/column and cache
ok 983 - All53 native maps and159 views preserve segmented halos, black padding, extra grid row/column and cache
  ---
  duration_ms: 1362.119834
  type: 'test'
  ...
# Subtest: Contrast eight orientations and partial cells preserve native maps and cancellation ownership
ok 984 - Contrast eight orientations and partial cells preserve native maps and cancellation ownership
  ---
  duration_ms: 532.258375
  type: 'test'
  ...
# Subtest: Segmented defects match every native raster, RGB flag, mask, count and CSV across row seams
ok 985 - Segmented defects match every native raster, RGB flag, mask, count and CSV across row seams
  ---
  duration_ms: 23223.263709
  type: 'test'
  ...
# Subtest: Eight EXIF orientations preserve candidate coordinates/BGR order, flags and all three views
ok 986 - Eight EXIF orientations preserve candidate coordinates/BGR order, flags and all three views
  ---
  duration_ms: 12235.854208
  type: 'test'
  ...
# Subtest: whole-axis forward and inverse DFT preserve global scale and conjugate completion
ok 987 - whole-axis forward and inverse DFT preserve global scale and conjugate completion
  ---
  duration_ms: 990.837042
  type: 'test'
  ...
# Subtest: All 900 native Echo views preserve radius halos and global normalization over segmented stores
ok 988 - All 900 native Echo views preserve radius halos and global normalization over segmented stores
  ---
  duration_ms: 21317.152917
  type: 'test'
  ...
# Subtest: Oriented image edges and small row groups retain the native radius1/4/5/15 behavior
ok 989 - Oriented image edges and small row groups retain the native radius1/4/5/15 behavior
  ---
  duration_ms: 4786.039917
  type: 'test'
  ...
# Subtest: Echo cancellation disposes derivative/output stores and admits retry; low memory refuses before reads
ok 990 - Echo cancellation disposes derivative/output stores and admits retry; low memory refuses before reads
  ---
  duration_ms: 256.652916
  type: 'test'
  ...
# Subtest: public segmented ELA publishes owned output and reuses encoded quality across render controls
ok 991 - public segmented ELA publishes owned output and reuses encoded quality across render controls
  ---
  duration_ms: 1062.632083
  type: 'test'
  ...
# Subtest: cancelled segmented ELA keeps only completed JPEG cache and permits an exact retry
ok 992 - cancelled segmented ELA keeps only completed JPEG cache and permits an exact retry
  ---
  duration_ms: 704.6025
  type: 'test'
  ...
# Subtest: zero-phase Ghost and ELA reuse the same completed global RGB JPEG
ok 993 - zero-phase Ghost and ELA reuse the same completed global RGB JPEG
  ---
  duration_ms: 87.088833
  type: 'test'
  ...
# Subtest: segmented ELA biomes preserve native complete pipelines, background and one/64 Ghost phases
ok 994 - segmented ELA biomes preserve native complete pipelines, background and one/64 Ghost phases
  ---
  duration_ms: 162438.224375
  type: 'test'
  ...
# Subtest: reference quality from sparse JPEG tables preserves original-byte estimation and PNG fallback
ok 995 - reference quality from sparse JPEG tables preserves original-byte estimation and PNG fallback
  ---
  duration_ms: 5.745292
  type: 'test'
  ...
# Subtest: segmented ELA matches native controls, odd bands and oriented source pixels
ok 996 - segmented ELA matches native controls, odd bands and oriented source pixels
  ---
  duration_ms: 965.243666
  type: 'test'
  ...
# Subtest: complete segmented energy chain matches all 51 native pipelines
ok 997 - complete segmented energy chain matches all 51 native pipelines
  ---
  duration_ms: 18960.121375
  type: 'test'
  ...
# Subtest: segmented energy caches reuse stages and retained results survive cache eviction and disposal
ok 998 - segmented energy caches reuse stages and retained results survive cache eviction and disposal
  ---
  duration_ms: 1144.09775
  type: 'test'
  ...
# Subtest: segmented energy cancellation preserves completed stages and permits exact retry
ok 999 - segmented energy cancellation preserves completed stages and permits exact retry
  ---
  duration_ms: 514.769375
  type: 'test'
  ...
# Subtest: segmented global frequency views preserve native low/high crop order, masks and display filtering
ok 1000 - segmented global frequency views preserve native low/high crop order, masks and display filtering
  ---
  duration_ms: 4536.289958
  type: 'test'
  ...
# Subtest: frequency cancellation removes every intermediate and completed view without corrupting cached base
ok 1001 - frequency cancellation removes every intermediate and completed view without corrupting cached base
  ---
  duration_ms: 1903.336666
  type: 'test'
  ...
# Subtest: display cache avoids transforms and retained results survive replacement, abort and cache eviction
ok 1002 - display cache avoids transforms and retained results survive replacement, abort and cache eviction
  ---
  duration_ms: 231.066875
  type: 'test'
  ...
# Subtest: segmented Ghost native means, normalized cubes, all phases and palette controls retain exact values
ok 1003 - segmented Ghost native means, normalized cubes, all phases and palette controls retain exact values
  ---
  duration_ms: 44692.410916
  type: 'test'
  ...
# Subtest: every circular phase crosses rows/storage seams exactly and releases window accounting
ok 1004 - every circular phase crosses rows/storage seams exactly and releases window accounting
  ---
  duration_ms: 249.103
  type: 'test'
  ...
# Subtest: All 640 native gradient variants preserve global maxima, normalization and equalization across seven-row strips
ok 1005 - All 640 native gradient variants preserve global maxima, normalization and equalization across seven-row strips
  ---
  duration_ms: 18142.862125
  type: 'test'
  ...
# Subtest: All orientations and one-row halos retain whole-image gradient semantics
ok 1006 - All orientations and one-row halos retain whole-image gradient semantics
  ---
  duration_ms: 2747.205667
  type: 'test'
  ...
# Subtest: Cancellation in every global stage discards partial arrays; source retry and admission refusal are clean
ok 1007 - Cancellation in every global stage discards partial arrays; source retry and admission refusal are clean
  ---
  duration_ms: 413.682334
  type: 'test'
  ...
# Subtest: Segmented histogram preserves native global counts/unique colors/summaries at non-pixel-aligned seams
ok 1008 - Segmented histogram preserves native global counts/unique colors/summaries at non-pixel-aligned seams
  ---
  duration_ms: 1004.240083
  type: 'test'
  ...
# Subtest: All native illuminant methods/transfers/exclusions/cells/views preserve global statistics and compact mode cache
ok 1009 - All native illuminant methods/transfers/exclusions/cells/views preserve global statistics and compact mode cache
  ---
  duration_ms: 13956.15025
  type: 'test'
  ...
# Subtest: Illuminant cache ownership, eight orientations, partial cells and cancellation preserve live sources
ok 1010 - Illuminant cache ownership, eight orientations, partial cells and cancellation preserve live sources
  ---
  duration_ms: 1341.04325
  type: 'test'
  ...
# Subtest: segmented migration preserves sparse holes, seams and ownership without a second RAM image
ok 1011 - segmented migration preserves sparse holes, seams and ownership without a second RAM image
  ---
  duration_ms: 19.932042
  type: 'test'
  ...
# Subtest: failed spill and cancelled promotion preserve the authoritative source and release destination memory
ok 1012 - failed spill and cancelled promotion preserve the authoritative source and release destination memory
  ---
  duration_ms: 2.491125
  type: 'test'
  ...
# Subtest: a shared read lease freezes writes and migration, pins disposal, and is read by another worker without cloning banks
ok 1013 - a shared read lease freezes writes and migration, pins disposal, and is read by another worker without cloning banks
  ---
  duration_ms: 22.441375
  type: 'test'
  ...
# Subtest: shared storage has an ordinary memory fallback and validates bank descriptors
ok 1014 - shared storage has an ordinary memory fallback and validates bank descriptors
  ---
  duration_ms: 0.397875
  type: 'test'
  ...
# Subtest: migration cannot race outstanding temporary I/O and disposal waits before deleting its backing
ok 1015 - migration cannot race outstanding temporary I/O and disposal waits before deleting its backing
  ---
  duration_ms: 0.156416
  type: 'test'
  ...
# Subtest: Segmented magnifier: all 440 native outputs across small storage seams
ok 1016 - Segmented magnifier: all 440 native outputs across small storage seams
  ---
  duration_ms: 1405.592541
  type: 'test'
  ...
# Subtest: All eight source orientations use the selected native-resolution ROI, including clipped bounds
ok 1017 - All eight source orientations use the selected native-resolution ROI, including clipped bounds
  ---
  duration_ms: 249.354417
  type: 'test'
  ...
# Subtest: A huge virtual source reads only the ROI; missing temporary storage is reported before reads
ok 1018 - A huge virtual source reads only the ROI; missing temporary storage is reported before reads
  ---
  duration_ms: 23.111583
  type: 'test'
  ...
# Subtest: ROI input/result caches are bounded, owned and invalidated by source prefix
ok 1019 - ROI input/result caches are bounded, owned and invalidated by source prefix
  ---
  duration_ms: 30.38
  type: 'test'
  ...
# Subtest: Abort at window, kernel or completion publishes no cache and releases all leases; source remains usable
ok 1020 - Abort at window, kernel or completion publishes no cache and releases all leases; source remains usable
  ---
  duration_ms: 88.975125
  type: 'test'
  ...
# Subtest: Segmented median preserves native block features, padding, score border, views and independent grid masks
ok 1021 - Segmented median preserves native block features, padding, score border, views and independent grid masks
  ---
  duration_ms: 4705.430792
  type: 'test'
  ...
# Subtest: Median block reader respects all orientations, batch row crossings and divisible black padding
ok 1022 - Median block reader respects all orientations, batch row crossings and divisible black padding
  ---
  duration_ms: 2289.483083
  type: 'test'
  ...
# Subtest: Median interpolation row cuts keep absolute native coordinates around threshold and image edges
ok 1023 - Median interpolation row cuts keep absolute native coordinates around threshold and image edges
  ---
  duration_ms: 290.764583
  type: 'test'
  ...
# Subtest: Median failure/cancellation frees every unpublished surface; refusal precedes source access
ok 1024 - Median failure/cancellation frees every unpublished surface; refusal precedes source access
  ---
  duration_ms: 530.579709
  type: 'test'
  ...
# Subtest: Segmented extrema match native RGB and both masks across channels, colors, density filters and row groups
ok 1025 - Segmented extrema match native RGB and both masks across channels, colors, density filters and row groups
  ---
  duration_ms: 57365.493333
  type: 'test'
  ...
# Subtest: Oriented density grids preserve global anchoring, small borders and cancellation at each stage
ok 1026 - Oriented density grids preserve global anchoring, small borders and cancellation at each stage
  ---
  duration_ms: 32207.301584
  type: 'test'
  ...
# Subtest: A failed temporary mask write releases every unpublished surface without losing the source
ok 1027 - A failed temporary mask write releases every unpublished surface without losing the source
  ---
  duration_ms: 4.9025
  type: 'test'
  ...
# Subtest: Segmented D2PRL composition preserves every native raw-grid refilter, mask, overlap and exclusion
ok 1028 - Segmented D2PRL composition preserves every native raw-grid refilter, mask, overlap and exclusion
  ---
  duration_ms: 4828.10375
  type: 'test'
  ...
# Subtest: Segmented CMSeg and all qualified MGCF variants preserve native maximum/OR composition and envelope removal
ok 1029 - Segmented CMSeg and all qualified MGCF variants preserve native maximum/OR composition and envelope removal
  ---
  duration_ms: 325.774625
  type: 'test'
  ...
# Subtest: Partial neural composition cancels, rejects invalid modes and protects completed owned stores
ok 1030 - Partial neural composition cancels, rejects invalid modes and protects completed owned stores
  ---
  duration_ms: 32.139083
  type: 'test'
  ...
# Subtest: Segmented bit planes retain all native channels/bits/filters, raw masks and global borders across row groups
ok 1031 - Segmented bit planes retain all native channels/bits/filters, raw masks and global borders across row groups
  ---
  duration_ms: 61913.776833
  type: 'test'
  ...
# Subtest: Mask/display orientation is exact and cancellation releases both unpublished arrays
ok 1032 - Mask/display orientation is exact and cancellation releases both unpublished arrays
  ---
  duration_ms: 685.205041
  type: 'test'
  ...
# Subtest: segmented Wiener residual and global noise mean preserve native binary64
ok 1033 - segmented Wiener residual and global noise mean preserve native binary64
  ---
  duration_ms: 23656.124792
  type: 'test'
  ...
# Subtest: PRNU cancellation removes every global temporary plane at each useful phase
ok 1034 - PRNU cancellation removes every global temporary plane at each useful phase
  ---
  duration_ms: 765.23125
  type: 'test'
  ...
# Subtest: public historical and quality panels use the same global segmented losses under 72 MiB
ok 1035 - public historical and quality panels use the same global segmented losses under 72 MiB
  ---
  duration_ms: 6373.082042
  type: 'test'
  ...
# Subtest: direct cancellation keeps only completed quality values and resumes from them
ok 1036 - direct cancellation keeps only completed quality values and resumes from them
  ---
  duration_ms: 6209.986542
  type: 'test'
  ...
# Subtest: scanline recompression equals the qualified full-frame arithmetic including Q0 and odd dimensions
ok 1037 - scanline recompression equals the qualified full-frame arithmetic including Q0 and odd dimensions
  ---
  duration_ms: 231.913375
  type: 'test'
  ...
# Subtest: completed quality checkpoint survives direct cancellation and budget refusal is explicit
ok 1038 - completed quality checkpoint survives direct cancellation and budget refusal is explicit
  ---
  duration_ms: 8.783208
  type: 'test'
  ...
# Subtest: all eight oriented surfaces preserve full-frame JPEG arithmetic
ok 1039 - all eight oriented surfaces preserve full-frame JPEG arithmetic
  ---
  duration_ms: 251.377791
  type: 'test'
  ...
# Subtest: segmented Fourier retains native original grayscale, ROI, windows and all presentations
ok 1040 - segmented Fourier retains native original grayscale, ROI, windows and all presentations
  ---
  duration_ms: 1887.421792
  type: 'test'
  ...
# Subtest: resampling view-only cache, independent table leases and cancelled strip cleanup
ok 1041 - resampling view-only cache, independent table leases and cancelled strip cleanup
  ---
  duration_ms: 269.741458
  type: 'test'
  ...
# Subtest: Segmented channel ranks preserve all six native variants across arbitrary storage seams
ok 1042 - Segmented channel ranks preserve all six native variants across arbitrary storage seams
  ---
  duration_ms: 25239.927375
  type: 'test'
  ...
# Subtest: Result windows retain exact orientation and owned lifetime; cancellation never publishes partial output
ok 1043 - Result windows retain exact orientation and owned lifetime; cancellation never publishes partial output
  ---
  duration_ms: 195.85775
  type: 'test'
  ...
# Subtest: Paired result ownership releases the output before either source storage closes
ok 1044 - Paired result ownership releases the output before either source storage closes
  ---
  duration_ms: 0.389709
  type: 'test'
  ...
# Subtest: All1680 native separation outputs retain five filters, residuals, global equalization and LUTs
ok 1045 - All1680 native separation outputs retain five filters, residuals, global equalization and LUTs
  ---
  duration_ms: 15951.581125
  type: 'test'
  ...
# Subtest: Separation supports oriented row widths, minimal halos, cancellation at filter/equalization and retry
ok 1046 - Separation supports oriented row widths, minimal halos, cancellation at filter/equalization and retry
  ---
  duration_ms: 4098.785125
  type: 'test'
  ...
# Subtest: segmented ZERO renders all five native views and exports native scientific arrays without full matrices
ok 1047 - segmented ZERO renders all five native views and exports native scientific arrays without full matrices
  ---
  duration_ms: 1001.765209
  type: 'test'
  ...
# Subtest: NPZ limit and cancellation keep live ZERO analysis reusable
ok 1048 - NPZ limit and cancellation keep live ZERO analysis reusable
  ---
  duration_ms: 15.458459
  type: 'test'
  ...
# Subtest: segmented ZERO honors the original-order reference CPU override
ok 1049 - segmented ZERO honors the original-order reference CPU override
  ---
  duration_ms: 2729.379542
  type: 'test'
  ...
# Subtest: All five native denoisers keep exact full-width halos and native row tails
ok 1050 - All five native denoisers keep exact full-width halos and native row tails
  ---
  duration_ms: 3653.083167
  type: 'test'
  ...
# Subtest: All five cached filters preserve gray/color, denoised/residual and global display; levels do not refilter
ok 1051 - All five cached filters preserve gray/color, denoised/residual and global display; levels do not refilter
  ---
  duration_ms: 1633.559542
  type: 'test'
  ...
# Subtest: Cache cancellation restores only complete private bases; pressure can evict cache without changing owned outputs
ok 1052 - Cache cancellation restores only complete private bases; pressure can evict cache without changing owned outputs
  ---
  duration_ms: 17.015041
  type: 'test'
  ...
# Subtest: RAM-only admission does not let optional cache force unavailable temporary output
ok 1053 - RAM-only admission does not let optional cache force unavailable temporary output
  ---
  duration_ms: 25.875625
  type: 'test'
  ...
# Subtest: Separation admits only useful workers and owned windows; all filters and global histograms remain exact
ok 1054 - Separation admits only useful workers and owned windows; all filters and global histograms remain exact
  ---
  duration_ms: 508.235625
  type: 'test'
  ...
# Subtest: Separation retries only resource failures once and cancels before releasing windows/stores
ok 1055 - Separation retries only resource failures once and cancels before releasing windows/stores
  ---
  duration_ms: 169.164958
  type: 'test'
  ...
# Subtest: retired SAB references disappear while publication envelopes and live clients remain owned
ok 1056 - retired SAB references disappear while publication envelopes and live clients remain owned
  ---
  duration_ms: 118.665666
  type: 'test'
  ...
# Subtest: a cancelled retirement keeps backing until pending reads ACK and excludes newly connected readers
ok 1057 - a cancelled retirement keeps backing until pending reads ACK and excludes newly connected readers
  ---
  duration_ms: 37.013709
  type: 'test'
  ...
# Subtest: a useful ArrayBuffer retry drains the actual optional L2 before unrelated idle Wasm credits
ok 1058 - a useful ArrayBuffer retry drains the actual optional L2 before unrelated idle Wasm credits
  ---
  duration_ms: 6.864875
  type: 'test'
  ...
# Subtest: disposing a relay waits for an already active child retirement before releasing its parent ACK
ok 1059 - disposing a relay waits for an already active child retirement before releasing its parent ACK
  ---
  duration_ms: 33.2
  type: 'test'
  ...
# Subtest: an owner retirement arriving during relay disposal also waits for the earlier child read
ok 1060 - an owner retirement arriving during relay disposal also waits for the earlier child read
  ---
  duration_ms: 32.563084
  type: 'test'
  ...
# Subtest: dormant cache transport allocates no data banks until an actual paged input activates it
ok 1061 - dormant cache transport allocates no data banks until an actual paged input activates it
  ---
  duration_ms: 1.391292
  type: 'test'
  ...
# Subtest: SIFT point append rolls back every published row after failed new page
ok 1062 - SIFT point append rolls back every published row after failed new page
  ---
  duration_ms: 2.059667
  type: 'test'
  ...
# Subtest: SIFT checkpoint stages preserve committed peers across explicit resumption
ok 1063 - SIFT checkpoint stages preserve committed peers across explicit resumption
  ---
  duration_ms: 0.428416
  type: 'test'
  ...
# Subtest: useful slow preparation widens look-ahead while fast preparation remains bounded
ok 1064 - useful slow preparation widens look-ahead while fast preparation remains bounded
  ---
  duration_ms: 0.255875
  type: 'test'
  ...
# Subtest: terminal publication failure retains the computed tile and its reservation until resume
ok 1065 - terminal publication failure retains the computed tile and its reservation until resume
  ---
  duration_ms: 267.923709
  type: 'test'
  ...
# {"layers":3,"w":600,"h":440,"seeds":100,"rounds":5,"escapes":4,"newtonSteps":5,"legacyPyramids":96,"canonicalPyramids":9,"radius":{"gaussian":42,"orientation":18,"total":60,"halo":128},"rankedPoints":40,"g2nnPairs":35,"exact":true}
# Subtest: canonical SIFT continuation batches preserve native seeds and float bits, layers 3 shape 600x440
ok 1066 - canonical SIFT continuation batches preserve native seeds and float bits, layers 3 shape 600x440
  ---
  duration_ms: 5820.3675
  type: 'test'
  ...
# {"layers":4,"w":600,"h":440,"seeds":112,"rounds":3,"escapes":5,"newtonSteps":5,"legacyPyramids":99,"canonicalPyramids":8,"radius":{"gaussian":40,"orientation":17,"total":57,"halo":128},"rankedPoints":41,"g2nnPairs":32,"exact":true}
# Subtest: canonical SIFT continuation batches preserve native seeds and float bits, layers 4 shape 600x440
ok 1067 - canonical SIFT continuation batches preserve native seeds and float bits, layers 4 shape 600x440
  ---
  duration_ms: 4982.256
  type: 'test'
  ...
# {"layers":3,"w":603,"h":439,"seeds":100,"rounds":5,"escapes":7,"newtonSteps":5,"legacyPyramids":99,"canonicalPyramids":10,"radius":{"gaussian":42,"orientation":18,"total":60,"halo":128},"rankedPoints":46,"g2nnPairs":36,"exact":true}
# Subtest: canonical SIFT continuation batches preserve native seeds and float bits, layers 3 shape 603x439
ok 1068 - canonical SIFT continuation batches preserve native seeds and float bits, layers 3 shape 603x439
  ---
  duration_ms: 5218.244375
  type: 'test'
  ...
# {"layers":4,"w":517,"h":515,"seeds":112,"rounds":3,"escapes":5,"newtonSteps":5,"legacyPyramids":98,"canonicalPyramids":6,"radius":{"gaussian":40,"orientation":17,"total":57,"halo":128},"rankedPoints":48,"g2nnPairs":39,"exact":true}
# Subtest: canonical SIFT continuation batches preserve native seeds and float bits, layers 4 shape 517x515
ok 1069 - canonical SIFT continuation batches preserve native seeds and float bits, layers 4 shape 517x515
  ---
  duration_ms: 4812.625333
  type: 'test'
  ...
# Subtest: canonical continuations group exact windows without dropping seed identity or layers
ok 1070 - canonical continuations group exact windows without dropping seed identity or layers
  ---
  duration_ms: 1.581583
  type: 'test'
  ...
# Subtest: native batch publication retains unordered peers and resumes without recomputation or duplicate seeds
ok 1071 - native batch publication retains unordered peers and resumes without recomputation or duplicate seeds
  ---
  duration_ms: 265.058792
  type: 'test'
  ...
# Subtest: discarding a checkpoint releases completed batches waiting for an earlier seed
ok 1072 - discarding a checkpoint releases completed batches waiting for an earlier seed
  ---
  duration_ms: 0.22275
  type: 'test'
  ...
# Subtest: G2NN native oracle: global
ok 1073 - G2NN native oracle: global
  ---
  duration_ms: 16.828875
  type: 'test'
  ...
# Subtest: G2NN native oracle: spatial-before-neighbours
ok 1074 - G2NN native oracle: spatial-before-neighbours
  ---
  duration_ms: 2.778917
  type: 'test'
  ...
# Subtest: G2NN native oracle: overlapping-contexts
ok 1075 - G2NN native oracle: overlapping-contexts
  ---
  duration_ms: 2.63025
  type: 'test'
  ...
# Subtest: G2NN native oracle: compare-gap
ok 1076 - G2NN native oracle: compare-gap
  ---
  duration_ms: 4.509417
  type: 'test'
  ...
# Subtest: G2NN native oracle: reflection-cross-frame
ok 1077 - G2NN native oracle: reflection-cross-frame
  ---
  duration_ms: 5.033875
  type: 'test'
  ...
# Subtest: G2NN native oracle: compact-coordinates
ok 1078 - G2NN native oracle: compact-coordinates
  ---
  duration_ms: 2.019333
  type: 'test'
  ...
# Subtest: G2NN native oracle: stable-ties
ok 1079 - G2NN native oracle: stable-ties
  ---
  duration_ms: 1.391417
  type: 'test'
  ...
# Subtest: G2NN native oracle: empty
ok 1080 - G2NN native oracle: empty
  ---
  duration_ms: 3.852541
  type: 'test'
  ...
# Subtest: G2NN native oracle: one-neighbour
ok 1081 - G2NN native oracle: one-neighbour
  ---
  duration_ms: 1.838208
  type: 'test'
  ...
# Subtest: G2NN native oracle: native-sift-texture
ok 1082 - G2NN native oracle: native-sift-texture
  ---
  duration_ms: 5.897833
  type: 'test'
  ...
# Subtest: G2NN cancellation, shared admission, invalid representation and pair budget
ok 1083 - G2NN cancellation, shared admission, invalid representation and pair budget
  ---
  duration_ms: 3.980417
  type: 'test'
  ...
# Subtest: reflection remaps real extracted points without mutating their frame
ok 1084 - reflection remaps real extracted points without mutating their frame
  ---
  duration_ms: 0.484834
  type: 'test'
  ...
# Subtest: SIFT independent ROIs keep crop, scale, exclusion and budget semantics
ok 1085 - SIFT independent ROIs keep crop, scale, exclusion and budget semantics
  ---
  duration_ms: 1.741333
  type: 'test'
  ...
# Subtest: SIFT reflected frame crops pixels and maps feature provenance back
ok 1086 - SIFT reflected frame crops pixels and maps feature provenance back
  ---
  duration_ms: 0.293167
  type: 'test'
  ...
# Subtest: SIFT centre uniqueness and response priority match NumPy float32 rounding
ok 1087 - SIFT centre uniqueness and response priority match NumPy float32 rounding
  ---
  duration_ms: 5.933125
  type: 'test'
  ...
# Subtest: native packed float64 centres and ROI additions retain double precision
ok 1088 - native packed float64 centres and ROI additions retain double precision
  ---
  duration_ms: 3.742541
  type: 'test'
  ...
# Subtest: SIFT retries the whole admitted peak after returning input, waiting for actual peer credit
ok 1089 - SIFT retries the whole admitted peak after returning input, waiting for actual peer credit
  ---
  duration_ms: 11.583458
  type: 'test'
  ...
# Subtest: SIFT cleanup tracks retained heap and extra buffers but excludes published split owners
ok 1090 - SIFT cleanup tracks retained heap and extra buffers but excludes published split owners
  ---
  duration_ms: 0.565875
  type: 'test'
  ...
# Subtest: SIFT virtual slots do not finance ten idle heaps while GPU is busy
ok 1091 - SIFT virtual slots do not finance ten idle heaps while GPU is busy
  ---
  duration_ms: 1.221334
  type: 'test'
  ...
# Subtest: SIFT phases return CPU during GPU and retain only their actual backing ownership
ok 1092 - SIFT phases return CPU during GPU and retain only their actual backing ownership
  ---
  duration_ms: 4.641125
  type: 'test'
  ...
# Subtest: SIFT mapped pyramid retries mapping without redispatch and copies into renewed Wasm view
ok 1093 - SIFT mapped pyramid retries mapping without redispatch and copies into renewed Wasm view
  ---
  duration_ms: 2.297084
  type: 'test'
  ...
# Subtest: Blob API preserves the existing full-memory path and returns exact owned windows with stale-handle rejection
ok 1094 - Blob API preserves the existing full-memory path and returns exact owned windows with stale-handle rejection
  ---
  duration_ms: 38.236375
  type: 'test'
  ...
# Subtest: A RAM-admitted segmented JPEG keeps all pixels and global histogram while validating each adapter parameters
ok 1095 - A RAM-admitted segmented JPEG keeps all pixels and global histogram while validating each adapter parameters
  ---
  duration_ms: 147.985083
  type: 'test'
  ...
# Subtest: Only recognized full-memory allocation failure tries the exact row path once
ok 1096 - Only recognized full-memory allocation failure tries the exact row path once
  ---
  duration_ms: 50.78
  type: 'test'
  ...
# Subtest: Segmented result surfaces stay owned until release and are invalidated with their source
ok 1097 - Segmented result surfaces stay owned until release and are invalidated with their source
  ---
  duration_ms: 103.622041
  type: 'test'
  ...
# Subtest: Bit-plane mask handles preserve raw evidence separately from the filtered display
ok 1098 - Bit-plane mask handles preserve raw evidence separately from the filtered display
  ---
  duration_ms: 149.515417
  type: 'test'
  ...
# Subtest: Segmented extrema publish two independently owned masks and preserve all live evidence
ok 1099 - Segmented extrema publish two independently owned masks and preserve all live evidence
  ---
  duration_ms: 254.262833
  type: 'test'
  ...
# Subtest: Segmented defect evidence exposes owned typed flags, paged rows and CSV with strict lifetime
ok 1100 - Segmented defect evidence exposes owned typed flags, paged rows and CSV with strict lifetime
  ---
  duration_ms: 176.041542
  type: 'test'
  ...
# Subtest: Original Blob hashing/hex windows preserve ten independent digests, seams, EOF and cancellation
ok 1101 - Original Blob hashing/hex windows preserve ten independent digests, seams, EOF and cancellation
  ---
  duration_ms: 228.673667
  type: 'test'
  ...
# Subtest: Public segmented byte operations allow explicit visual-hash opt-out, cache immutable data and retain source bytes
ok 1102 - Public segmented byte operations allow explicit visual-hash opt-out, cache immutable data and retain source bytes
  ---
  duration_ms: 128.114208
  type: 'test'
  ...
# Subtest: native filename naming hints preserve regex boundaries and Unicode folding
ok 1103 - native filename naming hints preserve regex boundaries and Unicode folding
  ---
  duration_ms: 4.030833
  type: 'test'
  ...
# Subtest: bytes and File input retain supplied metadata separately from signature evidence
ok 1104 - bytes and File input retain supplied metadata separately from signature evidence
  ---
  duration_ms: 56.385917
  type: 'test'
  ...
# Subtest: small streamed chunks identify signatures without pixels; unknown stat remains absent
ok 1105 - small streamed chunks identify signatures without pixels; unknown stat remains absent
  ---
  duration_ms: 1.167875
  type: 'test'
  ...
# Subtest: Immutable Blob original: bounded progressive SHA256, cancellation, ownership and byte ranges
ok 1106 - Immutable Blob original: bounded progressive SHA256, cancellation, ownership and byte ranges
  ---
  duration_ms: 125.37125
  type: 'test'
  ...
# Subtest: Full-resolution window reads preserve all eight EXIF transforms, segmented seams and owned results
ok 1107 - Full-resolution window reads preserve all eight EXIF transforms, segmented seams and owned results
  ---
  duration_ms: 41.650625
  type: 'test'
  ...
# Subtest: Window scratch admission failure releases its output reservation without shrinking the request
ok 1108 - Window scratch admission failure releases its output reservation without shrinking the request
  ---
  duration_ms: 0.618791
  type: 'test'
  ...
# Subtest: computed stage keeps exactly its existing reservation, then becomes cache without a copied buffer
ok 1109 - computed stage keeps exactly its existing reservation, then becomes cache without a copied buffer
  ---
  duration_ms: 1.133333
  type: 'test'
  ...
# Subtest: cache hits are pinned once while in use and eviction cannot unaccount borrowed values
ok 1110 - cache hits are pinned once while in use and eviction cannot unaccount borrowed values
  ---
  duration_ms: 1.203084
  type: 'test'
  ...
# Subtest: cancellation keeps only completed admitted stages, disposal drops all cache references
ok 1111 - cancellation keeps only completed admitted stages, disposal drops all cache references
  ---
  duration_ms: 0.316625
  type: 'test'
  ...
# Subtest: real sparse grouping/matching preserves results across cache borrow, eviction and caller mutation
ok 1112 - real sparse grouping/matching preserves results across cache borrow, eviction and caller mutation
  ---
  duration_ms: 11.564291
  type: 'test'
  ...
# Subtest: stage cache moves backing ownership through pinning and retires only on real eviction
ok 1113 - stage cache moves backing ownership through pinning and retires only on real eviction
  ---
  duration_ms: 0.564583
  type: 'test'
  ...
# { searches: 27, flows: 25, peak: 87490560 }
# Subtest: bounded half-height search and streamed gray-pair Farneback preserve native output
ok 1114 - bounded half-height search and streamed gray-pair Farneback preserve native output
  ---
  duration_ms: 6773.370083
  type: 'test'
  ...
# { nativeViews: 100, searches: 28 }
# Subtest: segmented stereo preserves all searches, four views, raw flow and absence
ok 1115 - segmented stereo preserves all searches, four views, raw flow and absence
  ---
  duration_ms: 13054.633958
  type: 'test'
  ...
# Subtest: stereo cancellation cleans incomplete work and old published views survive cache release
ok 1116 - stereo cancellation cleans incomplete work and old published views survive cache release
  ---
  duration_ms: 257.799708
  type: 'test'
  ...
# Subtest: Stereo arithmetic shortcuts match software FMA on signed random bits, halfway traps and IEEE boundary cases
ok 1117 - Stereo arithmetic shortcuts match software FMA on signed random bits, halfway traps and IEEE boundary cases
  ---
  duration_ms: 232.908459
  type: 'test'
  ...
# Subtest: Stereogram native periodicity, lazy flow, all views and absent-period outcomes are exact
ok 1118 - Stereogram native periodicity, lazy flow, all views and absent-period outcomes are exact
  ---
  duration_ms: 7534.503042
  type: 'test'
  ...
# Subtest: Stereo original arithmetic remains selectable independently of the optimized engine
ok 1119 - Stereo original arithmetic remains selectable independently of the optimized engine
  ---
  duration_ms: 51.589791
  type: 'test'
  ...
# Subtest: concurrent source-window leases are admitted outside worker reservations
ok 1120 - concurrent source-window leases are admitted outside worker reservations
  ---
  duration_ms: 9.072417
  type: 'test'
  ...
# Subtest: bounded rows and windows preserve native OCR support and exact PGM grayscale bytes
ok 1121 - bounded rows and windows preserve native OCR support and exact PGM grayscale bytes
  ---
  duration_ms: 9.07575
  type: 'test'
  ...
# Subtest: invalid windows, visitor failures and cancellation release every borrowed source strip
ok 1122 - invalid windows, visitor failures and cancellation release every borrowed source strip
  ---
  duration_ms: 0.622167
  type: 'test'
  ...
# Subtest: Tesseract TSV rules, flat support and trimming equal native
ok 1123 - Tesseract TSV rules, flat support and trimming equal native
  ---
  duration_ms: 8.787125
  type: 'test'
  ...
# Subtest: OCR tiled coverage retains full resolution and exact right/bottom edge
ok 1124 - OCR tiled coverage retains full resolution and exact right/bottom edge
  ---
  duration_ms: 0.272042
  type: 'test'
  ...
# Subtest: OCR duplicates use inclusive smaller-area overlap, confidence then coordinate order
ok 1125 - OCR duplicates use inclusive smaller-area overlap, confidence then coordinate order
  ---
  duration_ms: 0.253583
  type: 'test'
  ...
# Subtest: OCR filters honor shared admission and cancellation
ok 1126 - OCR filters honor shared admission and cancellation
  ---
  duration_ms: 0.54875
  type: 'test'
  ...
# Subtest: native Lanczos4 thumbnail resize and segmented difference match ten independent native cases
ok 1127 - native Lanczos4 thumbnail resize and segmented difference match ten independent native cases
  ---
  duration_ms: 522.113708
  type: 'test'
  ...
# Subtest: thumbnail cancellation, consumer failure and admission remove every unpublished store
ok 1128 - thumbnail cancellation, consumer failure and admission remove every unpublished store
  ---
  duration_ms: 42.279083
  type: 'test'
  ...
# Subtest: Classic TIFF extended native RGB corpus with precise retained refusals
ok 1129 - Classic TIFF extended native RGB corpus with precise retained refusals
  ---
  duration_ms: 570.576375
  type: 'test'
  ...
# Subtest: Mapped TIFF grayscale used by analysis reserves its decoder before starting
ok 1130 - Mapped TIFF grayscale used by analysis reserves its decoder before starting
  ---
  duration_ms: 53.331916
  type: 'test'
  ...
# Subtest: classic and BigTIFF late IFDs skip strip/ICC bytes in either byte order
ok 1131 - classic and BigTIFF late IFDs skip strip/ICC bytes in either byte order
  ---
  duration_ms: 71.525208
  type: 'test'
  ...
# Subtest: all TIFF/BigTIFF corpus structural values and original offsets agree with contiguous parsing
ok 1132 - all TIFF/BigTIFF corpus structural values and original offsets agree with contiguous parsing
  ---
  duration_ms: 232.850083
  type: 'test'
  ...
# Subtest: unsafe BigTIFF fields, truncated IFDs, cycles and cancellation fail without retained reservations
ok 1133 - unsafe BigTIFF fields, truncated IFDs, cycles and cancellation fail without retained reservations
  ---
  duration_ms: 20.686042
  type: 'test'
  ...
# Subtest: sparse TIFF follows GPS/thumbnail directories and matches first duplicate-pointer semantics
ok 1134 - sparse TIFF follows GPS/thumbnail directories and matches first duplicate-pointer semantics
  ---
  duration_ms: 15.898667
  type: 'test'
  ...
# Subtest: metadata admission refuses large directory trees before staging and remains reusable
ok 1135 - metadata admission refuses large directory trees before staging and remains reusable
  ---
  duration_ms: 332.435041
  type: 'test'
  ...
# Subtest: BigTIFF sparse addressing preserves an IFD offset beyond uint32 without allocating a full source
ok 1136 - BigTIFF sparse addressing preserves an IFD offset beyond uint32 without allocating a full source
  ---
  duration_ms: 3.336292
  type: 'test'
  ...
# Subtest: 22MP TIFF strips and BigTIFF tiles preserve native RGB/hash and never stage whole encoded Blob
ok 1137 - 22MP TIFF strips and BigTIFF tiles preserve native RGB/hash and never stage whole encoded Blob
  ---
  duration_ms: 9183.785166
  type: 'test'
  ...
# Subtest: cancelled block load discards unpublished pixels and permits reload
ok 1138 - cancelled block load discards unpublished pixels and permits reload
  ---
  duration_ms: 2210.366917
  type: 'test'
  ...
# Subtest: bounded libtiff strips/tiles preserve the classic and BigTIFF native RGB corpus
ok 1139 - bounded libtiff strips/tiles preserve the classic and BigTIFF native RGB corpus
  ---
  duration_ms: 880.611334
  type: 'test'
  ...
# Subtest: truncated tile refusal, async read cancellation and oversized block admission stay explicit
ok 1140 - truncated tile refusal, async read cancellation and oversized block admission stay explicit
  ---
  duration_ms: 17.274208
  type: 'test'
  ...
# Subtest: TNT rejects a modified architecture and rolls back a refused heap before parameter fetch
ok 1141 - TNT rejects a modified architecture and rolls back a refused heap before parameter fetch
  ---
  duration_ms: 5.509166
  type: 'test'
  ...
# Subtest: TNT parameter transport, wrong verified-byte type and cancellation preserve retry and free admission
ok 1142 - TNT parameter transport, wrong verified-byte type and cancellation preserve retry and free admission
  ---
  duration_ms: 13.433209
  type: 'test'
  ...
# Subtest: TNT refuses its fixed staging reservation without retaining a partial result
ok 1143 - TNT refuses its fixed staging reservation without retaining a partial result
  ---
  duration_ms: 4.678458
  type: 'test'
  ...
# Subtest: TNT linear pool drops admitted worker heaps after initialization failure and can be disposed
ok 1144 - TNT linear pool drops admitted worker heaps after initialization failure and can be disposed
  ---
  duration_ms: 1.266583
  type: 'test'
  ...
# Subtest: TNT patch unfolding, padded stride4 convolution and layout are native exact
ok 1145 - TNT patch unfolding, padded stride4 convolution and layout are native exact
  ---
  duration_ms: 106.837208
  type: 'test'
  ...
# Subtest: TNT native linear channels remain exact across partition boundaries
ok 1146 - TNT native linear channels remain exact across partition boundaries
  ---
  duration_ms: 1578.10225
  type: 'test'
  ...
# Subtest: TNT Welford norms and attention outputs match independent native fixtures
ok 1147 - TNT Welford norms and attention outputs match independent native fixtures
  ---
  duration_ms: 330.166208
  type: 'test'
  ...
# Subtest: TNT GELU retains declared finite error and sign of zero; never advertised as bit-exact
ok 1148 - TNT GELU retains declared finite error and sign of zero; never advertised as bit-exact
  ---
  duration_ms: 8.734458
  type: 'test'
  ...
# {"maxAbs":1.1920928955078125e-7,"different":8,"elements":16384}
# Subtest: split-value admission bounds padded scores and banks at 96MP geometry
ok 1149 - split-value admission bounds padded scores and banks at 96MP geometry
  ---
  duration_ms: 0.826083
  type: 'test'
  ...
# Subtest: original assets, CPU fallback and small key banks retain original query graph
ok 1150 - original assets, CPU fallback and small key banks retain original query graph
  ---
  duration_ms: 0.172
  type: 'test'
  ...
# Subtest: Native TruFor renderer: random
ok 1151 - Native TruFor renderer: random
  ---
  duration_ms: 5.990208
  type: 'test'
  ...
# Subtest: Native TruFor renderer: constant
ok 1152 - Native TruFor renderer: constant
  ---
  duration_ms: 3.168292
  type: 'test'
  ...
# Subtest: Native TruFor renderer: bins
ok 1153 - Native TruFor renderer: bins
  ---
  duration_ms: 6.608917
  type: 'test'
  ...
# Subtest: global radix quantiles exactly match native float32 interpolation including signed values
ok 1154 - global radix quantiles exactly match native float32 interpolation including signed values
  ---
  duration_ms: 136.531291
  type: 'test'
  ...
# Subtest: all segmented TruFor views match full rendering at arbitrary source coordinates
ok 1155 - all segmented TruFor views match full rendering at arbitrary source coordinates
  ---
  duration_ms: 18.990458
  type: 'test'
  ...
# Subtest: image pooling preserves one global weight normalizer under extreme confidences
ok 1156 - image pooling preserves one global weight normalizer under extreme confidences
  ---
  duration_ms: 0.342541
  type: 'test'
  ...
# Subtest: qualification reader checks complete ZIP32 and ZIP64 scientific arrays
ok 1157 - qualification reader checks complete ZIP32 and ZIP64 scientific arrays
  ---
  duration_ms: 19.529958
  type: 'test'
  ...
# Subtest: reader rejects a damaged scientific payload and streams the original bytes in order
ok 1158 - reader rejects a damaged scientific payload and streams the original bytes in order
  ---
  duration_ms: 7.6035
  type: 'test'
  ...
# Subtest: VIG rejects a modified architecture and rolls back a refused heap before parameter fetch
ok 1159 - VIG rejects a modified architecture and rolls back a refused heap before parameter fetch
  ---
  duration_ms: 6.526583
  type: 'test'
  ...
# Subtest: VIG parameter transport, wrong verified-byte type and cancellation preserve retry and free admission
ok 1160 - VIG parameter transport, wrong verified-byte type and cancellation preserve retry and free admission
  ---
  duration_ms: 14.299625
  type: 'test'
  ...
# Subtest: VIG refuses its fixed staging reservation without retaining a partial result
ok 1161 - VIG refuses its fixed staging reservation without retaining a partial result
  ---
  duration_ms: 5.710916
  type: 'test'
  ...
# Subtest: VIG linear pool drops admitted worker heaps after initialization failure and can be disposed
ok 1162 - VIG linear pool drops admitted worker heaps after initialization failure and can be disposed
  ---
  duration_ms: 1.302125
  type: 'test'
  ...
# Subtest: VIG exp and GELU reproduce independent native arithmetic, including signed zero
ok 1163 - VIG exp and GELU reproduce independent native arithmetic, including signed zero
  ---
  duration_ms: 99.942375
  type: 'test'
  ...
# Subtest: VIG stem, grouped convolution and FFN preserve arithmetic through irregular job boundaries
ok 1164 - VIG stem, grouped convolution and FFN preserve arithmetic through irregular job boundaries
  ---
  duration_ms: 1209.366958
  type: 'test'
  ...
# Subtest: VIG distances, tied TopK, dilation and max-relative packing are native exact
ok 1165 - VIG distances, tied TopK, dilation and max-relative packing are native exact
  ---
  duration_ms: 217.472333
  type: 'test'
  ...
# Subtest: bounded WebAssembly keeps instructions while enforcing admitted pages
ok 1166 - bounded WebAssembly keeps instructions while enforcing admitted pages
  ---
  duration_ms: 6.295416
  type: 'test'
  ...
# Subtest: invalid memory layouts and insufficient admission are explicit
ok 1167 - invalid memory layouts and insufficient admission are explicit
  ---
  duration_ms: 0.364125
  type: 'test'
  ...
# Subtest: Wasm tensor leases keep stable views across new banks and owner disposal
ok 1168 - Wasm tensor leases keep stable views across new banks and owner disposal
  ---
  duration_ms: 121.259333
  type: 'test'
  ...
# Subtest: released ranges coalesce and reused tensors preserve new-array zero semantics
ok 1169 - released ranges coalesce and reused tensors preserve new-array zero semantics
  ---
  duration_ms: 2.162833
  type: 'test'
  ...
# Subtest: retirement excludes live tensors and reports only the Wasm domain
ok 1170 - retirement excludes live tensors and reports only the Wasm domain
  ---
  duration_ms: 5.37575
  type: 'test'
  ...
# Subtest: allocation refusal and cancellation publish no bank and return reservations
ok 1171 - allocation refusal and cancellation publish no bank and return reservations
  ---
  duration_ms: 3.212875
  type: 'test'
  ...
# Subtest: zero:false reuses a dirty range and full output publication overwrites every sentinel
ok 1172 - zero:false reuses a dirty range and full output publication overwrites every sentinel
  ---
  duration_ms: 0.929792
  type: 'test'
  ...
# Subtest: one bank is counted once and remains pinned until its final slice is returned
ok 1173 - one bank is counted once and remains pinned until its final slice is returned
  ---
  duration_ms: 0.463542
  type: 'test'
  ...
# Subtest: refused standalone helper admission registers no orphaned arena reclaimer
ok 1174 - refused standalone helper admission registers no orphaned arena reclaimer
  ---
  duration_ms: 5.376084
  type: 'test'
  ...
# Subtest: policy refusal can resume into a returned range without a new bank or returned global credit
ok 1175 - policy refusal can resume into a returned range without a new bank or returned global credit
  ---
  duration_ms: 6.30875
  type: 'test'
  ...
# Subtest: an allocator refusal inside admission keeps its original reclaimer domain and extent
ok 1176 - an allocator refusal inside admission keeps its original reclaimer domain and extent
  ---
  duration_ms: 0.332666
  type: 'test'
  ...
# Subtest: complete-axis strips preserve all 59 native wavelets and all threshold modes
ok 1177 - complete-axis strips preserve all 59 native wavelets and all threshold modes
  ---
  duration_ms: 42027.083041
  type: 'test'
  ...
# Subtest: odd reconstruction cropping, zero threshold and cancellation clean temporary planes
ok 1178 - odd reconstruction cropping, zero threshold and cancellation clean temporary planes
  ---
  duration_ms: 438.397083
  type: 'test'
  ...
# Subtest: sibling failure settles delayed strip reads before releasing shared admission
ok 1179 - sibling failure settles delayed strip reads before releasing shared admission
  ---
  duration_ms: 18.503541
  type: 'test'
  ...
# Subtest: abort terminates busy strip workers and releases workspace
ok 1180 - abort terminates busy strip workers and releases workspace
  ---
  duration_ms: 0.848209
  type: 'test'
  ...
# Subtest: a tight-memory local strip gains worker lanes when a peer returns memory mid-stage
ok 1181 - a tight-memory local strip gains worker lanes when a peer returns memory mid-stage
  ---
  duration_ms: 4.844292
  type: 'test'
  ...
# Subtest: more free RAM does not bypass a ceiling learned from an actual worker failure
ok 1182 - more free RAM does not bypass a ceiling learned from an actual worker failure
  ---
  duration_ms: 7.841917
  type: 'test'
  ...
# Subtest: slower completed useful strips still reduce the learned worker ceiling
ok 1183 - slower completed useful strips still reduce the learned worker ceiling
  ---
  duration_ms: 4.587167
  type: 'test'
  ...
# Subtest: 59 wavelets and five thresholds preserve native reconstruction; threshold views reuse immutable coefficients
ok 1184 - 59 wavelets and five thresholds preserve native reconstruction; threshold views reuse immutable coefficients
  ---
  duration_ms: 10989.592542
  type: 'test'
  ...
# Subtest: public worker preserves allocation and recovery diagnostics without destroying the session
ok 1185 - public worker preserves allocation and recovery diagnostics without destroying the session
  ---
  duration_ms: 4.632208
  type: 'test'
  ...
# Subtest: capabilities stays readable during a live public operation; unreadable responses settle pending work
ok 1186 - capabilities stays readable during a live public operation; unreadable responses settle pending work
  ---
  duration_ms: 3.219541
  type: 'test'
  ...
# Subtest: public null preserves the cooperative storage-close acknowledgement
ok 1187 - public null preserves the cooperative storage-close acknowledgement
  ---
  duration_ms: 3.448667
  type: 'test'
  ...
# Subtest: public messageerror preserves the cooperative storage-close acknowledgement
ok 1188 - public messageerror preserves the cooperative storage-close acknowledgement
  ---
  duration_ms: 0.634417
  type: 'test'
  ...
# Subtest: null fails one pending RPC, releases its CPU lease, and poisons only that endpoint
ok 1189 - null fails one pending RPC, releases its CPU lease, and poisons only that endpoint
  ---
  duration_ms: 6.512417
  type: 'test'
  ...
# Subtest: messageerror fails one pending RPC, releases its CPU lease, and poisons only that endpoint
ok 1190 - messageerror fails one pending RPC, releases its CPU lease, and poisons only that endpoint
  ---
  duration_ms: 1.3015
  type: 'test'
  ...
# Subtest: unexpected asynchronous handler rejection is delivered instead of orphaning its caller
ok 1191 - unexpected asynchronous handler rejection is delivered instead of orphaning its caller
  ---
  duration_ms: 1.265792
  type: 'test'
  ...
# Subtest: opaque transport retry preserves its cause, skips all memory reclaim and stops at five refusals
ok 1192 - opaque transport retry preserves its cause, skips all memory reclaim and stops at five refusals
  ---
  duration_ms: 9.908917
  type: 'test'
  ...
# Subtest: unrelated policy-memory changes cannot reset an opaque transport obstruction
ok 1193 - unrelated policy-memory changes cannot reset an opaque transport obstruction
  ---
  duration_ms: 6.387458
  type: 'test'
  ...
# (node:98019) ExperimentalWarning: Module mocking is an experimental feature and might change at any time
# (Use `node --trace-warnings ...` to show where the warning was created)
# Subtest: diagnostic reads preserve the active cancellation controller and root transport failures close storage
ok 1194 - diagnostic reads preserve the active cancellation controller and root transport failures close storage
  ---
  duration_ms: 30.5375
  type: 'test'
  ...
# Subtest: ghost publishes a completely closed companion before another close fails
ok 1195 - ghost publishes a completely closed companion before another close fails
  ---
  duration_ms: 11.633125
  type: 'test'
  ...
# Subtest: gray publishes a completely closed companion before another close fails
ok 1196 - gray publishes a completely closed companion before another close fails
  ---
  duration_ms: 3.285667
  type: 'test'
  ...
# Subtest: OCR rejects malformed success envelopes as transport without publishing undefined
ok 1197 - OCR rejects malformed success envelopes as transport without publishing undefined
  ---
  duration_ms: 0.529542
  type: 'test'
  ...
# Subtest: OCR aborts and drains companion input before releasing the batch or recreating a worker
ok 1198 - OCR aborts and drains companion input before releasing the batch or recreating a worker
  ---
  duration_ms: 51.317584
  type: 'test'
  ...
# Subtest: energy keeps its failed worker envelope until pending I/O drains
ok 1199 - energy keeps its failed worker envelope until pending I/O drains
  ---
  duration_ms: 9.342459
  type: 'test'
  ...
# Subtest: ghost keeps its failed worker envelope until pending I/O drains
ok 1200 - ghost keeps its failed worker envelope until pending I/O drains
  ---
  duration_ms: 8.275416
  type: 'test'
  ...
# Subtest: gray keeps its failed worker envelope until pending I/O drains
ok 1201 - gray keeps its failed worker envelope until pending I/O drains
  ---
  duration_ms: 8.063292
  type: 'test'
  ...
# {"i":0,"grayMax":0.0000457763671875,"normalizedMax":0.0000019073486328125,"stats":{"width":1312,"height":768,"mean":127.53336334228516,"inverseStd":0.0351768359541893,"reads":13,"normalization":"one global InstanceNorm; float64 moment reduction, float32 tensor"}}
# Subtest: XFeat native global preparation 1317x789
ok 1202 - XFeat native global preparation 1317x789
  ---
  duration_ms: 50.515
  type: 'test'
  ...
# {"i":1,"grayMax":0,"normalizedMax":3.5762786865234375e-7,"stats":{"width":128,"height":96,"mean":127.01543426513672,"inverseStd":0.023393873125314713,"reads":2,"normalization":"one global InstanceNorm; float64 moment reduction, float32 tensor"}}
# Subtest: XFeat native global preparation 128x96
ok 1203 - XFeat native global preparation 128x96
  ---
  duration_ms: 3.352083
  type: 'test'
  ...
# {"i":2,"grayMax":0.000030517578125,"normalizedMax":0.0000014603137969970703,"stats":{"width":96,"height":128,"mean":126.6103286743164,"inverseStd":0.03513143211603165,"reads":3,"normalization":"one global InstanceNorm; float64 moment reduction, float32 tensor"}}
# Subtest: XFeat native global preparation 97x131
ok 1204 - XFeat native global preparation 97x131
  ---
  duration_ms: 6.735708
  type: 'test'
  ...
# Subtest: XFeat preparation releases native allocations after source failure
ok 1205 - XFeat preparation releases native allocations after source failure
  ---
  duration_ms: 2.564584
  type: 'test'
  ...
# Subtest: global paged components, significance, native ordering and closing match the 76 native ZERO cases
ok 1206 - global paged components, significance, native ordering and closing match the 76 native ZERO cases
  ---
  duration_ms: 8007.290083
  type: 'test'
  ...
# Subtest: separate components restore x-major native order and retain edge/halo closing
ok 1207 - separate components restore x-major native order and retain edge/halo closing
  ---
  duration_ms: 121.352625
  type: 'test'
  ...
# Subtest: region refusal and consumer failure release all unpublished stores
ok 1208 - region refusal and consumer failure release all unpublished stores
  ---
  duration_ms: 21.187416
  type: 'test'
  ...
# Subtest: native ZERO luminance/votes and global significance survive row halos, phases and compact storage
ok 1209 - native ZERO luminance/votes and global significance survive row halos, phases and compact storage
  ---
  duration_ms: 4516.261709
  type: 'test'
  ...
# Subtest: JPEG99 global4:4:4 matches every native companion and remains distinct from4:2:0 cache entries
ok 1210 - JPEG99 global4:4:4 matches every native companion and remains distinct from4:2:0 cache entries
  ---
  duration_ms: 3906.542292
  type: 'test'
  ...
# Subtest: global vote ties follow native x-major arrival, not numeric grid order
ok 1211 - global vote ties follow native x-major arrival, not numeric grid order
  ---
  duration_ms: 0.49225
  type: 'test'
  ...
# Subtest: ZERO staged memory refusal and cancellation remove unpublished planes and keep the source usable
ok 1212 - ZERO staged memory refusal and cancellation remove unpublished planes and keep the source usable
  ---
  duration_ms: 59.540375
  type: 'test'
  ...
# Subtest: ZERO votes, detected/regularized masks and five views match native; significance preserves every decision
ok 1213 - ZERO votes, detected/regularized masks and five views match native; significance preserves every decision
  ---
  duration_ms: 3546.954667
  type: 'test'
  ...
# Subtest: ZERO original-order CPU override agrees with the optimized threshold filter on a native positive case
ok 1214 - ZERO original-order CPU override agrees with the optimized threshold filter on a native positive case
  ---
  duration_ms: 2380.545583
  type: 'test'
  ...
# Subtest: ZERO significance retains native threshold decisions on 413 boundary samples
ok 1215 - ZERO significance retains native threshold decisions on 413 boundary samples
  ---
  duration_ms: 7.18325
  type: 'test'
  ...
# Subtest: ZERO refuses an excessive working set before allocation and leaves a constrained engine usable
ok 1216 - ZERO refuses an excessive working set before allocation and leaves a constrained engine usable
  ---
  duration_ms: 4.556417
  type: 'test'
  ...
# Subtest: Compact RGB8 luminance conversion matches the native rounding of all 16,777,216 colors
ok 1217 - Compact RGB8 luminance conversion matches the native rounding of all 16,777,216 colors
  ---
  duration_ms: 543.759666
  type: 'test'
  ...
1..1217
# tests 1217
# suites 0
# pass 1215
# fail 0
# cancelled 0
# skipped 2
# todo 0
# duration_ms 245240.618
